interpolated_x,interpolated_y
3.4401913311856402,2.9663241233275017
2.785854595612023,3.722519347766042
2.131517860038404,4.478714572204581
1.4771811244647801,5.234909796643116
0.8228443888911653,5.991105021081658
0.16850765331753492,6.747300245520188
-0.4858290822560356,7.503495469958768
-1.1401658178298681,8.259690694397126
-1.7945025534025567,9.015885918836457
-2.4488392889800927,9.772081143271658
-3.1031760245374476,10.528276367724061
-3.7575127601779394,11.284471592105596
-4.411849495478824,12.040666816776609
-5.066186232156716,12.796862040273888
-5.720522963286676,13.55305726850011
-6.37485971664776,14.309252477776988
-7.029196381345816,15.065447762628363
-7.683533398195906,15.821642747312765
-8.345410648207363,16.57115452006665
-9.022500029688924,17.307090976630093
-9.69621097411647,18.046053065391156
-10.370828018241252,18.78420427334237
-11.045202116535718,19.52257294134794
-11.719641368755836,20.260883292927826
-12.394063146264461,20.999209285705987
-13.068489611100173,21.737531082985736
-13.742914818751597,22.4758540053881
-14.41734036289064,23.214176627270817
-15.091765818796492,23.952499325547237
-15.76619129440952,24.690822016124834
-16.44061676574593,25.429144672331276
-17.115042285856735,26.1674674315334
-17.79350976947746,26.902097517339527
-18.482007046833427,27.62720460020232
-19.168479922607858,28.354276184108183
-19.855300591648568,29.081013164294085
-20.542772669929718,29.807114960463814
-21.23372752113452,30.52982136093597
-21.950297130658292,31.227397128665977
-22.666833161411958,31.924923093553694
-23.383671228806,32.622164176629596
-24.10039338239037,33.319517391203924
-24.817155970785567,34.016830970131984
-25.53390521263626,34.714157739170176
-26.25065870397683,35.41148028518992
-26.96741087558867,36.10880414800106
-27.684163451690726,36.8061276059406
-28.400915897682633,37.50345119459557
-29.117668412056645,38.20077471392024
-29.8344208051682,38.89809835718647
-30.551173573890427,39.59542161601591
-31.267925103508468,40.292746143314766
-31.984680686672245,40.99006652053073
-32.70142326176086,41.68740021745892
-33.41820647454938,42.384692294960814
-34.13486754081093,43.082109503368564
-34.8518742868419,43.77917239138317
-35.56801153379504,44.47712698094546
-36.2863337900762,45.172827037998616
-37.01018228287027,45.862746765367106
-37.73493217126787,46.551694906401295
-38.45904837915107,47.241324382399426
-39.18345836826533,47.93063887552313
-39.907708946174,48.620124097521014
-40.63216900791211,49.30938503894433
-41.3561064586992,49.99920568405008
-42.08196848553848,50.68695436312041
-43.197301236095,51.68928849551079
-43.952277013763094,52.34498182523443
-44.707953292079196,52.999896934256434
-45.463441010980524,53.65502158166484
-46.218979501090786,54.310089805461686
-46.97450431889345,54.96517322562756
-47.730032819158076,55.62025255238079
-48.48556032746119,56.27533298192777
-49.2410881029572,56.93041311439329
-49.99661580668965,57.58549332665481
-50.752143528872104,58.2405735184181
-51.507671249463044,58.895653711872654
-52.263198957635446,59.55073391944016
-53.01872671798459,60.205814067831035
-53.774254278631865,60.86089444268784
-54.529782599046904,61.51597395595121
-55.28530802946382,62.171056746545915
-56.04084445481155,62.82612706815669
-56.79633903901376,63.48124483672564
-57.55199284811198,64.13618198526929
-58.31138402207408,64.78681438982034
-59.07925070527088,65.42730880521844
-59.84477920355802,66.07065459157954
-60.610949263207466,66.71322208158277
-61.376943865946416,67.35600271509622
-62.142986525996676,67.99872498990106
-62.909016010947695,68.64146326579822
-63.67504914560931,69.28419710805122
-64.44108113312399,69.92693234829113
-65.20711398826734,70.56966651674664
-65.97314451778482,71.21240357723698
-66.7391835672734,71.85513003748684
-67.50519051621384,72.497896428981
-68.27131868224711,73.14051206438876
-69.04313996723349,73.7760869320233
-69.84579069704711,74.37253132966342
-70.64816965127706,74.96922461871006
-71.45088988745619,75.56549900042265
-72.25348578204871,76.16192896729638
-73.0561238097111,76.75830563580169
-73.8587481749814,77.3546997108856
-74.66137687824445,77.95108822949692
-75.46400409579024,78.54747866493733
-76.26663227732728,79.14386783358452
-77.06925844949993,79.74025967729747
-77.87189089187133,80.3366431454169
-78.67450311624765,80.93305368292386
-79.47717932707127,81.52937829799899
-80.27965942943628,82.12596734866122
-81.08271198560013,82.72177937959387
-81.88436943827011,83.31951415092229
-82.69307237410698,83.90756513322964
-83.50800576795748,84.48709122427624
-84.3211959019512,85.06902623458583
-85.1349452739712,85.65018469987112
-85.94851998933716,86.23158658681541
-86.76214869507486,86.81291299939478
-87.57575903340847,87.39426522205416
-88.38938249075119,87.9755987374751
-89.20297435193875,88.55697769348629
-90.01667578627362,89.13819885295251
-90.82998314292007,89.71998778636191
-92.05609840028933,90.5838824980739
-92.8813019430033,91.14873281541108
-93.70601299762848,91.71427934984858
-94.53078268824152,92.27974678713213
-95.35555630124605,92.84520667898269
-96.18032360356273,93.41067629394533
-97.00509400620446,93.97614124013714
-97.8298632004901,94.54160799021629
-98.65463281972254,95.1070741088216
-99.47940229802893,95.67254043625356
-100.30417182121136,96.2380066973065
-101.12894133084154,96.80347297840788
-101.9537108435796,97.36893925480885
-102.7784803573133,97.93440553014622
-103.60324987068358,98.49987180458913
-104.42801935773036,99.06533812288504
-105.25278905083405,99.63080411966587
-106.07755757121245,100.19627190743883
-106.9023319753303,100.76173080458706
-107.72707879635037,101.32723111708924
-108.55194955033917,101.89254612906146
-109.37627943258842,102.45866737231128
-110.209855605272,103.0105072561951
-111.06732749012158,103.52509116777703
-111.92068034431463,104.04608288742097
-112.78005098056248,104.5573963727625
-113.64537082407182,105.05858996364918
-114.5092753422455,105.56224566673299
-115.37357904432346,106.06521027464619
-116.23777086522966,106.56836877292639
-117.10199401316726,107.07147300655087
-117.96620840727023,107.57459240247127
-118.83042524352494,108.07770756906852
-119.69464139973815,108.5808239132169
-120.55885774419716,109.08393993144884
-121.42307403986095,109.58705603411944
-122.28729033573025,110.0901721365675
-123.15150668232364,110.59328815071899
-124.01572282154709,111.09640452564612
-124.87993975386121,111.59951952102405
-125.7441536680543,112.10263976551673
-126.60837905995517,112.6057400506985
-127.47256081744415,113.10891620275163
-128.33690839459865,113.61180406297106
-129.20064817747476,114.11574824534455
-130.067846806591,114.61367302726156
-130.93924602368028,115.10425866345167
-131.80974438791094,115.59642105409173
-132.6804880818524,116.08815413978621
-133.55116500083534,116.58000409702701
-134.42186009221646,117.07182224604887
-135.29255023945638,117.56364904994888
-136.1632417308028,118.0554735007336
-137.03393286001932,118.54729858556679
-137.90462407346996,119.03912352285926
-138.7753153226153,119.5309483977727
-139.64600632291615,120.02277370818754
-140.51669835979396,120.51459720354939
-141.38738621297796,121.00642802745311
-142.25809083139137,121.49822947008755
-143.1287285569356,121.99014813760687
-143.9996317183177,122.48160092174575
-144.86993444745627,122.97410215458176
-145.74870747013966,123.45112534076374
-146.628415701238,123.92634550090676
-147.5076916637422,124.40239933064598
-148.38774170195606,124.87696684871733
-149.71411952496766,125.57650675275457
-150.61423802631637,126.01212786733853
-151.51603589099358,126.44428396798557
-152.41729605679652,126.87756309166619
-153.31875558360088,127.31042628116109
-154.22014689218935,127.74343175152828
-155.12156044629182,128.17639083748188
-156.02296697697324,128.6093645655335
-156.92437567433996,129.04233377717202
-157.82578371485357,129.47530435787132
-158.7271919517754,129.908274529236
-159.62860013073208,130.34124482139333
-160.53000832620017,130.77421507916335
-161.4314165185359,131.2071853433842
-162.33282470603913,131.64015561796026
-163.23423291446028,132.0731258478814
-164.13564105106994,132.50609623143055
-165.0370494274402,132.9390661004544
-165.93845701582228,133.37203766725926
-166.83986714599195,133.8050037289016
-167.74126927936112,134.2379872343562
-168.64269569893247,134.6709172144277
-169.54405222268383,135.1040037510954
-170.44559216289957,135.53666722551998
-171.3472258155279,135.96926487237118
-172.26095448730229,136.37521270448508
-173.17826464556475,136.7732396885976
-174.09490876126716,137.17274628019806
-175.0117338881626,137.5718508423301
-175.92851376340093,137.97105606014196
-176.84528869561896,138.37027167527032
-177.7621356906953,138.7693293113768
-178.67893773560638,139.16847839158174
-179.60125838229226,139.55490714718135
-180.5234800181781,139.94156434279054
-181.44572824228476,140.3281601887529
-182.36796932639706,140.71477251079864
-183.2902123278696,141.10138040805157
-184.21245481445993,141.4879894936155
-185.13469743931375,141.87459826005312
-186.05694002704212,142.26120711218638
-186.97918262472842,142.64781594133308
-187.90142521978464,143.0344247765483
-188.82366781537854,143.42103361053472
-189.74591041147295,143.8076424433175
-190.6681530049699,144.1942512822822
-191.59039560856536,144.58086009722132
-192.51263817358466,144.96746900394828
-193.434880885721,145.35407756057674
-194.3571230370968,145.740687451846
-195.2793673249725,146.12729225745028
-196.20160347504273,146.51391643646036
-197.12358304555661,146.9011507656868
-198.0452760771741,147.28906613449993
-198.96704839632395,147.6767930625004
-199.8887990222747,148.0645715562769
-200.81055558132485,148.45233594541176
-201.7323105183368,148.8401041910018
-202.65406589862584,149.22787138257897
-203.5758211578193,149.6156388621221
-204.49757645008197,150.0034062630191
-205.41933173331725,150.39117368538723
-206.34108701901604,150.77894110189558
-207.2628423040428,151.16670852000237
-208.18459758925286,151.55447593767337
-209.1063528744126,151.9422433554639
-210.02810815958668,152.33001077322038
-210.94986344475564,152.71777819098912
-211.87161872993028,153.10554560874425
-212.7933740150877,153.49331302654033
-213.71512930030747,153.88108044418766
-214.63688458529518,154.26884786238918
-215.55863987114847,154.65661527852376
-216.4803951537752,155.04438270236275
-217.40215044842694,155.4321500974883
-218.32390569826163,155.81991759962867
-219.24566111513218,156.20768470291875
-220.16741590945088,156.59545329274331
-221.08917302641487,156.98321633653097
-222.01114178676914,157.3704727850395
-222.93338427428068,157.7570717417181
-223.85555572145933,158.14384158916192
-224.77774739048604,158.53056280777014
-225.6999333244484,158.91729781900625
-226.62212088021803,159.30402892993237
-227.54430797861264,159.69076114081324
-228.46649520562443,160.07749304237876
-229.38868239676933,160.46422503020318
-230.31086959705667,160.8509569960345
-231.2330567982181,161.23768895978668
-232.15524398614767,161.624420955275
-233.07743122692503,162.01115282398717
-233.99961826695278,162.39788517429693
-234.92180606671008,162.7846157019565
-235.84399099251993,163.17135312465837
-236.76618679318548,163.558064455968
-237.68965184083555,163.9417295278733
-238.61475047662532,164.3214652190813
-239.5393420769828,164.7024218827105
-240.46407248982325,165.08304429093818
-241.38876492770413,165.46375816909904
-242.3134677508259,165.84444702741726
-243.2381677350424,166.22514272662568
-244.16286849500273,166.6058365561534
-245.0875690430672,166.98653089648758
-246.01226964899058,167.36722509731803
-246.93697023912088,167.74791933623408
-247.86167083356065,168.12861356475582
-248.7863714268248,168.50930779611372
-249.71107202040946,168.8900020266981
-250.63577261390685,169.27069625749328
-251.5604732074272,169.651390488233
-252.4851738009466,170.03208471897483
-253.40987439443919,170.41277894978214
-254.33457498806538,170.79347318026393
-255.259275581089,171.17416741221302
-256.18397617674566,171.55486163775095
-257.10867676114253,171.93555589070556
-258.03337739291175,172.3162500283123
-258.9580778279131,172.69694464503021
-259.8827790718009,173.07763729217658
-260.8074770185591,173.45833796732188
-261.73218740771495,173.8390083445446
-262.6568145937194,174.21988121336
-263.5813987967755,174.60085858804814
-264.5059940534197,174.98180909445986
-265.4305861583151,175.36276726234146
-266.35517915861436,175.74372325364754
-267.279771905552,176.12467986082572
-268.2043647232226,176.50563629610338
-269.12895752409406,176.88659277206642
-270.0535503176594,177.26754926635238
-270.9781431595568,177.64850564104944
-271.90273580996575,178.02946248906767
-272.82732919755256,178.41041751584913
-273.75191975514815,178.7913795311327
-274.6765211669498,179.17231475361086
-275.6010809773857,179.55335262170382
-276.5258001060148,179.9339974965847
-277.45033179925827,180.31510473213598
-278.37984049776105,180.68388841627612
-279.3092713972714,181.05286476729393
-280.2387234355441,181.42178876549627
-281.1681697312283,181.79072698712912
-282.0976175867168,182.15966134509614
-283.027065018596,182.52859675243081
-283.95651256550104,182.8975318748017
-284.8859600811767,183.2664670745456
-285.81540760532994,183.6354022532841
-286.74485512718246,184.00433743772368
-287.6743026496591,184.37327262061658
-288.60375017196645,184.74220780392915
-289.5331976943196,185.11114298712812
-290.4626452166606,185.48007817035733
-291.39209273900474,185.84901335357856
-292.3215402613479,186.21794853680234
-293.25098778369136,186.58688372002527
-294.18043530603484,186.95581890324814
-295.10988282837866,187.32475408647025
-296.0393303507216,187.69368926969446
-296.9687778730631,188.0626244529223
-297.89822539542604,188.43155963609723
-298.8276729176526,188.80049481961012
-299.7571204406007,189.1694300013313
-300.686567960055,189.5383651917357
-301.6160154955473,189.90730034226073
-302.54546295996715,190.2762356695705
-303.4749107316004,190.64517023252787
-304.40435719964637,191.0141080393709
-305.33380911989025,191.38303227582693
-306.26323848952325,191.75201263331783
-307.19276017723473,192.1207630305903
-308.1219139704642,192.49042738614693
-309.05349625253734,192.85395354975904
-309.98614385764404,193.21470658279534
-310.91851616042607,193.57618124830287
-311.85096730554926,193.9374495761978
-312.78339599222306,194.29877669831933
-313.71583106541516,194.66008710388684
-314.6482642951921,195.02140233357989
-315.5806981880029,195.38271583129747
-316.51313132304267,195.7440312995767
-317.44556694800656,196.10534029882695
-318.3779928302728,196.46667461666462
-319.3104572499786,196.82790873677038
-320.24383229219495,197.18673990295673
-321.1787686381199,197.54137090418266
-322.5941508442586,198.03588519306476
-323.54657725193385,198.34039934903416
-324.50019080239827,198.64134083932726
-325.4535540043436,198.94303702306667
-326.40698520508226,199.24452816544135
-327.36039697026524,199.5460779893744
-328.3138174345677,199.8476013352269
-329.26722450504803,200.14916587223718
-330.2206696250064,200.45061308022508
-331.1740012777359,200.75241060189472
-332.12765408043094,201.05321453300738
-333.08049487251225,201.35653582747858
-334.03528027539295,201.6536950422974
-334.99404996132114,201.93778127792558
-335.95317705078037,202.22051373869508
-336.91197768219797,202.5044297910122
-337.8709302280131,202.78780288343336
-338.8298248600164,203.07138198581717
-339.7887396559262,203.35488956004104
-340.7476476867855,203.63842110158447
-341.70655830954286,203.92194343010308
-342.66546658369,204.2054742367407
-343.6243809468108,204.48898285152256
-344.5832749041226,204.7725661278526
-345.54223870031166,205.05589296191567
-346.5009647222355,205.3400964701444
-347.46079507187403,205.62020275509224
-348.91746834039463,205.97289357579274
-349.4032499349962,206.0917751021093
-350.38325758897633,206.28968459770982
-351.3660097687951,206.47476651932607
-352.3479740945131,206.66365394954823
-353.3301903285284,206.85130128041118
-354.312328183869,207.03933996792614
-355.29448995980897,207.22725796418612
-356.2766445410746,207.41521255842423
-357.25880127233984,207.6031561409834
-358.2409573277604,207.79110321594317
-359.22311372632487,207.97904847321792
-360.20526953982323,208.1669969032216
-361.1874271139361,208.35493574263222
-362.16957906511766,208.54290524604193
-363.15174864519975,208.73077850652984
-364.1338649027556,208.91894330277682
-365.1161335563592,209.10627250815065
-366.09800699325626,209.2957746070274
-367.5737565196362,209.5604349164792
-368.56781436312485,209.6704927944949
-369.5606067694398,209.78853373578318
-370.55380763920175,209.90376082882847
-371.5468963357588,210.01976239473765
-372.5400135940383,210.13557052716664
-373.5331339817343,210.25133938094908
-374.5262053053978,210.3675171791968
-375.5204614159235,210.47411325762357
-376.5167544738506,210.55918990533547
-377.51266460424847,210.6491337519117
-378.50869101171963,210.73764433871045
-379.504683710889,210.8265740923406
-380.50068621428767,210.91538204545677
-381.49668588297277,211.00422527792057
-382.4926863873976,211.09305803377464
-383.4886865678909,211.1818951051641
-384.48468718154845,211.2707257293109
-385.48068630748236,211.3595788143689
-386.47669129603975,211.44834417120265
-387.4726729894421,211.53745447014376
-388.46874675194107,211.6252106254076
-389.46448213841705,211.71894287937153
-390.9623758228605,211.7844515160013
-391.9618912450094,211.81438300700808
-392.9613438743967,211.8458115543816
-393.9608270673017,211.87650749468196
-394.96029788798705,211.90751150264015
-395.95977488298035,211.93833137776983
-396.95924514260474,211.96944248795765
-397.9587266086425,211.99980642747886
-398.95822163774665,212.03157844024162
-399.95790381151824,212.0497749163501
-400.9577269374525,212.04662152006503
-401.9560465968307,211.98608174141282
-402.95415225319584,211.92585532373917
-403.9522572206105,211.8645106695324
-404.9503729248716,211.80365964475567
-405.9484829665628,211.7426243839946
-406.94659527469867,211.68165241039685
-407.9447067749088,211.62065974668462
-408.94281854596807,211.55967363860043
-409.94093022782477,211.49868546207273
-410.9390419449831,211.43769806152363
-411.93715362658156,211.37670993132892
-412.935265399985,211.31572366227965
-413.9333768858259,211.25473149849762
-414.9314892688179,211.19375805270397
-415.9295989517608,211.13272681034988
-416.92771629235085,211.07186630823878
-417.92581405056546,211.01053640302092
-418.92395063915103,210.95032780737864
-419.9220061095039,210.88739662497264
-420.91843584087735,210.80512252888872
-421.91450270323145,210.71809400062725
-423.4056231417454,210.56481135609454
-424.39349615712763,210.40779145429548
-425.3821330991255,210.25787808681824
-426.370469349015,210.1055491645681
-427.3588907011956,209.95389705385168
-428.3472880740963,209.80205565966358
-429.3356921906783,209.65026711226622
-430.32409441507343,209.49846383364118
-431.3124971693595,209.3466646554351
-432.3008997755181,209.19486433738416
-433.2893024230365,209.04306433592865
-434.27770505895637,208.89126424619351
-435.2661076983422,208.73946418248136
-436.25451033601564,208.58766410665635
-437.24291297643094,208.43586404896405
-438.2313156096062,208.28406394434563
-439.2197182615713,208.13226395956434
-440.2081208733522,207.9804637280663
-441.19652352340995,207.8286636696104
-442.18492644773545,207.67686575980474
-443.17332678570585,207.52504939123276
-444.1617425618242,207.3733409760248
-445.150078299152,207.2210840941002
-446.13871984966954,207.07097014529467
-447.12344328237873,206.89768098283298
-448.10558162517634,206.71200400853516
-449.0886382981595,206.53054150644755
-450.0708126759179,206.34498359926832
-451.5325428740565,206.01547445675004
-452.49807222575987,205.7555638864447
-453.46171012216394,205.48825146700182
-454.425696172543,205.22232724795322
-455.38960668360875,204.95609553063883
-456.3535326836328,204.68992892832108
-457.3174558069069,204.42374950803844
-458.28137935980226,204.15757228185612
-459.2453028889738,203.8913948000369
-460.20922640013634,203.62521729808515
-461.1731499221961,203.35903982378164
-462.13707344141363,203.09286234167956
-463.10099695501526,202.82668484099173
-464.0649204955367,202.56050742831258
-465.02884393362694,202.29432968084814
-465.992767754378,202.02815318399277
-466.95669014785994,201.7619720229141
-467.92061786413115,201.49580825493388
-468.8845257300775,201.22957962809966
-469.848507623915,200.96359285952548
-470.81221344552876,200.69670420401627
-471.7769488241024,200.43317867767018
-472.7364042527968,200.15238900470717
-474.15268793014263,199.6650066455168
-475.08566546395747,199.30937879215367
-476.0195805084477,198.95708359696886
-476.9367210870761,198.55757576509276
-477.8534564086739,198.15842162741987
-478.77147719582206,197.76186329036153
-479.68884845612183,197.36388875352264
-480.6064761401582,196.96648653448693
-481.52401309714,196.56887929632822
-482.4415802666847,196.17134083385002
-483.359137759958,195.77378023526373
-484.2766982694827,195.37622656127084
-485.19425785736564,194.97867076578456
-486.1118177225619,194.58111560995673
-487.0293775054207,194.18356026389145
-487.94693731213823,193.78600497303057
-488.8644971132213,193.38844966909323
-489.7820569113003,192.99089435830973
-490.69961672629734,192.59333908626866
-491.61717648124255,192.19578367693003
-492.5347364417474,191.79822873645725
-493.4522957063706,191.4006722133253
-494.36985730145045,191.00312097147724
-495.2874111943802,190.60555235375324
-496.20499011749314,190.20803987193102
-497.12248948991737,189.81035040457658
-498.04023399296096,189.41320011210834
-498.9572566066434,189.01449069308734
-499.87591924069613,188.61913349306877
-500.78380134696624,188.20099580270977
-501.6854565710141,187.769472202376
-502.589449863449,187.3427866365119
-503.4925961145604,186.91436916233314
-504.39602834025106,186.48653168607945
-505.29936822515106,186.05850788802329
-506.20273708733384,185.63054232940334
-507.10609688521265,185.20255865864715
-508.0094600771142,184.77458155401334
-508.91281987945104,184.34659850460704
-509.8161892207119,183.91863143669678
-510.71952518271604,183.49060912115047
-511.6229801921386,183.0627820961314
-512.5260107517305,182.63426534796622
-513.4308605255703,182.20860508903542
-514.3329705328506,181.77768747417883
-515.6250313794733,181.02518562408568
-516.4587162905543,180.47364635626934
-517.2904149043591,179.9187108190572
-518.1227099718078,179.3647850106779
-518.9548278607048,178.81056135976968
-519.7869979486643,178.25642491724574
-520.6191527674318,177.70226309613074
-521.4513120258459,177.14810862124637
-522.2834700002215,176.59395202985024
-523.1156283438943,176.03979604520464
-523.9477865832057,175.48563988928822
-524.7799448466583,174.93148377406715
-525.612103124093,174.37732767700925
-526.4442613210294,173.82317146603305
-527.2764198213144,173.2690156848701
-528.1085772082613,172.71485833048052
-528.940738669939,172.16070671577103
-529.7728852339025,171.6065341870964
-530.6050862142997,171.0524377750536
-531.4370886283248,170.4980646814613
-532.2698140442371,169.94469474367236
-533.0991035752872,169.38643470606283
-533.9019088867478,168.79073159078519
-534.7096126213657,168.20160295775185
-535.5157765256257,167.6104113014307
-536.3224160439844,167.0198539798299
-537.1289110869478,166.4291045041338
-537.9354494648051,165.83841252475094
-538.7419750235244,165.24770357353444
-539.5485041792155,164.65699936235106
-540.3550328992394,164.06629463675225
-541.1615596373716,163.47558706143298
-541.9680940850852,162.88489055475395
-542.7746024837372,162.2941562541887
-543.5811965656222,161.70354809098654
-544.3874999376405,161.11250669457064
-545.185073415143,160.5103066231399
-546.6694814751133,159.18135776696226
-547.378698794837,158.47725666174568
-548.083013516635,157.7678384998322
-548.7882677292419,157.05944789632696
-549.4933292655554,156.35084406272523
-550.1984267378659,155.64228085061194
-550.9035187512301,154.93371114156352
-551.6086111193453,154.22514200754094
-552.313703686754,153.51657302915442
-553.0187961226159,152.80800392684023
-553.7238886143203,152.09943487939904
-554.4289810861599,151.39086581210833
-555.1340735626486,150.6822967493846
-555.8391660449104,149.97372769298306
-556.5442585002147,149.26515860755023
-557.249351049986,148.5565896239332
-557.9544432783794,147.84802029316177
-558.659536587424,147.139452133024
-559.3646263067162,146.43088007051142
-560.0697277710738,145.72232083333955
-560.7747915578359,145.0137202092721
-561.479973025011,144.3052499103814
-562.184800726501,143.59638315675468
-562.890628476407,142.88865940255727
-563.5909538320079,142.17492769280426
-564.2643451146139,141.43608427594762
-564.9339569191087,140.6936342900908
-565.6063819672004,139.95368512780067
-566.2775648490691,139.21263720136284
-566.9492113471313,138.4719976948254
-567.6206987733593,137.73121831895514
-568.2922381214782,136.9904845381174
-568.9637610770008,136.2497363748203
-569.6352890864921,135.50899264286727
-570.3068155653096,134.76824756947912
-570.9783425013388,134.02750289661958
-571.6498693023041,133.2867581054784
-572.3213961428082,132.54601334895415
-572.9929229718248,131.8052685823745
-573.6644498041576,131.06452381869718
-574.3359766355386,130.323779054187
-575.0075034671918,129.58303428991485
-575.679030298767,128.84228952557444
-576.3505571303648,128.10154476125396
-577.0220839619548,127.36079999692659
-577.6936107935529,126.62005523260649
-578.3651376251262,125.87931046826404
-579.0366644567914,125.13856570400401
-579.7081912881074,124.3978209394318
-580.3797181207519,123.65707617604627
-581.0512449483474,122.91633140815257
-581.7227717951223,122.17558665737697
-582.3942985690624,121.43484184161906
-583.0658256195073,120.6940972724642
-583.7373516205853,119.95335176775819
-584.4088816029107,119.21260981126082
-585.0803964850463,118.47185440151134
-585.7519686231733,117.73114998651626
-586.4233237212972,116.99025232644397
-587.0955013249239,116.25008677637194
-587.76122254188,115.5042569010698
-588.705310050707,114.3443632800123
-589.256257951449,113.51005411263404
-589.8091697776456,112.67769236357283
-590.3587282296271,111.84278906743103
-590.9095392401285,111.00881354922578
-591.4594756354311,110.17422017605197
-592.0107674863859,109.34054215313398
-592.558853864751,108.50480081446244
-593.0794470488197,107.65087684646193
-593.5951175938546,106.79418023139246
-594.1131757917958,105.93884515636955
-594.6302952856095,105.0829662379254
-595.1477466120987,104.22728074537983
-595.6650875130433,103.37153061873869
-596.1824637702987,102.5158012423989
-596.6998290078726,101.66006538609363
-597.2171976124249,100.80433151257584
-597.7345652042729,99.94859704205112
-598.251933095589,99.09286274805281
-598.7693009031369,98.23712840529164
-599.2866687252224,97.38139406851975
-599.8040365557251,96.52565974632009
-600.3214044279783,95.66992541336421
-600.838771781881,94.81419090482754
-601.356142450314,93.95845787265074
-601.8734955861959,93.1027162591245
-602.3909334406817,92.24701814740422
-602.9079830624672,91.39111482621104
-603.4267505405872,90.5361375744691
-603.9377950791909,89.67693644048936
-604.6385252329392,88.35402924733464
-605.0476753302046,87.4417265126907
-605.4613353229772,86.53196954060053
-605.8733436278346,85.62134072033783
-606.285760179591,84.7109309750503
-606.6983399496654,83.80058791010529
-607.1100750083929,82.88986613808868
-607.5239579913703,81.98006800979884
-607.9292034916567,81.06655839046451
-608.297944560351,80.13691383724569
-608.6708131955463,79.20915034154373
-609.0427235742627,78.28093982893378
-609.4148509805484,77.35283368830167
-609.7869308869936,76.42470370626128
-610.1590206636693,75.49657900570668
-610.5311085619389,74.56845318679413
-610.9031967579999,73.64032758793755
-611.2752849293904,72.71220195146788
-611.6473730926075,71.78407631935032
-612.0194612619791,70.85595068760219
-612.3915494286389,69.92782505534342
-612.7636375963101,68.9996994233318
-613.1357257636346,68.07157379122458
-613.5078139310697,67.14344815914984
-613.8799020984811,66.2153225270689
-614.2519902658576,65.28719689497292
-614.6240784333932,64.35907126294137
-614.9961666003635,63.43094563068124
-615.3682547693039,62.50281999921996
-615.7403429314174,61.57469436498127
-616.1124311170389,60.646568740344605
-616.4845192223038,59.7184430827305
-616.8566075998663,58.79031753749724
-617.2286950644306,57.862191612849564
-617.6007855502303,56.934066954593746
-617.972866204871,56.00593812967625
-618.3449781479122,55.077822762004004
-618.7169935271825,54.14966500083629
-619.0892937170646,53.22163618499131
-619.4606746676002,52.293181747203015
-619.8186665203593,51.35978914601551
-620.2676816512678,49.932082430097225
-620.523603248093,48.96588307660772
-620.7784777337133,47.99934355516808
-621.0337428887051,47.03292766716254
-621.28887410157,46.066469936442715
-621.5440479206115,45.10002560695283
-621.7992117197114,44.13357733483795
-622.0543701929761,43.167130623446155
-622.3095443753887,42.2006769215656
-622.5647271542052,41.23426945140315
-622.819344364937,40.26753374310079
-623.0524830046297,39.29538382067045
-623.257606594594,38.31678235933053
-623.4727277209424,37.3402792221476
-623.6842333682291,36.36301902417756
-623.8969597274709,35.386012247139355
-624.1092914918429,34.40892388587815
-624.3217471006848,33.43186104627259
-624.5341646679506,32.45479038562014
-624.7465937311533,31.47772208406261
-624.9590193648839,30.500653079787874
-625.1714460118498,29.523584282832175
-625.3838723534432,28.546515423649094
-625.5962988407949,27.56944659341869
-625.8087249818178,26.592377695711736
-626.0211527006143,25.61530910738155
-626.2335731668061,24.638239088488316
-626.44602589227,23.66117545895027
-626.6583387636977,22.68408404751868
-626.8712464239345,21.70711106336848
-627.081426977665,20.729594157529718
-627.418679012312,18.76177471723252
-627.4922965004798,18.267220564280045
-627.6039666804068,17.273769591211348
-627.7132201276554,16.279931569247744
-627.8232922059249,15.28621949449608
-627.9330990178655,14.292467647515123
-628.0429892253829,13.298728069762554
-628.1528538010091,12.304984773947307
-628.2627260587017,11.311242581458131
-628.3725962715521,10.317500093330786
-628.482466243024,9.323757587710997
-628.592339121863,8.330015434140691
-628.7022017707815,7.3362720418051275
-628.8120978783782,6.342532655182472
-628.9218875259876,5.348780733857545
-629.0320052028551,4.355066510349552
-629.1411587308244,3.3612457924766534
-629.2529039636115,2.367691511357156
-629.3557914494279,1.373283521808154
-629.429584540889,0.3760077232037246
-629.5039844387288,-0.6210619872448205
-629.5788987060378,-1.6181490449838947
-629.6534922924491,-2.615242522951464
-629.7282208413405,-3.6123313712306766
-629.802900068082,-4.609422245886397
-629.8775960561522,-5.606512362896701
-629.9522866168977,-6.603602751767847
-630.0269785393186,-7.60069302450448
-630.1016724864857,-8.59778336823441
-630.1763523729683,-9.59487381777264
-630.2511028777699,-10.591962797075768
-630.3255237977812,-11.58906118565507
-630.4014213027067,-12.586109722729201
-630.4702704273075,-13.583424662740638
-630.4841714654233,-15.579123955898295
-630.4506688978893,-16.578222570040126
-630.4110907261713,-17.57718223876499
-630.3717538674264,-18.576149924637846
-630.3324973514071,-19.57511784440589
-630.2931842520882,-20.5740855634675
-630.2538936893451,-21.573051838946192
-630.2145562637966,-22.57202388676422
-630.1755616725795,-23.570977113316697
-630.1340108080278,-24.56997307852413
-630.071239744485,-25.56786152319372
-629.9902422792075,-26.564440017571236
-629.9171112908177,-27.561698328698917
-629.8409942146966,-28.558700025717265
-629.765912726547,-29.555791691463984
-629.6904906479999,-30.55285365557082
-629.6151767480068,-31.549925084453157
-629.5398293269823,-32.54699357397621
-629.4644921034751,-33.54406295923677
-629.3891518216062,-34.541132075489664
-629.313812446976,-35.538201271635955
-629.2384728043485,-36.535270444133495
-629.1631332451777,-37.53233962410129
-629.0877936426623,-38.529408799836744
-629.0124541214444,-39.52647798426457
-628.9371143303972,-40.5235471392225
-628.8617754978574,-41.520616399859705
-628.7864332474423,-42.517685280240265
-628.7111031631633,-43.51475552741799
-628.6357298773178,-44.51182086922307
-628.5605095833712,-45.50890378663293
-628.4847491288983,-46.505923845609786
-628.4108893735743,-47.50316825323117
-628.3297979529593,-48.49955098841374
-628.1103513440044,-49.98030731232571
-627.9252642151646,-50.962621259700384
-627.7323566161092,-51.943550462807735
-627.5402082233179,-52.924555636821026
-627.3479071873281,-53.90554881972921
-627.1556328750331,-54.886542842944074
-626.9633554656389,-55.86753732582992
-626.7710766544644,-56.848531296540436
-626.5788027502106,-57.82952621955373
-626.3865131023688,-58.81051826490697
-626.1942753925784,-59.79151982806766
-626.0018674723102,-60.77248989712646
-625.8100083713841,-61.75356278617816
-625.6164193051256,-62.73430551723554
-625.4256269039317,-63.71565823537177
-625.1992383203956,-64.68951610449597
-624.9715000556102,-65.66321855036827
-624.7445950938074,-66.63708223583305
-624.5173366461653,-67.61087129810531
-624.2902077305838,-68.58468885340804
-624.0630348089999,-69.55849651148895
-623.8358761631375,-70.53230742655117
-623.6087130284336,-71.50611730731521
-623.3815512737986,-72.47992750838596
-623.1543891020854,-73.45373761212227
-622.9272270544614,-74.42754774491907
-622.7000649715252,-75.40135786951386
-622.4729028935919,-76.3751679948968
-622.2457408357359,-77.34897812649018
-622.0185786855861,-78.32278823076116
-621.7914169076513,-79.29659844371108
-621.5642536478257,-80.27040822860118
-621.337096260927,-81.24421969396955
-621.1099156813935,-82.21802457899356
-620.8828264038672,-83.19185517147548
-620.6553786938543,-84.16558553598028
-620.4293343635168,-85.13970583363559
-619.9859230053839,-86.56865657334279
-619.6360485023952,-87.50529718508761
-619.2878472031787,-88.44223171484259
-618.9405315321069,-89.37941137561893
-618.5934319317621,-90.31665458260728
-618.2448371001285,-91.25347081975862
-617.8694575343764,-92.18027094687965
-617.4937563942469,-93.10702453683612
-617.1184412719135,-94.03391384874497
-616.7429403030721,-94.96073381430139
-616.3675112244409,-95.88758125900664
-615.9920569664075,-96.81441896191862
-615.6166110401412,-97.74125991267907
-615.2411624574573,-98.66809982268477
-614.8657146978121,-99.59494005628798
-614.4902666960367,-100.52178019456781
-614.1148187358943,-101.44862034877522
-613.7393708732333,-102.37546054339765
-613.363922595297,-103.30230056698157
-612.9884757939823,-104.2291411993128
-612.6130238331275,-105.15597970109354
-612.237589794335,-106.08282561778472
-611.8620938528595,-107.00964586582043
-611.4868103437661,-107.93655443014325
-611.1108034710792,-108.86316128715477
-610.737144789379,-109.79075239719619
-610.3417724905664,-110.70902136861278
-609.9369474773969,-111.62295739204265
-609.5338364202066,-112.53768258468827
-609.1304643295884,-113.45229149762127
-608.7271093656161,-114.3669065305182
-608.3237674373121,-115.28152854044556
-607.9204037797631,-116.1961391017189
-607.5170982163563,-117.11078095634221
-607.1135986784743,-118.02531713587324
-606.7098286237776,-118.93986919419062
-606.0323543934562,-120.27627615738345
-605.5500078941602,-121.15209066080983
-605.0629708800457,-122.02551335689577
-604.577075594322,-122.8995139444672
-604.0909035026342,-123.77337581300426
-603.604797772274,-124.64727053848412
-603.118676351568,-125.5211576157464
-602.6325585749216,-126.3950464328014
-602.146439971894,-127.26893486659738
-601.6603215501088,-128.14282338088
-601.1742030905077,-129.01671187953545
-600.6880846382167,-129.89060038081954
-600.2019661845243,-130.76448888170253
-599.7158477317591,-131.6383773830159
-599.2297292761338,-132.51226588270384
-598.7436108306047,-133.38615438823177
-598.2574923497689,-134.2600428732512
-597.7713739916082,-135.13393142979209
-597.2852552096551,-136.0078197382195
-596.7991378822786,-136.88170890241412
-596.3130156003543,-137.75559513478845
-595.8269100404694,-138.62949133145366
-595.3407486720192,-139.50335398707824
-594.8547709620973,-140.37732820495552
-594.3681996795466,-141.25093671660642
-593.8758068611985,-142.1213415685914
-593.3452420314529,-142.96859757271068
-592.8077987823042,-143.81164303945002
-592.2722671444824,-144.65585774402768
-591.7364340929871,-145.49989035923255
-591.1998220506734,-146.34343800828884
-590.6658773504879,-147.18865329713054
-590.1241043985625,-148.02887772847623
-589.5651871685625,-148.8581845002244
-589.0071943136858,-149.6879927155353
-588.4494017848862,-150.51797173703176
-587.8914339472886,-151.34782262046454
-587.3335456568282,-152.1777299306868
-586.7756273228756,-153.00761620354623
-586.2177193778581,-153.83750969913905
-585.6598080224593,-154.66740083451214
-585.1018977487834,-155.49729271615308
-584.5439871402687,-156.32718436732674
-583.9860766335289,-157.15707608842774
-583.428166096289,-157.98696778860193
-582.8702555680869,-158.81685949497012
-582.3123450372309,-159.6467511995212
-581.7544345071483,-160.47664290460136
-581.196523976842,-161.30653460952846
-580.6386134466004,-162.13642631449994
-580.0807029163398,-162.9663180194584
-579.5227923860857,-163.79620972442132
-578.9648818558235,-164.62610142937854
-578.4069713255922,-165.45599313435758
-577.8490607952288,-166.2858848392435
-577.2911502654305,-167.1157765445261
-576.7332397332469,-167.94566824814095
-576.1753292110003,-168.77555995868158
-575.6174186478033,-169.60545164075393
-575.0595082518644,-170.43534343885534
-574.5015971778448,-171.26523476740832
-573.9436888355112,-172.09512798466
-573.3857695479462,-172.92501364437192
-572.8278939095883,-173.7549294083828
-572.2698449151496,-174.58472573264663
-571.7124819178582,-175.41499426870138
-571.1519006337369,-176.24304768091832
-570.2678011189972,-177.45458753513023
-569.6767310534526,-178.2611443262894
-569.0860752564017,-179.06801222305887
-568.4951198364324,-179.87466133584246
-567.9043480256196,-180.68144406014972
-567.313302072205,-181.48802653219983
-566.7231264812823,-182.295245826102
-566.1291716367325,-183.0996978778481
-565.5274605343241,-183.89841878151492
-564.9252391732207,-184.69672859033156
-564.3236285282908,-185.49551015803206
-563.7217323239751,-186.29407275757342
-563.1199452847956,-187.09271885423544
-562.518120245419,-187.8913359280182
-561.9163077324611,-188.68996256039014
-561.3144912349135,-189.48858615409725
-560.7126759733412,-190.28721068994253
-560.1108603354929,-191.08583493906426
-559.509044810552,-191.88445927419872
-558.9072292521157,-192.68308358382194
-558.3054137035385,-193.48170790095287
-557.7035981520276,-194.2803322158502
-557.1017826015757,-195.07895653155265
-556.4999670500816,-195.87758084646632
-555.898151501471,-196.6762051635578
-555.2963359430128,-197.4748294732167
-554.6945204187139,-198.2734538086434
-554.0927047763721,-199.0720780550801
-553.4908895393971,-199.87070260689535
-552.889072920854,-200.66932611880878
-552.2872609683797,-201.46795313923076
-551.6854334309133,-202.26656845594175
-551.0836572305386,-203.0652222623159
-550.4819175813183,-203.86390286005786
-549.8815990667761,-204.66364625638278
-549.2814898789657,-205.46355058411504
-548.6813027839239,-206.26339528634492
-548.0811466291343,-207.06326359452464
-547.480979486957,-207.86312353345036
-546.8808160114661,-208.6629862626126
-546.280651359867,-209.46284809738154
-545.6804870752852,-210.26271021112376
-545.0803226784603,-211.06257223957923
-544.4801583154365,-211.86243429371103
-543.8799939423541,-212.66229634020368
-543.2798295722463,-213.46215838895512
-542.679665201229,-214.26202043701636
-542.0795008306079,-215.06188248537666
-541.4793364594539,-215.86174453333876
-540.8791720897345,-216.66160658236606
-540.2790077158693,-217.46146862833447
-539.6788433532096,-218.26133068248478
-539.0786789645908,-219.06119271812037
-538.4785146136735,-219.86105477800078
-537.8783503429461,-220.6609169148203
-537.2781849484019,-221.46077813954986
-536.6780268258394,-222.260645101022
-536.0778300751183,-223.06048194475386
-535.4778203728348,-223.8604636909868
-534.8767819627963,-224.6596533718606
-534.2736239405389,-225.4572530667947
-533.650143713072,-226.23892029311193
-533.0116843277203,-227.00863967824841
-532.3753128219703,-227.78000597057195
-531.7384329282058,-228.55097339171465
-531.1016752942901,-229.32203616732153
-530.4648886406528,-230.09307648412297
-529.8281087606973,-230.8641219907183
-529.1913273342532,-231.6351663286025
-528.5545462502412,-232.40621092018844
-527.9177650937532,-233.17725545972579
-527.2809839515199,-233.94830000894135
-526.644202806851,-234.71934455670728
-526.0074216624637,-235.49038910455494
-525.3706405181001,-236.2614336524627
-524.7338593737038,-237.0324782003328
-524.0970782293236,-237.80352274821888
-523.4602970849368,-238.57456729609888
-522.8235159405526,-239.34561184398115
-522.1867347961675,-240.11665639186248
-521.5499536517827,-240.88770093974438
-520.9131725073978,-241.65874548762594
-520.2763913630127,-242.42979003550727
-519.6396102186275,-243.2008345833886
-519.002829074243,-243.9718791312704
-518.3660479298579,-244.742923679152
-517.729266785473,-245.51396822703347
-517.0924856410879,-246.28501277491483
-516.4557044967031,-247.05605732279665
-515.8189233523185,-247.8271018706785
-515.1821422079336,-248.59814641856008
-514.5453610635486,-249.36919096644152
-513.9085799191633,-250.14023551432288
-513.2717987747786,-250.9112800622047
-512.6350176303938,-251.6823246100863
-511.9982364860087,-252.45336915796764
-511.3614553416239,-253.22441370584937
-510.72467419723915,-253.99545825373116
-510.087893052853,-254.76650280161175
-509.45111190847206,-255.53754734949655
-508.81433076407245,-256.308591897366
-508.1775496197397,-257.07963644529065
-507.54076847516967,-257.8506809930193
-506.9039873314482,-258.6217255414497
-506.26720618468823,-259.392770087367
-505.6304250487857,-260.1638146422647
-504.99364387416676,-260.93485916513725
-504.3568628373115,-261.7059038019703
-503.7200813114181,-262.4769480342402
-503.08330151695327,-263.2479936989431
-502.44651561035255,-264.0190343066556
-501.80975120969646,-264.7900927090136
-501.1729114179051,-265.56108872468474
-500.5362633268634,-266.332243380807
-499.8977821859627,-267.10188036450893
-499.25906366262655,-267.87132074050805
-498.62040300639694,-268.64080904139263
-497.9817281979286,-269.4102856229265
-497.34305681890027,-270.1797650439954
-496.704384618123,-270.9492437847749
-496.06571261149736,-271.7187226862517
-495.42704055982506,-272.4882015504536
-494.78836851835376,-273.2576804230935
-494.14969647465,-274.02715929388773
-493.51102443140974,-274.7966381650648
-492.87235238808137,-275.5661170361694
-492.23368034476687,-276.3355959072851
-491.59500830145146,-277.1050747784002
-490.9563362581358,-277.87455364951506
-490.3176642148205,-278.6440325206302
-489.67899217150455,-279.4135113917449
-489.0403201281891,-280.1829902628598
-488.40164808487356,-280.9524691339749
-487.7629760415581,-281.72194800509
-487.12430399824234,-282.49142687620474
-486.4856319549267,-283.2609057473197
-485.84695991161107,-284.0303846184347
-485.2082878682952,-284.7998634895494
-484.5696158249797,-285.5693423606644
-483.93094378166415,-286.3388212317794
-483.2922717383486,-287.1083001028945
-482.65359969503294,-287.8777789740094
-482.0149276517179,-288.6472578451248
-481.37625560840047,-289.4167367162381
-480.73758356509046,-290.18621558735765
-480.0989115217541,-290.95569445845547
-479.46023947851097,-291.72517332963054
-478.8215674349431,-292.4946522005364
-478.1828953925026,-293.2641310723768
-477.5442233461722,-294.03360994099233
-476.9055513131734,-294.80308882066106
-476.2668792348428,-295.572567662745
-475.62820730918475,-296.34204663141026
-474.989534875348,-297.11152517874234
-474.350864108168,-297.8810051079066
-473.7121879789087,-298.6504805913265
-473.0735279989956,-299.41996946411876
-472.4347967870076,-300.1893992704474
-471.79599904919104,-300.9587738937497
-471.15721193417755,-301.7281573297954
-470.5184231177105,-302.4975393544121
-469.87963444990515,-303.26692150233646
-469.2408458245893,-304.03630368551734
-468.6020571658302,-304.8056858409516
-467.96326852194215,-305.5750680087235
-467.3244798724859,-306.3444501718759
-466.6856912249462,-307.11383233661843
-466.04690257677896,-307.88321450084015
-465.4081139288105,-308.65259666522684
-464.76932528078066,-309.4219788295627
-464.1305366327696,-310.19136099391403
-463.49174798475235,-310.96074315826024
-462.8529593367373,-311.7301253226083
-462.2141706887219,-312.49950748695596
-461.5753820407065,-313.2688896513037
-460.936593392691,-314.0382718156512
-460.2978047446752,-314.8076539799987
-459.6590160966598,-315.5770361443465
-459.02022744864405,-316.3464183086939
-458.38143880062853,-317.1158004730415
-457.742650152613,-317.8851826373892
-457.10386150459766,-318.6545648017371
-456.4650728565822,-319.4239469660848
-455.8262842085667,-320.1933291304324
-455.18749556055093,-320.96271129478
-454.5487069125352,-321.7320934591272
-453.90991826451966,-322.50147562347496
-453.27112961650425,-323.2708577878227
-452.6323409684887,-324.0402399521703
-451.99355232047327,-324.8096221165181
-451.35476367245803,-325.5790042808659
-450.7159750244423,-326.34838644521324
-450.0771863764263,-327.1177686095604
-449.4383977284109,-327.88715077390816
-448.79960908039556,-328.6565329382559
-448.1608204323802,-329.42591510260365
-447.52203178436463,-330.19529726695123
-446.8832431363492,-330.964679431299
-446.24445448833353,-331.7340615956464
-445.6056658403181,-332.50344375999407
-444.9668771923026,-333.27282592434165
-444.32808854428686,-334.0422080886891
-443.6892998962715,-334.8115902530368
-443.05051124825604,-335.5809724173845
-442.41172260024064,-336.35035458173223
-441.77293395222466,-337.1197367460794
-441.13414530420926,-337.8891189104272
-440.4953566561939,-338.658501074775
-439.85656800817856,-339.4278832391227
-439.2177793601626,-340.19726540346994
-438.5789907121473,-340.96664756781774
-437.94020206413154,-341.7360297321651
-437.3014134161161,-342.5054118965128
-436.6626247681006,-343.27479406086036
-436.02383612008515,-344.04417622520816
-435.38504747206986,-344.81355838955585
-434.7462588240545,-345.5829405539036
-434.10747017603853,-346.352322718251
-433.4686815280231,-347.1217048825987
-432.8298928800074,-347.89108704694615
-432.19110423199186,-348.66046921129373
-431.55231558397634,-349.4298513756415
-430.91352693596093,-350.19923353998905
-430.2747382879455,-350.9686157043369
-429.63594963993023,-351.7379978686847
-428.99716099191426,-352.50738003303206
-428.35837234389834,-353.2767621973793
-427.719583695883,-354.0461443617271
-427.0807950478677,-354.815526526075
-426.4420063998521,-355.58490869042254
-425.8032177518369,-356.3542908547703
-425.16442910382074,-357.1236730191174
-424.5256404558078,-357.8930551834672
-423.88685180778236,-358.66243734780664
-423.2480631598007,-359.43181951218224
-422.6092745116676,-360.20120167643233
-421.97048586405583,-360.9705838411148
-421.33169721466686,-361.7399660043237
-420.69290857128226,-362.5093481725107
-420.05411990783296,-363.27873032406393
-419.4153313105131,-364.0481125304336
-418.7765424990595,-364.81749455932436
-418.1377543648658,-365.586877149447
-417.49896415803323,-366.3562580224337
-416.86017998861973,-367.12564389529587
-416.22150101265584,-367.8951170383209
-415.58324344510544,-368.6649391577416
-414.9449094489123,-369.43469805422995
-414.3065869876241,-370.20446649550877
-413.6682638314319,-370.9742343624632
-413.0299402194255,-371.7440018520263
-412.3916169015678,-372.5137695850673
-411.75329345880414,-373.2835372147267
-411.11497006185755,-374.05330488230635
-410.4766466493258,-374.8230725369873
-409.83832324185687,-375.59284019585846
-409.19999983279376,-376.36260785341017
-408.56167642422133,-377.13237551136797
-407.9233530155004,-377.9021431692029
-407.2850296068231,-378.67191082707393
-406.64670619813336,-379.4416784849347
-406.0083827894475,-380.2114461427987
-405.3700593807607,-380.98121380066186
-404.73173597207415,-381.75098145852513
-404.09341256338746,-382.52074911638834
-403.4550891547009,-383.2905167742517
-402.81676574601374,-384.06028443211454
-402.1784423373268,-384.8300520899776
-401.5401189286402,-385.59981974784085
-400.90179551995357,-386.3695874057041
-400.2634721112669,-387.13935506356734
-399.6251487025802,-387.90912272143066
-398.98682529389316,-388.67889037929353
-398.3485018852064,-389.44865803715675
-397.71017847651996,-390.21842569502013
-397.0718550678329,-390.98819335288306
-396.4335316591463,-391.75796101074627
-395.7952082504596,-392.52772866860954
-395.1568848417729,-393.2974963264728
-394.518561433086,-394.06726398433574
-393.8802380243993,-394.837031642199
-393.24191461571263,-395.6067993000622
-392.60359120702606,-396.3765669579256
-391.96526779833897,-397.14633461578853
-391.3269443896524,-397.9161022736518
-390.6886209809657,-398.6858699315151
-390.0502975722786,-399.45563758937783
-389.4119741635919,-400.2254052472411
-388.7736507549052,-400.99517290510437
-388.1353273462187,-401.7649405629677
-387.49700393753193,-402.534708220831
-386.8586805288453,-403.30447587869423
-386.2203571201584,-404.0742435365572
-385.58203371147124,-404.8440111944201
-384.94371030278467,-405.6137788522834
-384.305386894098,-406.38354651014663
-383.6670634854113,-407.15331416800984
-383.0287400767247,-407.92308182587317
-382.39041666803803,-408.6928494837365
-381.75209325935106,-409.4626171415994
-381.11376985066397,-410.23238479946235
-380.4754464419773,-411.0021524573256
-379.8371230332908,-411.77192011518906
-379.19879962460345,-412.5416877730518
-378.5604762159191,-413.31145543091696
-377.9221528072244,-414.0812230887736
-377.2838293985658,-414.85099074666005
-376.64550598977917,-415.6207584044405
-376.0071825814434,-416.3905260625944
-375.36885917153035,-417.1602937194417
-374.73053576710856,-417.9300613808381
-374.0922123436648,-418.6998290264753
-373.45388898572435,-419.4695967263848
-372.81556540380353,-420.23936424069757
-372.17724258134984,-421.0091323844077
-371.53891720978606,-421.7788984152461
-370.90060028708916,-422.54867145041527
-370.2622558058127,-423.3184216326523
-369.6238759986554,-424.0881427301907
-368.98450710591436,-424.85704265485697
-368.34525249253,-425.62603778964467
-367.70598330209145,-426.3950207773671
-367.0667137013261,-427.1640034314243
-366.42744536679925,-427.9329871367029
-365.7881763831414,-428.7019703026115
-365.1489076564385,-429.4709536820947
-364.5096388386385,-430.2399369858483
-363.8703700512092,-431.0089203148516
-363.2311012540449,-431.7779036357608
-362.5918324599172,-432.5468869591949
-361.9525636648613,-433.3158702818572
-361.31329487008486,-434.08485360475186
-360.67402607522513,-434.8538369275773
-360.03475728038956,-435.6228202504228
-359.39548848554693,-436.3918035732624
-358.75621969070664,-437.1607868961039
-358.11695089586567,-437.92977021894484
-357.47768210102504,-438.6987535417862
-356.8384133061844,-439.46773686462757
-356.19914451134355,-440.2367201874687
-355.55987571650246,-441.0057035103095
-354.9206069216618,-441.77468683315067
-354.28133812682086,-442.5436701559918
-353.64206933198,-443.3126534788328
-353.0028005371393,-444.08163680167405
-352.36353174229873,-444.85062012451533
-351.724262947458,-445.61960344735655
-351.0849941526168,-446.3885867701973
-350.44572535777615,-447.15757009303854
-349.80645656293547,-447.92655341587977
-349.1671877680943,-448.69553673872065
-348.5279189732536,-449.46452006156187
-347.88865017841295,-450.2335033844031
-347.24938138357237,-451.0024867072443
-346.6101125887312,-451.77147003008514
-345.9708437938903,-452.5404533529262
-345.33157499904974,-453.30943667576753
-344.69230620420905,-454.07841999860875
-344.0530374093678,-454.84740332144963
-343.4137686145272,-455.61638664429097
-342.7744998196862,-456.38536996713185
-342.1352310248453,-457.154353289973
-341.49596223000447,-457.9233366128142
-340.85669343516395,-458.6923199356555
-340.2174246403232,-459.4613032584966
-339.5781558454826,-460.2302865813379
-338.9388870506416,-460.9992699041788
-338.2996182558004,-461.76825322701956
-337.66034946095976,-462.5372365498607
-337.021080666119,-463.30621987270194
-336.3818118712784,-464.07520319554317
-335.74254307643764,-464.8441865183843
-335.10327428159695,-465.6131698412256
-334.4640054867564,-466.3821531640669
-333.82473669191506,-467.15113648690766
-333.1854678970741,-467.9201198097485
-332.54619910223335,-468.6891031325897
-331.90693030739266,-469.45808645543093
-331.26766151255185,-470.22706977827215
-330.6283927177112,-470.9960531011134
-329.9891239228706,-471.7650364239547
-329.3498551280294,-472.53401974679537
-328.71058633318876,-473.30300306963665
-328.07131753834756,-474.0719863924777
-327.4320487435069,-474.8409697153189
-326.79277994866607,-475.6099530381601
-326.15351115382543,-476.37893636100125
-325.51424235898446,-477.1479196838423
-324.87497356414366,-477.91690300668336
-324.23570476930286,-478.6858863295246
-323.5964359744621,-479.4548696523658
-322.9571671796216,-480.22385297520714
-322.3178983847805,-480.992836298048
-321.67862958993965,-481.7618196208891
-321.03936079509856,-482.53080294373
-320.40009200025787,-483.29978626657123
-319.7608232054172,-484.0687695894125
-319.12155441057587,-484.8377529122532
-318.4822856157376,-485.6067362350965
-317.84301682088864,-486.3757195579308
-317.2037480260767,-487.14470288079576
-316.56447923113274,-487.91368620355144
-315.9252104366532,-488.68266952669234
-315.2859416405478,-489.4516528484843
-314.6466728501182,-490.2206361749847
-314.0074040399662,-490.9896194851269
-313.3681352979714,-491.75860285178794
-312.72886632194366,-492.5275860244292
-312.08959814345064,-493.29656985804456
-311.45032727173157,-494.06555146042393
-310.8110653943321,-494.8345405107856
-310.1717738945417,-495.603505045549
-309.53257822880096,-496.3725488270412
-308.89307988693173,-497.1413425114356
-308.2545015449106,-497.91089423187486
-307.61261758577456,-498.6777007113251
-306.9601867670813,-499.4353273642171
-306.3090639280714,-500.1942127030951
-305.28835607849214,-501.2928974711503
-304.94233710317746,-501.6538670850361
-304.25521647825826,-502.38036295090325
-303.5663610610893,-503.1052752296455
-302.87803112219035,-503.8306694310786
-302.1895441283476,-504.5559190751068
-301.50110357207365,-505.28121158731756
-300.81264940600147,-506.0064915053383
-300.12419919932995,-506.7317750947717
-299.43574784796135,-507.45705762092336
-298.7472968257617,-508.1823404532902
-298.0588457093468,-508.90762319789735
-297.3703946197885,-509.6329059675496
-296.68194352260144,-510.3581887300804
-295.9934924275758,-511.08347149463077
-295.3050413319352,-511.80875425860575
-294.61659023648684,-512.5340370227611
-293.92813914091687,-513.2593197868017
-293.23968804561395,-513.9846025510955
-292.5512369494347,-514.709885314558
-291.8627858562405,-515.4351680808525
-291.174334752922,-516.1604508375417
-290.4858836836107,-516.8857336264932
-289.7974325014792,-517.6110163084213
-289.10898168778664,-518.3362993398226
-288.42052969541,-519.0615812533622
-287.7320813691614,-519.7868666432014
-287.04362209552914,-520.5121416553884
-286.35519347187073,-521.2374457086671
-285.6666885533407,-521.9626775361993
-284.97831593299014,-522.6880341704641
-283.93991489862685,-523.7704493816242
-283.2431238819453,-524.4877187259341
-282.54669801174475,-525.2053369525407
-281.8501970251572,-525.9228835967062
-281.1537100660533,-526.6404435443703
-280.45722098266776,-527.3580015021365
-279.76073203055626,-528.0755595711494
-279.06424316060946,-528.793117723412
-278.36775423720627,-529.5106758230747
-277.6712653365512,-530.2282339449486
-276.9747764275435,-530.945792058696
-276.27828752137833,-531.6633501752035
-275.58179861428965,-532.3809082908153
-274.88530970749207,-533.0984664067091
-274.18882080060473,-533.8160245225165
-273.4923318937442,-534.5335826383493
-272.7958429868763,-535.2511407541749
-272.0993540800091,-535.9686988700013
-271.40286517314667,-536.6862569858325
-270.70637626626564,-537.4038151016455
-270.0098873594493,-538.1213732175218
-269.31339845241047,-538.8389313331805
-268.61690954612845,-539.5564894495787
-267.92042063730156,-540.2740475634877
-267.2239317369302,-540.9916056856821
-266.52744280889135,-541.7091637807023
-265.830953969589,-542.4267219631479
-265.134464853315,-543.1442798715374
-264.4379765684233,-543.8618386078102
-263.7414859358113,-544.579394981864
-263.0450012468639,-545.2969574565232
-262.34850489465816,-546.0145072980656
-261.6520128116513,-546.7320664574833
-260.95565135605966,-547.4497320029776
-260.2578771635222,-548.1661120509318
-259.5327058593492,-548.8539941564047
-258.7854181102611,-549.5185294197074
-258.0332114720665,-550.17742361047
-257.28165241635526,-550.837096362015
-256.5300331846982,-551.4966915098657
-255.77839939282126,-552.1562725858404
-255.02677770670664,-552.8158667974665
-254.27515057749036,-553.4754549819421
-253.52352549600556,-554.1350454534088
-252.77189970793995,-554.7946351320245
-252.02027415150877,-555.4542250713296
-251.26864852167557,-556.1138149278559
-250.5170229145476,-556.7734048100265
-249.76539730052212,-557.4329946843977
-249.01377168856254,-558.0925845611071
-248.2621460759919,-558.7521744371246
-247.51052046359814,-559.4117643133425
-246.75889485116087,-560.0713541895113
-246.00726923870747,-560.7309440656604
-245.25564362636408,-561.390533941939
-244.5040180136031,-562.0501238177262
-243.7523924023738,-562.7097136953171
-243.00076678554524,-563.3693035663099
-242.2491411891703,-564.0288934614225
-241.49751551811684,-564.6884832684063
-240.74589011958693,-565.348073397243
-239.99426372705477,-566.0076623512163
-239.24264095809204,-566.6672555916551
-238.49100498711846,-567.326833201226
-237.7394170876614,-567.9864677785529
-236.98765426015933,-568.6458948543561
-236.2365275957073,-569.3060773070661
-235.47660875093936,-569.9558555812666
-234.2921548113993,-570.8752076397847
-233.5013426543337,-571.4868298073836
-232.70806303191574,-572.0953432335261
-231.9139102277999,-572.7028524532311
-231.10231867077368,-573.2869068274817
-230.29263560638935,-573.8737376990916
-229.48267015897602,-574.4601583286133
-228.6727173370515,-575.0466012190875
-227.86277780694553,-575.6330616213438
-227.05283044053894,-576.219511343493
-226.24288566254205,-576.8059645728158
-225.43294235324976,-577.3924200526408
-224.6229900465307,-577.9788622730329
-223.81307042934398,-578.5653527086283
-223.00303689217463,-579.1516745474669
-222.19339692419476,-579.7385811736102
-221.38240666439933,-580.3234707977327
-220.5699144733329,-580.9065216014262
-219.72960515290214,-581.4474263255695
-218.87483544350857,-581.9662708628304
-218.02133881657556,-582.4869630585652
-217.1671316843632,-583.0065792285873
-216.3131599878286,-583.5265543617295
-215.45912251610025,-584.0464305516251
-214.60507095174034,-584.5662777717564
-213.75114304457458,-585.086342223015
-212.89677038616838,-585.6056229850476
-212.04378394909622,-586.1273966848494
-211.18085993266652,-586.6321334061133
-210.3078143012599,-587.1196186736825
-209.43877623890958,-587.6142165135161
-208.5682360343553,-588.106134343196
-207.69821229810938,-588.5989782336304
-206.82801959443728,-589.0915183300322
-205.95788035398982,-589.5841547411972
-205.08772459206438,-590.0767613462992
-204.2175738528579,-590.5693770219194
-203.34742158554477,-591.061989938767
-202.47726984012922,-591.5546037862024
-201.60711776589852,-592.0472170901251
-200.7369661296322,-592.5398309902648
-199.8668142626413,-593.0324452204816
-198.9966584618174,-593.5250494865381
-198.1265351296484,-594.0177233311178
-197.25622421266308,-594.5100165243014
-196.38686171506964,-595.0041821245693
-195.5121392679846,-595.4879589412959
-194.16953980203067,-596.1516624618981
-193.25334774829435,-596.5521926541875
-192.337714639735,-596.9535689409718
-191.4218829015767,-597.3545958509095
-190.50611064085706,-597.7557298819816
-189.59032084999836,-598.156831773693
-188.67453590347895,-598.557942581614
-187.75875057301883,-598.9590530238047
-186.84296187457275,-599.3601558836011
-185.9271858040908,-599.7612867904356
-185.01136757508067,-600.1623238440125
-184.09568658804602,-600.5636677859405
-183.17956910202483,-600.9640296122682
-182.26478744272782,-601.3674234781124
-181.34502084482392,-601.7593470217464
-180.41611938255852,-602.1297199605997
-179.48701649865083,-602.4992295340016
-178.55837640293396,-602.870046432613
-177.62950057714286,-603.2402234863217
-176.70071773576598,-603.6106495810009
-175.77190198501023,-603.9809881663064
-174.84309719303047,-604.3513557655604
-173.91428889106203,-604.721714099361
-172.98548168390778,-605.092075316905
-172.0566741396083,-605.4624356483644
-171.12786670613804,-605.8327962688063
-170.19905920633033,-606.2031567229674
-169.27025184457875,-606.573517510454
-168.34144402300308,-606.943877198717
-167.41263781479694,-607.3142407219582
-166.48382593865307,-607.6845908518449
-165.55503390482718,-608.0549875565999
-164.6261727126801,-608.4252231731748
-163.69755134539037,-608.7960124242395
-162.7678293138556,-609.1642211319097
-160.8823162462833,-609.8161025963842
-159.91660974803304,-610.0723725345267
-158.94775790702096,-610.3183116246886
-157.97881790179838,-610.564030595282
-157.00566119267035,-610.7935111393183
-156.03037829784049,-611.0145175246745
-155.05614726191732,-611.2399132817961
-154.0814930773025,-611.4635426075859
-153.10698974174764,-611.6878035636112
-152.13243592050276,-611.9118528719712
-151.157898326265,-612.1359702719333
-150.1833556451371,-612.3600663123334
-149.20881457763437,-612.5841691324742
-148.2342728343345,-612.8082691094505
-147.2597319197568,-613.032372579824
-146.2851887178113,-613.256466402382
-145.31065269027079,-613.4805904905345
-144.33609448770054,-613.7046210153035
-143.36160201845465,-613.9289289379306
-142.38692782696273,-614.1524693979763
-141.41269320387403,-614.3778643951575
-140.43757553277817,-614.5994529047975
-139.45951012401622,-614.8075563947463
-138.48079399699176,-615.0123552366649
-137.50244859503974,-615.2190532791651
-136.5239464140343,-615.4249547665371
-135.54550153134545,-615.6311467541714
-134.56703719445025,-615.8372402742451
-133.58857916749517,-616.0433656740836
-132.61011915335902,-616.2494811437272
-131.63165978010514,-616.455599431426
-130.65320002479717,-616.6617173556449
-129.67474137729053,-616.8678350233805
-128.69627760384338,-617.0739486680357
-127.71783731636198,-617.2800992179004
-126.7392335420073,-617.4857783781512
-125.75954353902392,-617.6857590243079
-124.76856806793617,-617.8184885905373
-123.77736674901688,-617.950041816784
-122.78527127017004,-618.0747464190592
-121.79138087421808,-618.1853104359186
-120.7974902831471,-618.2954288226604
-119.80367039037972,-618.4063492983162
-118.80981173193754,-618.5168689664551
-117.81596873286551,-618.6275458436986
-116.82212012097979,-618.738167235228
-115.82827339815493,-618.8488071321906
-114.83442604562401,-618.9594408874506
-113.84057896746256,-619.0700773516605
-112.8467315293023,-619.1807101384143
-111.85288518101447,-619.2913542115306
-110.85903502851528,-619.40195865841
-109.86519829759239,-619.5127036705165
-108.87131431224805,-619.6229508249864
-107.87759612934917,-619.7349563950354
-106.8831431619675,-619.8389820712218
-105.38690465840145,-619.9155581041512
-104.38745193065037,-619.9352911073189
-103.38754845154952,-619.9420869882217
-102.38779016592815,-619.9239869951253
-101.38787985210733,-619.9117834452534
-100.38799966388916,-619.8981147457131
-99.38811142125716,-619.8848084485612
-98.38822513020871,-619.8714131140448
-97.38833835653791,-619.8580395018416
-96.3884517004398,-619.8446606365803
-95.38856501588018,-619.8312830283273
-94.38867833813399,-619.8179051232194
-93.3887916587775,-619.8045272870502
-92.38890497979537,-619.7911494352214
-91.38901830072803,-619.7777715868447
-90.3891316216799,-619.7643937377343
-89.3892449426261,-619.7510158887926
-88.38935826357897,-619.7376380397286
-87.38947158451025,-619.7242601910244
-86.38958490552105,-619.7108823410163
-85.38969822623699,-619.6975044957862
-84.3898115480464,-619.6841266330512
-83.3899248658011,-619.670748834422
-82.39003819859036,-619.6573708010692
-81.39015147563158,-619.6439936270078
-80.3902649593899,-619.6306133078033
-79.39037767663152,-619.617244498031
-78.39049323639259,-619.6038335786438
-77.39059825761436,-619.5905766914755
-76.3907423887687,-619.5767564456817
-75.39079425352408,-619.5569475770765
-73.89838657456261,-619.4341523533337
-72.90684686325837,-619.306179507063
-71.91495106800946,-619.181860971325
-70.92271532553286,-619.0589307786224
-69.92923966440223,-618.9565493906946
-68.93683274200721,-618.8370496772029
-67.94441068036924,-618.7176040635536
-66.9521210906133,-618.5967608878727
-65.95944614648747,-618.4801745509618
-64.97117355525751,-618.3275604138925
-63.984723233124,-618.164220550216
-62.997786699483086,-618.0036086067889
-62.01097815299709,-617.8422701178439
-61.0241353454355,-617.6811254316581
-60.037301691016516,-617.5199289396512
-59.05046558342539,-617.3587463250083
-58.06363013383144,-617.1975599886885
-57.07679450989255,-617.036374639425
-56.089958922786266,-616.8751890769303
-55.1031233637289,-616.7140033747155
-54.11628765515695,-616.5528184473453
-53.12945251750037,-616.3916305549978
-52.142615241472015,-616.2304537724815
-51.15578596862626,-616.069235396863
-50.16892672937505,-615.9081728274158
-49.18217980148522,-615.7465262094029
-48.196185605868635,-615.5804663185331
-46.73144185257762,-615.2619089983519
-45.75865800058857,-615.0307658863541
-44.7864974456772,-614.7966455630369
-43.814168839862916,-614.5633266123107
-42.841885501850214,-614.329791825154
-41.869589959029014,-614.0963151960414
-40.89729770805279,-613.8628228887985
-39.92500456892329,-613.629334809182
-38.9527116688606,-613.3958455920535
-37.98041870698147,-613.1623566697766
-37.008125751300554,-612.9288677143752
-36.0358328340014,-612.6953785906243
-35.06353975341463,-612.4618901891905
-34.09124730137043,-612.2283990058274
-33.11895244365192,-611.9949184709294
-32.1466667997624,-611.7613971577263
-31.174345858887904,-611.5280321387168
-30.202160580264646,-611.2940675510079
-29.232767754682357,-611.0485668547353
-28.269084272199706,-610.7824503599367
-27.303848644196584,-610.521626894475
-26.338836018147965,-610.2599756768316
-25.37451933465711,-609.9961405574371
-23.945310633141837,-609.5482375093277
-23.011207859625046,-609.1911568637495
-22.077657196361162,-608.8332335091184
-21.144657830979185,-608.4736782046878
-20.211508179914027,-608.1145670312075
-19.27839950934122,-607.7553348866768
-18.34527965447178,-607.396135713808
-17.412162853311564,-607.0369275501464
-16.47904522063345,-606.6777218318882
-15.545927802857502,-606.3185154803323
-14.612810378056633,-605.9593091588381
-13.679692741029678,-605.6001034199946
-12.74657604465771,-605.2408950886993
-11.81345546694197,-604.8816974507424
-10.88035078382275,-604.5224560590227
-9.947181298860936,-604.163393095324
-9.014275963428355,-603.8036051936745
-8.080594152201801,-603.4459678810765
-7.1555789599994,-603.0660635779968
-6.232864468217015,-602.680770651714
-5.30950346632388,-602.296972407681
-4.386327669261294,-601.9127444762487
-3.4630988262160045,-601.5286395622118
-2.5398851170605194,-601.1444995336803
-1.6166671011839828,-600.7603695001807
-0.693450307865366,-600.3762366286369
0.22976683217569183,-599.9921045620416
1.1529838723219972,-599.6079722639238
2.0762009479782346,-599.2238400465005
2.999417985487029,-598.8397077471489
3.9226351417352547,-598.4555756986596
4.845851850286288,-598.0714427033644
5.769070273459901,-597.687313343331
6.692282123903341,-597.3031700129026
7.615519164739004,-596.9190803562483
8.538659681358705,-596.534784558753
9.462169872337416,-596.1512801640031
10.38426306757637,-595.7647373750287
11.723601750096915,-595.0946763161221
12.601398723699209,-594.6157933527045
13.479404936979947,-594.1376512487657
14.35155501796905,-593.6485414905083
15.213546155671537,-593.1417104901446
16.078539135667455,-592.6399473131554
16.94266049027784,-592.1367015142582
17.80703516781949,-591.633885750306
18.67133678116871,-591.1309459086592
19.535659377049264,-590.6280416923237
20.399975973526956,-590.1251272903633
21.264294279343794,-589.6222157901921
22.128612098536557,-589.1193034642104
22.992930060600294,-588.6163913797808
23.85724796249999,-588.1134791968345
24.721565958020513,-587.6105671593389
25.585883631062256,-587.1076546247274
26.45020253736356,-586.6047439957867
27.31451669286288,-586.1018260035758
28.178849144145254,-585.5989364502389
29.043111190692407,-585.0959371636109
29.90764392157754,-584.5933608796566
30.77113588310477,-584.0891545732203
31.628272655899664,-583.5743158463455
32.85136461759539,-582.709608132398
33.657924829411925,-582.1194413928181
34.46208926520572,-581.5257384049637
35.2669812872913,-580.9331105565304
36.07139335994583,-580.3397664441975
36.874270243550306,-579.744280176534
37.660888716196965,-579.1268064367348
38.45057839055275,-578.5133239212371
39.2393575747771,-577.898653860375
40.02840520425225,-577.2843333256723
40.81737441809747,-576.669910719811
41.60636638931409,-576.0555177208578
42.39535179493866,-575.4411161834581
43.18433908530704,-574.8267170962802
43.97332583700384,-574.2123173090251
44.76231274206324,-573.5979177210322
45.55129960361168,-572.9835180765194
46.34028647745568,-572.3691184479753
47.12927334787429,-571.7547188149824
47.918260219109506,-571.1403191830541
48.70724709061489,-570.5259195514591
49.49623396037197,-569.911519917659
50.28522083614344,-569.2971202914298
51.074207692290784,-568.6827206405958
51.86319461087733,-568.0683210676153
52.65218133685832,-567.4539212563801
53.441168630611514,-566.8395221389044
54.23015436974368,-566.225121162482
55.01914380233042,-565.6107243963586
55.808127327861456,-564.9963221175512
56.59710343354343,-564.3819024103962
57.386059152871745,-563.7674867072908
58.16013090922648,-563.1346838948042
58.930750819193435,-562.4979032279283
59.702438091876644,-561.8623422069707
60.47379672803169,-561.2264049600426
61.245262678403776,-560.5905888126647
62.016664283858184,-559.9547062085967
62.78821760259729,-559.3189700217928
63.553235124959485,-558.6756914163104
64.62543737988098,-557.6315278196482
65.31288733993327,-556.9059127937277
65.99556529527848,-556.1753239754728
66.6796040452183,-555.4461462616032
67.36325599236349,-554.7165687606475
68.04701749128071,-553.9871041384249
68.73074829257823,-553.2576078966101
69.41448800759301,-552.5281210494732
70.09821889611081,-551.798624468983
70.7819964994348,-551.0691772643684
71.46551543627407,-550.3394640334467
72.14552206723974,-549.6064143337937
72.81009846032345,-548.8592090837008
73.47815178797325,-548.1151038992882
74.14513580912006,-547.3700426066588
74.81244388152113,-546.6252706411983
75.47965510977075,-545.8804122330018
76.1468949766749,-545.1355793763812
76.8141264491575,-544.3907390325355
77.48136036381682,-543.6459008663408
78.14859357365305,-542.9010620718047
78.81582698166568,-542.156223453929
79.48306034765632,-541.411384798517
80.15029367919107,-540.6665461127077
80.81752716211989,-539.9217075607351
81.48476019221107,-539.1768686089496
82.15199443720176,-538.4320307269943
82.81922593882314,-537.6871904441734
83.48646098526942,-536.942353173528
84.15370780466289,-536.1975269080542
84.82081715463542,-535.4525767559525
85.48860927958854,-534.7082435018625
86.14272744712,-533.9521399419957
86.78809410997107,-533.1889582691958
87.43610684601538,-532.4278803335287
88.083180428769,-531.6660535769295
88.73096535208836,-530.9047918456413
89.37683268485662,-530.1420095524966
90.31154673176805,-528.9718487349173
90.88148977461728,-528.1500043234541
91.44680600513044,-527.3252355991838
92.01079101598985,-526.4994418149902
92.5751685712845,-525.6739473564476
93.13943133063947,-524.8483660427198
93.70372742853931,-524.0228097833806
94.26801390171653,-523.197246332734
94.83230313927102,-522.3716849371319
95.39659158668391,-521.5461229567247
95.96088025802638,-520.7205611414586
96.52516886958077,-519.8949992820744
97.08945748562829,-519.0694374266068
97.65374614056977,-518.2438755975708
98.21803465790177,-517.4183136744134
98.78232359975621,-516.5927520411724
99.3466113071572,-515.7671895676978
99.91090230926744,-514.941629323145
100.4751859209763,-514.1160641507333
101.03947878123279,-513.2905047063748
101.60380562175297,-512.4649713086945
102.16774807453447,-511.63916392433157
102.73162364602425,-510.81334506386776
103.2682437906794,-509.96992338242126
104.01729678343426,-508.6719319273024
104.49170923661521,-507.7918113435888
104.95997395028895,-506.9081836681671
105.42923236860199,-506.0251416462438
105.89833928183643,-505.14200411048137
106.36745605070796,-504.25887569551537
106.83657841531198,-503.37574924863304
107.30569707379857,-502.4926210922251
107.77481731673501,-501.60949371069376
108.24393697608275,-500.72636603634055
108.71305683661281,-499.8432384644466
109.18217662299074,-498.9601108542789
109.65129646551478,-498.07698327370474
110.1204161677539,-497.1938556184661
110.58953637367063,-496.3107282315867
111.05865470028017,-495.42759984331997
111.52778006128577,-494.54447520340966
111.99687908551721,-493.6613365294107
112.46607671558914,-492.7782504004432
112.93490516490056,-491.89496753930086
113.40511581373762,-491.01242124872647
113.86716121305258,-490.125577753996
114.31080521666273,-489.2297401313382
114.75170142442074,-488.33262288545626
115.19487014662036,-487.4365469627343
115.63712730955412,-486.54004601535735
116.07927503635722,-485.6435166334728
116.52411999945878,-484.74811930834767
117.15029953828393,-483.38645951458943
117.5303112826562,-482.4616651220006
117.90157060239363,-481.5330845994843
118.27462466443953,-480.60528878186767
118.64725393607677,-479.6773051751129
119.01998199338723,-478.7493658594931
119.39268760899083,-477.82141629020225
119.76539816248757,-476.8934690372814
120.13810766632204,-475.9655212738288
120.51081743332216,-475.0375736378419
120.88352692745585,-474.109625894377
121.2562373269423,-473.1816784842365
121.62894433954418,-472.253729832912
122.00166407064566,-471.32578584358134
122.37433604771053,-470.39782434049187
122.74718731375273,-469.4699286277153
123.11936547888807,-468.54178578512256
123.49407055464104,-467.61457120062516
123.85426397743385,-466.682031240503
124.13829045758146,-465.723406972206
124.42371500264366,-464.76529256249876
124.71176179946129,-463.80815586378526
124.99971742091874,-462.85095286831324
125.28620295961643,-461.8933113759597
125.57607055041129,-460.9366310075263
125.84300026613971,-459.9731926170261
126.09872233643745,-459.00637282889284
126.3583949004479,-458.0406937732472
126.61667829801601,-457.0746205085336
126.87542260891905,-456.10867648413034
127.13401966327265,-455.14269149521596
127.39266254071347,-454.1767191795268
127.65129143425504,-453.21074301336444
127.90992453180061,-452.2447680007653
128.16855638041,-451.27879264642087
128.42718859655184,-450.3128173924107
128.68582070517252,-449.3468421091111
128.9444528458617,-448.3808668345083
129.20308497406074,-447.4148915566104
129.46171711758396,-446.44891628251173
129.72034921431083,-445.4829409970474
129.97898147742558,-444.516965751787
130.23761314166688,-443.5509903623766
130.49624696096296,-442.58501548962164
130.75487303523616,-441.61903876805627
131.01352690331385,-440.65306865017664
131.27208118990018,-439.6870749923546
131.53099164632812,-438.72116506221244
131.78863062228146,-437.7549580578331
132.05073074685072,-436.7897840447779
132.28898934925772,-435.8190970898696
132.51298538329763,-434.8450903682648
132.74056608667934,-433.8719369692964
132.96593480074893,-432.8981652635559
133.3346327283845,-430.93627940719136
133.40142216398667,-430.4408123742289
133.52612261056507,-429.4487882675079
133.6478687549821,-428.4561872571138
133.77025345688156,-427.4637169540307
133.89241674778015,-426.4712052242869
134.0146507745792,-425.478706017773
134.136862790809,-424.48620307423266
134.2590815238362,-423.49370123421716
134.38129823765433,-422.50119907113344
134.50351555125422,-421.50869700194295
134.6257326886207,-420.5161949056601
134.7479498766375,-419.52369281705387
134.87016705261811,-418.5311907266213
134.99238422326425,-417.5386886354646
135.1146014242652,-416.54618654865396
135.23681852409436,-415.5536844470439
135.35903594162073,-414.5611823932193
135.48125240115496,-413.56868018945613
135.60347158510098,-412.57617843911544
135.72568377720424,-411.58367539282074
135.84791021088205,-410.59117570448166
135.9701277274021,-409.5986690050397
136.09221343045567,-408.60616790374627
136.21477519697555,-407.6136472713183
136.31767739524003,-406.61919643911483
136.41305603318943,-405.1240903626855
136.41234424779555,-404.1239039218334
136.41797538966637,-403.1239742229699
136.42180165189103,-402.123974659899
136.42613978220285,-401.12399401925865
136.43033318840736,-400.1240082480641
136.43456740244835,-399.1240238673262
136.43879013821947,-398.12403910976957
136.44301609534784,-397.1240544543173
136.4472411502631,-396.1240697712019
136.45146645733814,-395.1240850955795
136.45569169424343,-394.1241004179303
136.4599169500184,-393.12411574082034
136.46414220281792,-392.1241310635984
136.4683674489654,-391.1241463862879
136.47259272109605,-390.12416170941526
136.4768179100376,-389.12417703098936
136.4810433529647,-388.12419235792754
136.48526806028087,-387.12420766649825
136.48949471997057,-386.1242230374447
136.493717054156,-385.12423819870685
136.49794447661702,-384.1242540570262
136.5021941872785,-383.1242676438649
136.50620659834232,-382.124288625482
136.51167147966203,-381.12428808139714
136.50746928619543,-380.1243773875527
136.4770705312144,-379.1252787654345
136.4520904856946,-378.1259254785311
136.425680332176,-377.1266446471672
136.398270600772,-376.12739064525744
136.33512745089052,-374.62953318474496
136.253202458827,-373.63293013433093
136.16654936375693,-372.63671410040604
136.0810967293948,-371.64039736695247
135.9952919096997,-370.6441104579288
135.90958963402232,-369.64781479503154
135.82385769220008,-368.6515216818249
135.73813428580277,-367.6552278307638
135.6524084352888,-366.65893419205054
135.5666832817797,-365.66264049251686
135.48095793005086,-364.6663468103364
135.3952326352353,-363.67005312319503
135.30950732121295,-362.67375943759095
135.22378202514795,-361.67746575098124
135.13805667407172,-360.68117206707916
135.05233153658452,-359.68487837228025
134.96660555613113,-358.6885847224264
134.88088289693368,-357.6922908885001
134.79514718740228,-356.695997802606
134.70946262798014,-355.69970169710956
134.62357804658802,-354.7034177115992
134.5384740144646,-353.7070853208945
134.44817980553876,-352.7111155670201
134.22404293818533,-351.2295009915217
134.04255753619702,-350.24633950642806
133.85097967464122,-349.2648121071874
133.66150190021153,-348.28295451677934
133.4715455860742,-347.3011695134853
133.28169493933757,-346.31936930857296
133.09182202135244,-345.3375720383468
132.90195345228068,-344.3557742867373
132.71208415151492,-343.3739765824188
132.5222149307179,-342.3921788873008
132.3323457193495,-341.41038118390446
132.14247649807436,-340.4285834841157
131.952607278198,-339.4467857836021
131.7627380700839,-338.464988080976
131.5728688125114,-337.4831903877148
131.38299973760624,-336.501392659748
131.19312999611415,-335.51959505848305
131.00326268320956,-334.5377969954974
130.81338652827898,-333.55600061392715
130.62354254502873,-332.5741981130954
130.433581582648,-331.5924178679636
130.24404565112906,-330.61055673822733
130.05197375294364,-329.62918052264524
129.85590680049327,-328.64859074313176
129.65961932621434,-327.66804631333605
129.4636712129966,-326.68743293721246
129.26755673664223,-325.7068532151999
129.07150704726348,-324.7262604010316
128.87543458303963,-323.7456721861266
128.67936967228326,-322.76508244642787
128.4833023488057,-321.78449319364677
128.28723577598385,-320.80390378940297
128.09116897411303,-319.82331443136854
127.895102241095,-318.8427250594451
127.69903548762376,-317.86213569164704
127.50296874017005,-316.8815463226356
127.30690199095959,-315.90095695397827
127.11083524225836,-314.92036758521806
126.91476849341079,-313.93977821648764
126.71870174460506,-312.9591888477488
126.52263499578763,-311.9785994790121
126.32656824697307,-310.99801011027483
126.13050149815786,-310.0174207415379
125.93443474934293,-309.03683137280063
125.73836800052769,-308.0562420040635
125.54230125171291,-307.0756526353265
125.34623450289752,-306.0950632665895
125.15016775408228,-305.11447389785224
124.95410100526757,-304.1338845291152
124.75803425645265,-303.1532951603781
124.56196750763777,-302.17270579164096
124.3659007588223,-301.19211642290395
124.16983401000724,-300.21152705416694
123.97376726119231,-299.2309376854297
123.7777005123771,-298.25034831669245
123.58163376356248,-297.26975894795515
123.38556701474704,-296.28916957921797
123.18950026593193,-295.3085802104807
122.99343351711707,-294.3279908417435
122.79736676830183,-293.34740147300624
122.60130001948698,-292.3668121042691
122.40523327067177,-291.3862227355321
122.2091665218573,-290.40563336679475
122.01309977304037,-289.42504399805784
121.8170330242308,-288.4444546293196
121.62096627539694,-287.4638652605861
121.42489952664815,-286.48327589183543
121.22883277760215,-285.5026865231449
121.03276602958637,-284.5220971542466
120.83669927802259,-283.54150778606345
120.64063253858612,-282.5609184154353
120.44456575805236,-281.58032905309403
120.24849911536455,-280.59973966295615
120.0524320161932,-279.6191503648746
119.85636640431335,-278.63856076683174
119.66029604912522,-277.6579721255549
119.4642403831902,-276.6773805208089
119.26814114095745,-275.6967977098527
119.07215547734624,-274.7161919665946
118.87573412104078,-273.7356742839006
118.67899610090416,-272.7552206378705
118.48230543628341,-271.77475743173204
118.28560906029472,-270.7942953715044
118.08891234227275,-269.8138333840682
117.89221621757841,-268.83337127535094
117.6955197994842,-267.8529092264001
117.49882349602177,-266.87244715412834
117.30212715219443,-265.89198509006326
117.10543082176754,-264.911523023275
116.90873448705734,-263.9310609573567
116.7120381536811,-262.9505988911675
116.51534181989734,-261.970136825061
116.31864548623626,-260.9896747589296
116.12194915253843,-260.00921269280576
115.92525281885142,-259.02875062667954
115.72855648516148,-258.04828856055406
115.53186015147244,-257.06782649442846
115.33516381778334,-256.08736442830275
115.13846748409338,-255.10690236217704
114.9417711504041,-254.12644029605127
114.74507481671507,-253.1459782299255
114.54837848302542,-252.16551616379977
114.3516821493365,-251.18505409767408
114.15498581564688,-250.20459203154874
113.95828948195742,-249.22412996542323
113.76159314826816,-248.24366789929755
113.56489681457893,-247.26320583317204
113.36820048088978,-246.28274376704633
113.1715041472002,-245.30228170092062
112.97480781351132,-244.3218196347948
112.77811147982158,-243.3413575686692
112.58141514613207,-242.3608955025437
112.38471881244308,-241.38043343641792
112.18802247875362,-240.39997137029218
111.99132614506448,-239.41950930416658
111.79462981137492,-238.439047238041
111.59793347768549,-237.4585851719153
111.40123714399621,-236.47812310578968
111.20454081030681,-235.49766103966417
111.00784447661789,-234.51719897353837
110.81114814292795,-233.53673690741272
110.61445180923887,-232.5562748412869
110.4177554755486,-231.57581277516138
110.22105914186344,-230.59535070903476
110.02436280815891,-229.61488864291232
109.82766647452453,-228.6344265767754
109.63097014063825,-227.65396451069006
109.434273807648,-226.6735024444208
109.23757747148308,-225.69304037880443
109.04088114653851,-224.71257831087902
108.84418478205939,-223.73211625109548
108.64748855638983,-222.75165416269854
108.45079184527091,-221.77119217447608
108.25409682423478,-220.79072983707374
108.0573959496848,-219.81026871073354
107.86071522654845,-218.82980340835294
107.66396562013587,-217.84935240850666
107.4674494928635,-216.8688528186068
107.27015007671955,-215.88851671243617
107.07543974836426,-214.90763844690576
106.87040192007018,-213.92893668819505
106.65415656714512,-212.95259874887319
106.43973002453748,-211.97588303749723
106.21763794096242,-211.00085276835995
105.99548394246801,-210.02584570441286
105.77375532839773,-209.05073791932807
105.55180141543272,-208.07568260937506
105.32993769438043,-207.1006063939613
105.10804181541033,-206.12553761300683
104.88615669424814,-205.15046634881548
104.66426811684663,-204.17539588160656
104.44238061925691,-203.2003251655851
104.22049279114594,-202.2252545256806
103.99860506263389,-201.25018386284924
103.77671730447679,-200.27511320683953
103.55482955505613,-199.30004254881993
103.3329418030787,-198.32497189138843
103.11105405185755,-197.34990123378293
102.88916630036834,-196.37483057623925
102.66727854913171,-195.39975991863668
102.4453907971988,-194.42468926119741
102.22350304767538,-193.44961860319273
102.00161528966416,-192.47454794718257
101.77972756150487,-191.4994772841465
101.55783972872253,-190.52440664577472
101.33595226108045,-189.5493359211631
101.11406352521092,-188.57426549672664
100.89217916977256,-187.59919403291843
100.67027978247287,-186.62412614618736
100.44843158302362,-185.6490460363982
100.22641067933029,-184.67400733896517
100.00506275996901,-183.69880843989404
99.78260794956412,-182.72389183931926
99.5567238677616,-181.74972532358623
99.14589188636475,-180.30752136402594
99.01613270620936,-179.8246314723911
98.74087842252013,-178.86343442226934
98.46441332757024,-177.9025524369738
98.18828003335736,-176.94158584808451
97.91216603602547,-175.98060604569343
97.63573653474849,-175.01973856609442
97.35837836722888,-174.05902798455796
97.06149947971278,-173.10423094024816
96.76082865881274,-172.1505252644282
96.46310637179607,-171.19589182611878
96.1640713288233,-170.2416731275863
95.86552796237734,-169.28729842743428
95.56681537320307,-168.3329775183323
95.26815816488696,-167.3786389825201
94.96948342892678,-166.42430603027196
94.6708141095134,-165.46997135143462
94.37214314589454,-164.5156371969637
94.07347267449657,-163.5613028854541
93.77480205734679,-162.60696862045972
93.47613148305246,-161.65263434178553
93.1774608959606,-160.698300067195
92.87879031362425,-159.74396579109577
92.58011972651352,-158.7896315164835
92.28144915152214,-157.83529723814314
91.98277854026816,-156.88096297084644
91.68410803440692,-155.9266286719181
91.38543724594501,-154.9722944555969
91.08676709922042,-154.0179600631604
90.78809609846155,-153.06362583475357
90.48942253439733,-152.10929283492865
90.19077999725101,-151.15494838131616
89.89194157982053,-150.20067231718684
89.59413307555377,-149.24604547294783
89.13937567412162,-147.8168945842403
88.78572228698019,-146.88152031207403
88.4341405527739,-145.9454845801331
88.08085731622089,-145.0100430610119
87.72808744032265,-144.07442141826107
87.37516456621472,-143.1388536373366
87.02228682992883,-142.20326992137922
86.66939591249167,-141.2676908686549
86.31650872868053,-140.3321104957792
85.9636207921987,-139.39653037722456
85.61073199432911,-138.46095061184016
85.25784694263399,-137.52536934315276
84.90494972372915,-136.58979302599988
84.55209002269098,-135.65420108846547
84.19912020462019,-134.71865661951733
83.84643687605086,-133.78298017422694
83.48793807921413,-132.84953492210508
83.11066352102709,-131.9234983266408
82.73942663584185,-130.99498984648238
82.36614244435339,-130.0673170074125
81.99352172523058,-129.13937267757507
81.62069238157878,-128.21151378000422
81.24792721440403,-127.28362858111261
80.87514263073513,-126.35575134407483
80.50236384545961,-125.42787172828463
80.12958334666781,-124.49999281571195
79.75680334988506,-123.57211369705476
79.38402320713311,-122.64423463833515
79.01124310638917,-121.71635556236659
78.63846299428815,-120.78847649104767
78.26568288269416,-119.86059741957902
77.8929027813644,-118.9327183436739
77.52012263764367,-118.00483928600582
77.14734265559855,-117.07696015884528
76.77456206054826,-116.14908129500782
76.40178378830082,-115.221201433966
76.02899671648498,-114.29332534853705
75.65624297396513,-113.36543497044681
75.2833630166535,-112.43759868827804
74.91096093442448,-111.5095576949286
74.53669693977787,-110.58231398016677
73.91151448341122,-109.22025802204992
73.47093506833357,-108.32277802773174
73.02666677560313,-107.42703858954266
72.58295104601137,-106.53103905800569
72.13918091888381,-105.63506477519991
71.69540035021508,-104.73909558244932
71.25162926086102,-103.84312185841193
70.80785384210323,-102.94715019675078
70.36408007950337,-102.05117774726929
69.92030567753945,-101.1552056017751
69.47653171569794,-100.25923324675863
69.03275682685606,-99.36326133382659
68.58898488929279,-98.46728801214381
68.14520314569229,-97.57131937523445
67.70145370541132,-96.67533528951614
67.25759965584714,-95.77940130070255
66.81407655441816,-94.88330853630299
66.36954014533868,-93.98770328053592
65.92788873655,-93.09070458500621
65.47460140710363,-92.1994234922486
65.00803895031953,-91.31494327644705
64.54170541832251,-90.4303815285466
64.07600569572847,-89.54546588182895
63.60994848146915,-88.66074550916912
63.14403728242895,-87.7759458605276
62.67807350869512,-86.89117466652388
62.21212742368459,-86.00639391649634
61.746175634670905,-85.12161624419502
61.28022563224778,-84.23683760873278
60.81427508198428,-83.35205926842292
60.34832469697965,-82.46728083912319
59.88237426287999,-81.58250243625064
59.41642384285848,-80.69772402580004
58.95047341973263,-79.81294561702839
58.484522995524856,-78.92816720880853
58.018572572324274,-78.04338880014906
57.55262217129422,-77.15861037922492
57.086671586543694,-76.27383205823114
56.62072206546674,-75.38905316154828
56.15476716376814,-74.50427717010291
55.688837607859824,-73.61948751240091
55.22279381334047,-72.7347593958362
54.757249672203265,-71.849762296606
54.286835768661774,-70.96741781874961
53.51761974160786,-69.68026109072512
53.26432230470298,-69.24915107171972
52.479934373629305,-67.970749620156
52.225640646233074,-67.54024331163205
51.70607626875845,-66.68591441410715
51.18639707776447,-65.83165115625916
50.66675251490706,-64.9773680280621
50.14709764026721,-64.12309083434025
49.62744580492951,-63.26881188730816
49.10779308133884,-62.41453345370636
48.588140615519265,-61.5602548708579
48.06848807530542,-60.705976331145195
47.54883555658952,-59.85169777894953
47.02918303120451,-58.9974192306385
46.50953050955617,-58.14314068012326
45.98987798047854,-57.28886213403973
45.47022547542914,-56.434583573586934
44.95057288865546,-55.580305062069
44.430920578876496,-54.7260263844626
43.91126733933771,-53.87174826528319
43.391617181894794,-53.01746829107816
42.871956968541674,-52.16319438551682
42.35232888810066,-51.30890101867771
41.83260101598205,-50.454668393929566
41.313170489666916,-49.60025343324329
40.79291042576659,-48.74635364557162
40.273421857724834,-47.89190770706506
39.73793931467965,-47.047491419095934
39.19857658452632,-46.20545338163923
38.661260145333074,-45.36211286926222
38.12285617998556,-44.51947804259636
37.31673361095673,-43.25460843358462
36.7461017821724,-42.43337314252171
36.17691819472447,-41.61118293329559
35.60788085039049,-40.788878632267895
35.038651980679234,-39.9667093016361
34.46951521649208,-39.14447579659888
33.900342849842275,-38.32226698391089
33.3311829308307,-37.50004955876775
32.762018959793025,-36.67783493318007
32.19285605328581,-35.85561957237376
31.6236935901212,-35.03340390709266
31.0545283867234,-34.21119012788865
30.485372660990723,-33.38896982268649
29.916185826686252,-32.56677094728184
29.3470987426449,-31.74450331737938
28.77770053351948,-30.922450318079214
28.209215913926524,-30.099766328632143
27.636734567707244,-29.27985666299658
27.059865982569065,-28.46303386046938
26.483109782934733,-27.64613645299848
25.906551154633902,-26.82909614531409
25.329878234288486,-26.012137881322765
24.7532523761659,-25.19514590134824
24.17660947510425,-24.37816611900835
23.599972429980042,-23.561182146772666
23.0233331181113,-22.744199800577462
22.44669580945672,-21.92721600203935
21.870053473176696,-21.110235874106678
21.29342757784124,-20.293243705240375
20.716746892953015,-19.476291785981964
20.140246807928747,-18.659206694116698
19.56316164269144,-17.842555167969163
18.987462442882812,-17.0248478409186
18.39410667195485,-16.220145214087335
17.78287483673778,-15.428637506784092
17.176173458346778,-14.633767278591876
16.568119652384283,-13.839901927311672
15.960465336592083,-13.04573933918049
15.352693906061265,-12.251663979915609
14.744956935981397,-11.457562925722659
14.137208696093825,-10.663470298490722
13.529467773621457,-9.86937214490599
12.921712596607252,-9.075284848881791
12.313995427684892,-8.281168456499831
11.706183568692325,-7.487125149164967
11.098546192589321,-6.692943968305428
10.489496531269936,-5.899851612578274
9.873162873497762,-5.112361525641405
9.258058182610696,-4.323920117079322
8.642576039021767,-3.535771303171744
8.027211972945057,-2.747530833555396
7.411796641561943,-1.9593302064525178
6.796456613660838,-1.1710710201936636
6.180849786009523,-0.38301969404088476
5.868587514818631,0.007461344901824263
5.551685351915317,0.3942002073889783
3.746471709094445,2.6104987077750104
3.4401913311856402,2.9663241233275017
