-0.24,-1.2165
2.1752370833756296,-3.20143931293189
2.5675286833952597,-3.5114510854090697
3.3545324016227402,-4.12838686861161
4.141537062127161,-4.745321410969999
4.92853819761462,-5.36226059527221
5.71555249089295,-5.9791824526433
6.5025176780248,-6.596168975795031
7.28966613195167,-7.21291416275532
8.07613062484496,-7.830560028700741
8.87465498614202,-8.43232477053409
9.673025134632859,-9.03429258856647
10.4717769200294,-9.63575784545368
11.2704264590444,-10.237357745666099
12.069103346679599,-10.838921633722698
12.8677730862157,-11.4404949270775
13.6664440695279,-12.0420666113954
14.465117225834902,-12.643635326562901
15.263780446386399,-13.2452175273686
16.0624812369653,-13.8467487547719
16.86104168319,-14.4484703901467
17.6601259368044,-15.049481367038
18.4572553052139,-15.6531445698916
19.6732615361868,-16.5309470744324
20.4870027197728,-17.1120727457132
21.3010042349883,-17.692845220663102
22.114935995028702,-18.2737123336081
22.9288864441397,-18.854554090903896
23.7428318921431,-19.4354026328016
24.5567786555067,-20.016249391940697
25.370725158537102,-20.5970964975122
26.184671387540103,-21.1779440001129
26.998618972985703,-21.7587895681643
27.8125614066884,-22.3396424773837
28.62652309092,-22.920467956480397
29.440412924779,-23.501395814899897
30.2545709095995,-24.081941586150798
31.067728140946603,-24.6639133267535
31.8848070081605,-25.240297145160497
32.7096558556958,-25.805609551796397
33.5339505242071,-26.3717116057582
34.3584162430369,-26.9375699308447
35.1828361287729,-27.5034935633383
36.0072682965653,-28.069399695078502
36.8316971692259,-28.6353105224253
37.656126940357,-29.201220068098998
38.480556412738295,-29.7671300448587
39.304986181648104,-30.333039578947602
40.129415063193704,-30.8989504526337
40.9538471976678,-31.464856410601502
41.778267207792204,-32.0307806918455
42.602732462386705,-32.5966365957031
43.427028863450204,-33.162747685830105
44.251955434167996,-33.7279064082656
45.0745301797996,-34.2966194151978
45.911057997311204,-34.8442440004923
46.748984544456704,-35.38974602719129
47.5870629041643,-35.9350496347151
48.4260166213072,-36.4789142158071
49.2613170961465,-37.0287333218016
50.119198006333,-37.5417686761473
50.979410815798,-38.0510056926603
51.840306206405,-38.559130738681
52.701018699946204,-39.0675537362971
53.561780200608396,-39.5758968980238
54.4225285698522,-40.08426145171261
55.2832804576489,-40.5926202734425
56.1440314026522,-41.1009806310461
57.0047826002761,-41.609340577113706
57.865533730211,-42.11770063345129
58.726284878281405,-42.6260606602452
59.5870360214988,-43.134420694944
60.44778716599279,-43.6427807275665
61.308538310233494,-44.1511407605896
62.169289454210606,-44.6595007940866
63.0300405994954,-45.167860825287505
63.8907917398129,-45.67622086519871
64.75154289869221,-46.1845808725649
65.6122939882915,-46.6929410014008
66.4730453364487,-47.2013006769028
67.3337957196548,-47.709662044270495
68.1945497041071,-48.218017097509396
69.05529024852571,-48.726395715398105
69.9160809518329,-49.23468638881639
70.7766844596192,-49.743305275466206
71.63798659060079,-50.2506992536606
73.3735089963911,-51.242041718279296
74.2545272609668,-51.7148670492992
75.13570993179171,-52.187404123922796
76.01684855009479,-52.660018436615
76.8979989722356,-53.1326120534291
77.7791462315475,-53.605211215687106
78.6602943383372,-54.0778088920472
79.5414422180446,-54.5504069665553
80.4225901586036,-55.023004934369496
81.30373808283841,-55.4956029308109
82.1848860115183,-55.96820091943751
83.066033938742,-56.440798910696294
83.9471818673455,-56.913396899240894
84.82832979188579,-57.385994896010104
85.7094777312995,-57.8585928625953
86.59062561528259,-58.3311909416916
87.47177370611472,-58.803788600927604
88.35292102498128,-59.2763878270938
89.2340712248609,-59.7489812053996
90.1152106726541,-60.2215964082166
90.99639024778,-60.6941301608493
91.87742006566141,-61.166967889708005
92.759008785188,-61.6386711638467
93.63851165537821,-62.1146082806399
94.526235793556,-62.57385792414699
95.43037493271771,-62.9997885114184
96.3331326394747,-63.4285231206949
97.23632153281679,-63.856382510403606
98.1393948900701,-64.2844764144701
99.04249920509359,-64.7125074806731
99.94559522512479,-65.1405553839723
100.848693467355,-65.56859877675049
101.751791115781,-65.9966433745163
102.654888917227,-66.4246876628526
103.557986700397,-66.8527319839193
104.46108440364999,-67.2807764834939
105.36418244484501,-67.7088202363064
106.26727921419001,-68.1368667976597
107.170380732992,-68.5649028716119
108.07346452581801,-68.9929780866275
108.97661447309099,-69.4209072247906
109.87951752855301,-69.8493815293002
110.783341996811,-70.2758212452766
112.148599629762,-70.8937305825865
113.073072456877,-71.27457627776229
113.99758246313999,-71.6553398769782
114.922082507281,-72.0361254737402
115.84658522076401,-72.41690517627751
116.771087219,-72.79768645816749
117.695589408885,-73.17846731687159
118.620091547418,-73.5592482889664
119.544593699709,-73.9400292306844
120.46909584832198,-74.32081018051909
121.393597997888,-74.7015911282637
122.31810014732001,-75.082372076252
123.242602296336,-75.4631530253555
124.16710444714899,-75.8439339697544
125.09160659119,-76.2247149318563
126.016108760523,-76.6054958278511
126.940610835461,-76.9862769705715
127.865113262685,-77.3670571924965
128.789614375161,-77.7478408508773
129.71412039434298,-78.1286116842305
130.638608101449,-78.5094303812381
131.563164150153,-78.8900704486557
132.487465144538,-79.27137717077909
133.412718014603,-79.6501959036693
134.334418436269,-80.0382999387863
135.272071787747,-80.3847065984415
136.211692104055,-80.725972053823
137.151467881251,-81.0668311693441
138.091202002619,-81.4077991639035
139.030947286413,-81.7487379821699
139.970689576329,-82.0896846265699
140.910432679329,-82.4306291427287
141.850175523873,-82.77157434571879
142.789918589158,-83.112518929625
143.729661029933,-83.4534653030353
144.66940574801,-83.7944051375133
145.609141981387,-84.1353693382162
146.548909876261,-84.4762426129515
147.488559609848,-84.8174552253328
148.428650327086,-85.15740141309759
149.844370720954,-85.6507852541407
150.796369283998,-85.9565342804702
151.748774534875,-86.26111537351309
152.701070814076,-86.566009413337
153.65339629214898,-86.87081959932371
154.605713946408,-87.17565225387828
155.558033697052,-87.48047888799829
156.510352885971,-87.78530713528879
157.462672225404,-88.09013495033199
158.414991524507,-88.39496288119369
159.367310834415,-88.699790781029
160.319630141435,-89.0046186891511
161.2719494492,-89.3094465951526
162.224268756871,-89.6142745013497
163.176588064174,-89.9191024088848
164.128907373045,-90.2239303108724
165.081226676013,-90.52875823371201
166.033546001022,-90.8335860786911
166.985865243771,-91.1384142142602
167.938184793519,-91.4432412653298
168.890503197533,-91.74807236380751
169.842825877481,-92.0528883571522
170.795132599431,-92.35776072362091
171.74749887743602,-92.6624227027267
172.699642889217,-92.9678698581599
173.65261640984298,-93.2703866956465
174.60249416131,-93.5838396285922
175.564600464763,-93.85409405395201
176.52955207828302,-94.11429724893509
177.494672430917,-94.3739040255965
178.459742684721,-94.6336890196174
179.424844594732,-94.89335756252208
180.389869978744,-95.15331369253201
181.35516981054403,-95.41223592523741
183.289354742537,-95.91611028822929
183.77630398829498,-96.02960228930279
185.238558076202,-96.363857327194
186.213221065015,-96.58749978878309
187.18790302691602,-96.81107076081119
188.16257990499298,-97.03466088840959
189.13725814527697,-97.25824588328828
190.111936020558,-97.48183225347509
191.086613993642,-97.70541825514921
192.061291940519,-97.92900435556601
193.035969894419,-98.1525904295248
194.010647846437,-98.376176510573
194.985325798959,-98.59976258972158
195.96000375134602,-98.82334866937892
196.934681703769,-99.0469347489013
197.909359656184,-99.27052082845431
198.884037608596,-99.4941069080199
199.858715561026,-99.71769298750459
200.833393513387,-99.9412790673003
201.80807146600398,-100.16486514593299
202.782749417668,-100.388451228906
203.75742737289102,-100.61203729568001
204.732105314829,-100.83562342291201
205.706783306347,-101.05920932451099
206.681461112831,-101.282796068183
207.656139609869,-101.506379669198
208.630815529727,-101.729974998766
209.60550106775003,-101.95352655677799
210.580150710294,-102.177241472463
211.55493431658599,-102.400346729009
212.52921796336798,-102.625727264441
213.505598539245,-102.84156700287501
213.995148609889,-102.94324728580901
215.461627463421,-103.25818290579399
216.441868873712,-103.455988484932
217.42183806334899,-103.65507859856899
218.401880473196,-103.853823206681
219.38190326374803,-104.052660392719
220.361931311273,-104.251472772577
221.34195795019698,-104.450291799231
222.321984966555,-104.649109044881
223.30201188177898,-104.84792676775
224.282038824102,-105.04674436274799
225.26206575916402,-105.24556199201
226.242092696171,-105.44437961209
227.222119632658,-105.643197234631
228.20214656928397,-105.842014856512
229.18217350587202,-106.04083247857001
230.16220044247,-106.239650100581
231.14222737906601,-106.438467722604
232.12225431566299,-106.637285344624
233.102281252259,-106.83610296664499
234.08230818885502,-107.034920588665
235.062335125452,-107.233738210686
236.042362062048,-107.43255583270701
237.02238899864398,-107.631373454727
238.002415935241,-107.83019107674801
238.982442871837,-108.02900869876899
239.96246980843398,-108.22782632078899
240.94249674502998,-108.42664394281
241.92252368162602,-108.62546156483
242.902550618223,-108.824279186851
243.882577554819,-109.023096808872
244.862604491415,-109.22191443089199
245.842631428012,-109.420732052913
246.822658364608,-109.619549674934
247.802685301204,-109.81836729695401
248.782712237801,-110.01718491897499
249.762739174397,-110.216002540996
250.74276611099398,-110.41482016301599
251.72279304759,-110.613637785037
252.702819984186,-110.812455407058
253.682846920783,-111.01127302907801
254.662873857379,-111.210090651099
255.642900793975,-111.408908273119
256.62292773057203,-111.60772589513999
257.60295466716804,-111.806543517161
258.582981603764,-112.005361139181
259.563008540361,-112.20417876120199
260.543035476957,-112.402996383223
261.523062413554,-112.601814005242
262.503089350149,-112.800631627267
263.483116286749,-112.999449249272
264.463143223333,-113.19826687135
265.443170159974,-113.39708449315701
266.423197096406,-113.595902115976
267.40322403361597,-113.794719735017
268.383250967921,-113.99353736815901
269.363277913069,-114.192354948673
270.34330481774896,-114.391172725598
271.32333187346,-114.58998976951
272.303358365512,-114.78880954906201
273.283386961171,-114.98761911906601
274.263407706061,-115.18646679161999
275.24345810351,-115.385170549862
276.223759977508,-115.582653803838
277.20403898772,-115.780248023826
278.184327094672,-115.97779809413
279.164612764159,-116.17535999430599
280.144899086763,-116.37291872467699
281.125185234365,-116.57047830439501
282.105471428859,-116.76803765653099
283.085757610788,-116.965597069647
284.066043796084,-117.16315646642401
285.04632998047697,-117.360715867579
286.026616165113,-117.558275267561
287.00690234968397,-117.755834667857
287.987188534272,-117.953394068069
288.96747471885504,-118.15095346830299
289.94776090344,-118.34851286853201
290.92804708802396,-118.546072268762
291.908333272608,-118.743631668991
292.888619457192,-118.941191069221
293.868905641777,-119.13875046945101
294.849191826361,-119.336309869681
295.829478010945,-119.53386926991001
296.80976419552997,-119.73142867014
297.790050380114,-119.92898807036998
298.77033656469797,-120.12654747059999
299.75062274928297,-120.32410687082898
300.730908933867,-120.521666271059
301.71119511845103,-120.71922567128901
302.691481303036,-120.916785071518
303.67176748762,-121.11434447174801
304.65205367220403,-121.311903871978
305.63233985678903,-121.50946327220801
306.612626041373,-121.707022672437
307.592912225957,-121.90458207266701
308.573198410542,-122.10214147289699
309.553484595126,-122.29970087312701
310.53377077971,-122.497260273356
311.514056964295,-122.69481967358601
312.494343148879,-122.89237907381599
313.474629333463,-123.08993847404498
314.454915518047,-123.28749787427601
315.435201702632,-123.485057274502
316.415487887214,-123.682616674744
317.395774071807,-123.88017607492901
318.37606025636,-124.077735475325
319.356346441063,-124.275294874935
320.336632625204,-124.472854277478
321.316918811442,-124.67041366907301
322.29720498985296,-124.867973101529
323.277491197478,-125.06553238148899
324.257777296072,-125.263092230571
325.238063801579,-125.460649955661
326.218348788463,-125.65821560759599
327.198639442926,-125.855751676145
328.178908945694,-126.053398151394
329.159257387667,-126.250632583229
330.139311224511,-126.449404782018
331.12050077062696,-126.64224885528
332.103169857617,-126.827370085868
333.085830307458,-127.012536400267
334.06849307936795,-127.19769059402799
335.051155229082,-127.382848035505
336.033817545513,-127.56800460675801
337.016479817272,-127.753161411191
337.999142101003,-127.938318153127
338.981804381518,-128.12347491186898
339.964466662924,-128.30863166588802
340.94712894398,-128.493788421991
341.929791225545,-128.678945174481
342.91245350542704,-128.864101939339
343.89511579153,-129.049258658336
344.877778054434,-129.23441554841298
345.86044040391295,-129.419571800028
346.843102430288,-129.604730434412
347.82576566250503,-129.789880176183
348.808424394461,-129.975063105635
349.791099921615,-130.160122176978
350.77371276824,-130.34564349307502
351.75655954178495,-130.529439688264
353.73781415967903,-130.782187572614
354.733385959846,-130.87505804877898
355.728977574329,-130.967795390918
356.724563879582,-131.060568406212
357.72015160743797,-131.153331862913
358.715738954109,-131.246097880831
359.711326402919,-131.338863212472
360.706913824361,-131.431628728006
361.702501253136,-131.524394194245
362.698088679944,-131.617159673771
363.69367610728995,-131.70992514944402
364.689263534449,-131.802690627242
365.684850961817,-131.89545610039102
366.680438388536,-131.988221590013
367.676025817643,-132.080987018393
368.671613237847,-132.173752675266
369.667200691275,-132.266517479409
370.662788020711,-132.359285465979
371.658375812891,-132.452041575572
372.653961878086,-132.544842010644
373.64955438847903,-132.637477020779
374.645122845064,-132.730729405182
376.14084997958804,-132.819587204079
377.13795398917097,-132.873559342901
378.13508267129095,-132.926807481677
379.132287112227,-132.978462257751
380.129163845365,-133.03721448467698
381.128630366634,-133.03977403703698
382.12866748360904,-133.029951152758
383.12858641319605,-133.02269309953698
384.12853710596903,-133.014745741117
385.128479287821,-133.00698308146798
386.128423750168,-132.999170931933
387.128367601459,-132.99137204317302
388.128311616481,-132.983569601199
389.128255587632,-132.975768111307
390.12819957053705,-132.967966366299
391.12814355029406,-132.960164689673
392.12808753089104,-132.952362994635
393.12803151127997,-132.944561304863
394.127975491657,-132.936759612439
395.12791947229,-132.92895792535802
396.12786345191,-132.921156219558
397.127807435328,-132.913354583288
398.12775140456597,-132.905552687619
399.12769542672896,-132.897751760017
400.12763925136903,-132.88994721954398
401.127583813176,-132.88215616248698
402.127525623838,-132.87431478463898
403.12747770191396,-132.866661206538
404.12739146147993,-132.85830675024098
405.12744822766996,-132.852568006979
406.623004242338,-132.771562387672
407.615798280019,-132.654905867443
408.60806747721495,-132.53058617937901
409.600377458488,-132.406918691005
410.592676511635,-132.283076445342
411.58497849296504,-132.15928102575398
412.57727968969004,-132.035473059156
413.56958109665,-131.91166845452
414.561882447278,-131.787862949048
415.55418381300103,-131.664057684961
416.546485174673,-131.540252356167
417.538786537451,-131.416447044816
418.531087899858,-131.2926417284
419.523389262647,-131.16883641479998
420.515690624276,-131.045031095002
421.507991990161,-130.921225797178
422.50029334018404,-130.797420417659
423.49259474939794,-130.673615342943
424.484895937712,-130.549809130712
425.477197950433,-130.426007163738
426.469496886428,-130.302189353251
427.46180730492006,-130.178430671558
428.454074870148,-130.05445131820298
429.94237988346396,-129.868554140929
430.438332992756,-129.80506616744802
432.40366987128505,-129.459383205531
433.382479559371,-129.266103149788
434.361246608566,-129.07260466105302
435.340165036576,-128.879881458491
436.306405872751,-128.62223140959298
437.272695862706,-128.364833097382
438.238940835056,-128.107204232315
439.20519786983596,-127.849637143699
440.171451672498,-127.59205350213301
441.137706341203,-127.33447429591601
442.103960777853,-127.076893901252
443.07021527668195,-126.81931382503001
444.036469758851,-126.56173366348499
445.002724245479,-126.30415352478799
445.96897873093104,-126.04657338002501
446.935233216629,-125.788993236677
447.90148770252,-125.531413093736
448.86774218739004,-125.273832947751
449.83399667615095,-125.016252813534
450.800251150371,-124.75867263529
451.766505678863,-124.501092621385
452.73276000480905,-124.24351199415199
453.699015086666,-123.98593365589198
454.665267347425,-123.72834677506701
455.63153013666704,-123.47079177552901
456.59775363307403,-123.213117793411
457.56412377233903,-122.955887860323
458.529946633005,-122.69700071369499
459.497811965207,-122.4442983722
460.445883247297,-122.131657697876
461.393632174935,-121.818040907269
462.340755994644,-121.502531210732
463.28804568829,-121.18752386250799
464.23529699411904,-120.872400026959
466.12927466019096,-120.240870635058
467.057527676698,-119.86893231301599
467.98576069567804,-119.496934220385
468.913999072976,-119.124952143226
469.842236014533,-118.75296577476801
470.77047334073603,-118.380980556031
471.698710564096,-118.00899502971001
472.62694781417997,-117.63700958400601
473.55518506021303,-117.265024123416
474.48342229572404,-116.89303864175301
475.41165957737394,-116.521053259268
476.33989668499197,-116.149067501145
477.26813444259903,-115.777083146394
478.196369774282,-115.405093553794
479.124614159671,-115.03312350921999
480.052824756159,-114.661080510387
480.981161454546,-114.289309780566
481.909027534237,-113.916522928958
483.723850453288,-113.08242986644699
484.630613569834,-112.664080615712
485.53736434661596,-112.245706839077
486.44435923085,-111.82785220115801
487.35039002504095,-111.407945534272
488.260033071951,-110.995727844542
489.155424077235,-110.55317338831301
490.036894748889,-110.080988225051
490.918357070166,-109.608785287892
491.79982162892,-109.136587113235
492.681285588143,-108.664387662467
493.562749708013,-108.192188553638
494.44421378482696,-107.71998935316799
495.325677873219,-107.247790177322
496.207141958355,-106.77559099462098
497.08860604493697,-106.303391814715
497.97007012898905,-105.831192630483
498.851534221716,-105.358993460761
499.73299828227204,-104.88679423732599
500.614462462838,-104.414595214235
501.49592619553704,-103.942395443477
502.377391599692,-103.470198463044
503.25885076589003,-102.99799106898001
504.14033321245904,-102.525822539114
505.021728775504,-102.053508966086
505.90344859227304,-101.581736701507
506.78395827766997,-101.10794424629499
508.087010461814,-100.36800744663
508.94089559148904,-99.8497649158385
509.762679005806,-99.2799065966834
510.586211981559,-98.7128722018453
511.40861630593497,-98.14402120832631
512.2313230515371,-97.575656970957
513.053948763614,-97.0071623076697
513.876596188561,-96.4387025919047
514.6992377955539,-95.87023351196859
515.5218809614939,-95.3017669411945
516.344523709599,-94.7332996979436
517.1671665700981,-94.164832635438
517.989809398857,-93.5963655224279
518.812452242182,-93.0278984306906
519.6350950589799,-92.4594313043662
520.4577379673229,-91.89096429511758
521.280380536012,-91.322496852153
522.103024371769,-90.7540310269767
522.925663478911,-90.1855591643631
523.748320233444,-89.6171098337104
524.570911127029,-89.0485764126515
525.3937478170141,-88.4803568212563
526.215667182348,-87.91096600161259
527.814073779924,-86.7151648953063
528.594243355201,-86.09246879831
529.373575052049,-85.46870338001021
530.153381397739,-84.8455422550306
530.93212702649,-84.2210332780734
531.714640874152,-83.60131141570659
532.481715595451,-82.961976174627
533.227423108524,-82.29549674858521
533.9753420213391,-81.6318266095195
534.722604905385,-80.9673230737792
535.470043571813,-80.30304284600841
536.217435137481,-79.63870278303429
536.964839323807,-78.97437875290379
537.712240128262,-78.3100504266022
538.459641839544,-77.6457232521416
539.207043305391,-76.98139576648799
539.954444846148,-76.3170683737653
540.701846332699,-75.6527409205119
541.449247961163,-74.9884136164505
542.196649076183,-74.324085776152
542.9440521030671,-73.6597599316098
543.691447995937,-72.9954266402795
544.438870513002,-72.331121140345
545.186193667297,-71.6667119216158
545.93388764848,-71.00268978666959
546.680197684881,-70.337223035386
547.431672673519,-69.6771476656688
548.1532854592231,-68.9859009461925
548.87008694031,-68.2896319934291
549.586158744255,-67.59260138561051
550.30242640421,-66.895775179545
551.018640317266,-66.19889302152221
551.7348733619091,-65.5020302695758
552.451083627105,-64.8051458452811
553.167365878501,-64.1083287043031
553.883382964542,-63.4112641024066
554.6003887258059,-62.7151220608675
555.3137049515329,-62.0155372388171
556.666560876414,-60.54998828871079
557.320092159091,-59.7946168380073
557.973860937176,-59.039465963781794
558.627521174963,-58.2842176761225
559.281378078538,-57.5291384657205
559.934556859259,-56.7734803597233
560.590251465605,-56.0199687588494
561.236455662578,-55.2583602548319
561.846993214508,-54.4663222496776
562.458917813415,-53.6754676216877
563.070380317056,-52.8842187509968
563.681966638751,-52.0930755173193
564.293519783498,-51.301903978289296
564.905081817981,-50.5107400236557
565.516641470467,-49.719574036789105
566.1282017612069,-48.928408594458
566.7397618809259,-48.137243006218206
567.351322046475,-47.346077457077506
567.962882199727,-46.5549118974489
568.574442356336,-45.7637463406729
569.186002511813,-44.9725807829744
569.797562668461,-44.1814152261135
570.409122821558,-43.3902496668245
571.0206829876889,-42.5990841164106
571.632243105235,-41.807918532924106
572.243803404084,-41.0167530728529
572.8553630263079,-40.2255871521933
573.46692517373,-39.4344229504719
574.078477896983,-38.643252333586
574.690065791717,-37.8521056584201
575.301522424694,-37.0608696315387
575.913468933216,-36.2699670697991
576.523587201317,-35.4778199992081
577.1405285555591,-34.6903174988807
577.711678156868,-33.871643846311194
578.2803050301001,-33.0512526259014
578.847480072555,-32.2298742518597
579.415643537361,-31.409164487206397
579.981305143539,-30.586767438631398
581.072333042521,-28.9156551201961
581.580917201576,-28.0547781740099
582.0886465236509,-27.193324932246
582.596604898611,-26.3320261084201
583.104501899011,-25.4706859084199
583.612415344763,-24.609356795178698
584.120324383667,-23.748024711075804
584.628234604612,-22.886693423660603
585.136144504244,-22.0253619203565
585.644054507083,-21.1640304839203
586.151964418407,-20.3026989959016
586.659874592584,-19.441367647344602
587.1677838068659,-18.5800357925237
587.6756965978769,-17.718705823296602
588.183596041866,-16.857368817958
588.691545297211,-15.9960580714715
589.199308654155,-15.1346493256883
589.707765793349,-14.273606318239699
590.213633701942,-13.411198356749498
590.729164750688,-12.553884473091
591.207850910383,-11.677147075892101
591.6647058366269,-10.788871978510402
592.567366793371,-9.00800125659106
592.962584916807,-8.08973926964705
593.356060379952,-7.170627425856201
593.750002787517,-6.25174330052194
594.143820077694,-5.332798158208201
594.537670893002,-4.41386936535576
594.931512725174,-3.4949361916375796
595.32535696476,-2.57600419192107
595.719200557827,-1.65707187706363
596.113044329554,-0.7381396487682359
596.506888033158,0.180792610634392
596.900731830596,1.0997248321701398
597.2945753208201,2.01865717406618
597.6884199460691,2.9375890723879396
598.082260338432,3.85652262464651
598.476116527313,4.77545000473213
598.8699137630069,5.69440041957272
599.263931014931,6.613264867566401
599.657127155123,7.532450148192769
600.053387726011,8.45043806513528
600.437791761881,9.3730586808915
600.778018164555,10.3129408042128
601.123293029354,11.250850344105
601.466824270948,12.1894411691423
601.810822714829,13.1278494444219
602.154695972769,14.066306633587502
602.498602772184,15.004750716966901
602.842500591642,15.9431983096048
603.18640078945,16.8816449709951
603.530300453818,17.820091848117197
603.8741998735929,18.758538793559502
604.2181008051809,19.696985249989602
604.561995934112,20.635433594148
604.905912761856,21.5738748764056
605.249748597005,22.512342518538
605.593886703722,23.450711783072
605.936896716765,24.3894481981248
606.577486622302,26.280523237664298
606.857635505391,27.2397591334307
607.136902300173,28.199329205184803
607.413727548641,29.1595226966362
607.701201070671,30.116888333311
607.947022227077,31.085341545683605
608.170273722649,32.0598041953201
608.392412717111,33.034562899008606
608.6148498053279,34.009242275256604
608.8372070196331,34.9839429072145
609.059585635833,35.958637843773296
609.281958518364,36.933334306218796
609.504332933675,37.9080303605165
609.726706951537,38.882726521518705
609.949081026413,39.8574226638505
610.171455270684,40.8321187741596
610.39382878036,41.806815031229995
610.616205059022,42.7815107332779
610.838570996333,43.7562085086543
611.060975530064,44.7308985457393
611.2832360194641,45.7056174626612
611.506034089769,46.6802285985273
611.7268258807879,47.6552419787795
612.116473828641,49.6150682962369
612.290946337161,50.599368355321296
612.465036152514,51.5837451416035
612.6392285100039,52.568101368917205
612.813393392112,53.552463104907
612.987565633611,54.536823365161
613.161735912926,55.521184019681996
613.335906681586,56.5055445728709
613.510077455052,57.489905137121404
613.684247719949,58.474265758457406
613.858420014316,59.458626140389605
614.032584699373,60.4429874228519
614.2067777921981,61.427345342597505
614.380864863262,62.4117158126795
614.555347613601,63.3960394441329
614.728353668599,64.3805378797641
614.906870825688,65.3643839373128
615.06397433289,66.3507648410671
615.14901367317,67.3456763701814
615.242352544102,68.33960541721329
615.3328687280671,69.3338686844278
615.424134114934,70.3280429521723
615.441132994687,70.8277575203086
615.532278599065,71.82194713298091
615.62330259601,72.8161467907581
615.787623871091,74.30488957613191
615.894383356955,76.29834825179059
615.914994562649,77.2980214453023
615.935184650176,78.29772737823171
615.955487575976,79.2974245386606
615.975760266852,80.29712404967391
615.996041059151,81.29682293085
616.01631968068,82.2965219807904
616.0365988838649,83.2962209855106
616.0568779311969,84.2959200023475
616.077157020289,85.2956190159378
616.09743609819,86.29531803039791
616.117715179097,87.2950170446253
616.1379942591681,88.29471605891399
616.158273339579,89.2944150731898
616.178552419467,90.294114087456
616.198831501108,91.29381310177371
616.2191105762561,92.29351211589459
616.239389675625,93.2932111307512
616.259668684604,94.29291014286221
616.279948030922,95.2926091652198
616.300226118272,96.29230814933642
616.320508904157,97.2920072761706
616.34077415487,98.2917058703755
616.361104847736,99.2914064523798
616.38119130716,100.29109961581601
616.402189258199,101.290820465725
616.419785476222,102.29043798830999
616.450077134693,103.290441133721
616.430641592959,104.288933483567
616.386638327678,105.286650721378
616.290712769493,106.781363370621
616.184959164902,107.77571604077299
616.079641585947,108.77009499359899
615.974207149059,109.764466902648
615.868804022817,110.75884069889099
615.763392511925,111.753213990138
615.6579832289881,112.747587414172
615.552573418881,113.741960812057
615.4471634895,114.736334181752
615.3417545643799,115.73070769035299
615.236341741493,116.72508067152
615.130943505413,117.71945562351699
615.025490819874,118.71382321963002
614.920241345364,119.708218268449
614.814233476193,120.702510862328
614.7110559746379,121.69718582325899
614.5967437506121,122.69035664785801
614.449668453297,123.679114399585
614.306098267519,124.668318466773
613.946800652975,126.63393666418699
613.752070993242,127.614518708393
613.557243106611,128.595087525926
613.362441547525,129.575659889181
613.167632905158,130.55623129622
612.972826268367,131.536802982403
612.778018692552,132.51737450822202
612.583212867259,133.49794639635599
612.388400978903,134.478516995594
612.193611592277,135.459092388099
611.998738261794,136.439649896433
611.804178205007,137.420274148184
611.6084489972931,138.400649310441
611.4170831195929,139.381954087254
611.2064157991069,140.359146660273
610.972319764117,141.331347707541
610.742450755935,142.304449329747
610.511396945474,143.27729852790702
610.2806606015249,144.250215362795
610.049839193803,145.223114074817
609.819040574662,146.196017641575
609.588235864973,147.168919912256
609.357432728891,148.141822512507
609.1266293889299,149.11472509055798
608.895825290882,150.087627427835
608.665024429058,151.060530750409
608.434211380424,152.03343037257
608.2034438428041,153.006343811087
607.972506447942,153.979205684592
607.742202971035,154.952260001791
607.509533679548,155.92459610922302
607.285693728423,156.899612612032
607.0245563448191,157.863306508385
606.748791295296,158.822562343942
606.471289620319,159.781282405605
605.817022139383,161.665838412767
605.457963307368,162.59884461918801
605.099124126814,163.531919847217
604.740226090831,164.464976580963
604.381343825102,165.39803827023198
604.022457333785,166.33109863169
603.663571974565,167.264159348871
603.304686312544,168.19721997097201
602.945800729631,169.13028061767
602.5869151330901,170.063341261062
602.22802951195,170.996401893078
601.869144002836,171.929462573905
601.510258070216,172.86252307086102
601.151373719592,173.79558425449298
600.7924834644921,174.72864287529302
600.433615245301,175.661711060742
600.074664786949,176.59474355043
599.716021249332,177.527909258512
599.356232267933,178.460577788779
599.00071814093,179.39510181191102
598.628951861686,180.322571617582
598.2071012746891,181.228302419515
597.787585423527,182.135046609346
597.367311296483,183.041461670871
596.9472403501719,183.947964922714
596.527114956811,184.854444541587
596.107004170918,185.76093050202098
595.686889402204,186.667414729183
595.266775957303,187.573899547875
594.8466611999701,188.480383733717
594.426550368553,189.386869859426
594.006425145906,190.29334885852
593.586353562264,191.199854424207
593.166081813827,192.10626085013698
592.299150004573,193.90478170667302
591.819654503425,194.781855134239
591.3380122921631,195.657865315364
590.856945290114,196.53416039249802
590.375724161323,197.410379132038
589.894544330285,198.28661832594503
589.4133534349791,199.162852039978
588.932165498992,200.039087219139
588.4509767899971,200.91532201766302
587.9697882137169,201.791556873606
587.4885998795829,202.667791880511
587.0074104441491,203.544026226147
586.526225171768,204.4202630659
586.045024348479,205.296490590452
585.563881565769,206.17275288169301
585.082522171649,207.04888542137797
584.60197118259,207.92550220059601
584.1184031846959,208.800311773237
583.646094817081,209.681865932656
583.114741414673,210.52805175907298
582.579469490699,211.371890373858
582.043875688958,212.21553615812698
581.5083695538569,213.059234544047
580.972834629962,213.90291535388099
580.437327194601,214.74661386641003
579.9017385939,215.59025914424197
579.366447166026,216.43409965816798
578.830048212184,217.277212462413
577.731331681036,218.94570144297901
577.447744785545,219.357500511483
576.869021665399,220.172803584633
576.288676340574,220.987040763315
575.708765699395,221.801563559394
575.1287385283099,222.616009780353
574.548742793201,223.430476684396
573.968737844096,224.24493743122002
573.388738314999,225.059402123839
572.8087263198651,225.87385719049598
572.228758768872,226.688346815208
571.64862590735,227.50270783365897
571.069109843805,228.317548719103
570.487291898883,229.13059874283297
569.914064681489,229.95033234642398
569.295154405241,230.734525843696
568.670734464204,231.514444598014
568.043420409216,232.29207000484502
566.778890620976,233.83929608348998
566.119436103333,234.59105085702302
565.46015902542,235.342947733334
564.800834402675,236.09480653332
564.1415225195291,236.846675535828
563.482207222818,237.598541804577
562.822892840769,238.350408805835
562.163578213637,239.102275610818
561.504263652175,239.85414246839298
560.844949073116,240.606009311875
560.185634498773,241.35787615913398
559.5263199231659,242.109743005381
558.867005347897,242.861609851899
558.207690772538,243.61347669834402
557.548376197205,244.36534354481003
556.889061621857,245.117210391264
556.229747046542,245.869077237748
555.5704324711099,246.62094408412102
554.9111178961119,247.372810930911
554.251803319497,248.124677776143
553.592488748918,248.876544627189
552.933174155808,249.628411456538
552.2738596467871,250.38027836686
551.61454482394,251.132144974987
550.9552311723111,251.88401271092002
550.295913149634,252.635876237824
549.63661143993,253.387755473038
548.977248849383,254.139576084043
548.318113469235,254.891615483573
547.6581301283351,255.642838353212
547.001311420046,256.397108553891
546.331277098225,257.13865640173
545.273114896478,258.20044971234296
544.553572243025,258.89481641497997
543.8333194818721,259.588500618073
543.113256993503,260.282367696368
542.393143521695,260.9761857734
541.673043710859,261.670016980281
540.952940239576,262.36384466903
540.232837749107,263.057673300459
539.51273499583,263.751501679298
538.792632312972,264.445330125818
538.0725296112449,265.139158554203
537.3524269145739,265.832986987447
536.632324216548,266.52681541939
535.912221518886,267.22064385168096
535.192118821126,267.91447228387796
534.472016123392,268.608300716101
533.751913425651,269.302129148317
533.031810727912,269.995957580535
532.311708030172,270.689786012752
531.591605332434,271.38361444497
530.871502634692,272.077442877185
530.151399936962,272.771271309412
529.431297239187,273.46509974159403
528.711194541578,274.158928173946
527.9910918433529,274.85275660566003
527.270989147424,275.546585039757
526.550886442928,276.240413464961
525.830783770405,276.934241923353
525.110680978558,277.62807025788504
524.390578632034,278.321899054669
523.670474623539,279.015726126306
522.950376817609,279.70955963628
522.230255863389,280.40336911805
521.510221299762,281.097268274301
520.7898629893081,281.790831377423
520.0643689859739,282.479063569092
519.339249251103,283.16768425596
518.613952974132,283.85612168999
517.8887040014749,284.54460822647
517.163442353664,285.233081605988
516.438184102151,285.921558510904
515.712924940603,286.610034471192
514.987666022898,287.29851068459203
514.262407039856,287.986986830171
513.53714807432,288.675462993923
512.811889104094,289.36393915280496
512.086630135124,290.05241531299197
511.361371165818,290.74089147282996
510.636112196601,291.42936763276003
509.91085322736296,292.117843792668
509.185594258123,292.80631995257403
508.460335288911,293.494796112512
507.735076319587,294.183272272324
507.009817350682,294.871748432606
506.284558380217,295.560224591134
505.559299415569,296.248700756208
504.834040429215,296.937176896849
504.108781523871,297.62565312867997
503.38352231619103,298.314129020184
502.658264236843,299.002606181807
501.933001946502,299.691078603279
501.20775537180197,300.379568715235
500.48245014553396,301.067992805405
499.757363809896,301.756663292237
499.031460563304,302.444414214208
498.308606069898,303.135596998962
497.19017362305,304.133928903684
496.445299274529,304.800320185851
495.682425697911,305.446471262471
494.912397238195,306.084576596941
494.143890931746,306.724393609993
493.374973651829,307.363748478738
492.606166491921,308.003227178676
491.83732982544603,308.64267269814604
491.06850106523103,309.28212710829604
490.2996701865401,309.921579136196
489.530839875494,310.561031802417
488.762009412347,311.200484297601
487.993178989956,311.839936838614
487.224348556644,312.479389367347
486.455518126258,313.118841899371
485.686687695088,313.758294430513
484.91785726412905,314.39774696189096
484.149026833113,315.037199493206
483.38019640211195,315.676652024537
482.61136597110703,316.31610455586497
481.842535540103,316.955557087193
481.07370510909897,317.595009618521
480.304874678095,318.23446214984904
479.536044247091,318.873914681178
478.76721381608706,319.513367212506
477.99838338508204,320.152819743834
477.229552954078,320.792272275162
476.460722523074,321.43172480648997
475.69189209207,322.071177337819
474.92306166106596,322.710629869147
474.154231230062,323.350082400475
473.385400799058,323.989534931803
472.61657036805394,324.62898746313203
471.84773993705,325.26843999446
471.078909506046,325.907892525788
470.31007907504204,326.547345057116
469.54124864403803,327.186797588444
468.772418213034,327.82625011977296
468.00358778202906,328.465702651101
467.234757351025,329.10515518242903
466.465926920021,329.74460771375703
465.69709648901704,330.384060245085
464.928266058013,331.023512776414
464.159435627009,331.662965307742
463.390605196005,332.30241783907
462.62177476500096,332.94187037039796
461.85294433399696,333.581322901726
461.084113902993,334.220775433055
460.315283471989,334.860227964383
459.54645304098506,335.499680495711
458.77762260998,336.139133027039
458.00879217897597,336.778585558367
457.239961747972,337.418038089696
456.471131316968,338.05749062102404
455.70230088596395,338.696943152352
454.93347045495995,339.33639568367994
454.164640023956,339.975848215008
453.395809592952,340.615300746337
452.626979161948,341.254753277665
451.858148730944,341.894205808993
451.08931829994003,342.533658340321
450.320487868936,343.17311087164904
449.551657437931,343.81256340297796
448.78282700692705,344.452015934306
448.013996575923,345.091468465634
447.245166144919,345.73092099696197
446.47633571391503,346.370373528291
445.707505282911,347.009826059619
444.93867485190697,347.64927859094706
444.169844420903,348.288731122275
443.401013989899,348.92818365360296
442.632183558895,349.56763618493204
441.863353127891,350.20708871626
441.094522696887,350.846541247588
440.32569226588305,351.485993778916
439.556861834878,352.125446310244
438.78803140387396,352.76489884157303
438.01920097287,353.404351372901
437.250370541866,354.043803904229
436.48154011086194,354.68325643555704
435.712709679858,355.322708966885
434.943879248854,355.962161498213
434.17504881785004,356.601614029542
433.406218386845,357.241066560869
432.63738795584396,357.880519092201
431.86855752483,358.519971623518
431.099727093861,359.159424154888
430.33089666272696,359.79887668605903
429.562066232208,360.43832921797303
428.793235799393,361.077781747115
428.024405375149,361.717234286604
427.25557491891294,362.356686787473
426.486744582078,362.996139432479
425.71791379962997,363.635591539553
424.949084680233,364.275045654222
424.180249354244,364.91449227643994
423.41143719157003,365.55396686087005
422.642538582231,366.19333708889997
421.87396259623597,366.833096780319
421.10375301728203,367.47088443635397
420.333377774119,368.108472106413
419.56297408127097,368.746025432676
418.792578011493,369.38358796133105
418.02217989912003,370.02114802421204
417.251782334058,370.658708747795
416.481384622345,371.29626929434403
415.710986949926,371.933829888329
414.940589266979,372.571390469604
414.17019158685304,373.208951054284
413.39979390597097,373.846511638052
412.629396225292,374.48407222206396
411.858998544558,375.12163280601095
411.088600863839,375.759193389975
410.318203183116,376.396753973935
409.54780550239406,377.03431455789496
408.777407821671,377.671875141856
408.00701014094903,378.309435725817
407.236612460227,378.946996309777
406.466214779505,379.584556893738
405.69581709878196,380.22211747769796
404.92541941806,380.859678061659
404.155021737338,381.49723864562003
403.38462405661596,382.13479922958
402.614226375894,382.772359813541
401.843828695171,383.40992039750097
401.073431014449,384.047480981462
400.30303333372706,384.685041565423
399.532635653004,385.322602149383
398.76223797228204,385.96016273334396
397.99184029156,386.597723317304
397.22144261083804,387.235283901265
396.451044930116,387.872844485226
395.680647249393,388.510405069186
394.910249568671,389.14796565314697
394.13985188794896,389.78552623710704
393.369454207227,390.42308682106795
392.599056526504,391.060647405029
391.828658845782,391.69820798898905
391.05826116506006,392.33576857295
390.287863484338,392.97332915691004
389.51746580361504,393.61088974087096
388.747068122893,394.248450324831
387.97667044217104,394.88601090879206
387.206272761449,395.523571492753
386.435875080727,396.16113207671305
385.66547740000397,396.79869266067396
384.895079719282,397.43625324463403
384.12468203856,398.07381382859495
383.35428435783797,398.711374412556
382.583886677115,399.34893499651605
381.81348899639295,399.98649558047697
381.043091315671,400.62405616443704
380.272693634949,401.26161674839796
379.502295954226,401.899177332359
378.73189827350404,402.536737916319
377.961500592782,403.17429850028
377.19110291206,403.811859084241
376.420705231336,404.4494196682
375.65030755061895,405.086980252166
374.879909869878,405.724540836104
374.10951218922696,406.36210142015096
373.339114508237,406.999662003787
372.568716828515,407.637222588959
371.798319144059,408.27478316839995
371.027921477274,408.91234376922796
370.25752374453697,409.54990429023803
369.487126257937,410.18746510913496
368.71672785274,410.82502481629996
367.946332875795,411.46258867250503
367.175925104438,412.10013704428496
366.40556508247903,412.73774320472506
365.635026857338,413.375133694948
364.865167156385,414.01334536837004
364.09552961063997,414.651825904905
363.325904201987,415.290321130342
362.55627554121,415.9288124199
361.786647751837,416.567304764073
361.017019728972,417.205796825663
360.24739176867104,417.84428896297095
359.477763791606,418.482781079991
358.708135819033,419.12127320244696
357.93850784525597,419.75976532344595
357.168879871802,420.398257444835
356.39925189826204,421.03674956612
355.629623924744,421.675241687433
354.859995951221,422.31373380873805
354.090367977699,422.952225930046
353.320740004176,423.590718051353
352.551112030654,424.229210172659
351.78148405713205,424.867702293966
351.011856083609,425.506194415273
350.24222811008696,426.14468653657997
349.472600136565,426.78317865788694
348.702972163042,427.421670779194
347.93334418952,428.06016290050104
347.163716215998,428.698655021808
346.394088242475,429.33714714311503
345.62446026895304,429.975639264422
344.854832295431,430.61413138572897
344.085204321908,431.252623507036
343.315576348386,431.89111562834296
342.545948374864,432.52960774965
341.776320401341,433.168099870957
341.00669242781896,433.80659199226403
340.237064454297,434.445084113571
339.467436480774,435.083576234878
338.69780850725203,435.722068356185
337.92818053372997,436.360560477492
337.158552560207,436.999052598799
336.388924586685,437.63754472010595
335.619296613163,438.27603684141195
334.849668639641,438.914528962719
334.080040666118,439.55302108402606
333.310412692596,440.191513205333
332.540784719074,440.83000532664
331.77115674555097,441.468497447947
331.001528772029,442.106989569254
330.231900798507,442.745481690561
329.46227282498404,443.383973811868
328.692644851462,444.022465933175
327.92301687794,444.66095805448197
327.153388904417,445.29945017578905
326.383760930895,445.937942297096
325.614132957373,446.57643441840304
324.84450498384996,447.21492653970995
324.074877010328,447.853418661017
323.305249036806,448.491910782324
322.53562106328303,449.13040290363097
321.765993089761,449.768895024938
320.996365116239,450.40738714624496
320.226737142716,451.04587926755204
319.457109169194,451.684371388859
318.687481195672,452.32286351016603
317.917853222149,452.961355631473
317.148225248627,453.599847752779
316.378597275105,454.238339874086
315.608969301583,454.876831995393
314.83934132806,455.51532411669996
314.069713354538,456.153816238007
313.300085381016,456.79230835931395
312.530457407493,457.43080048062103
311.76082943397097,458.069292601928
310.99120146044896,458.707784723235
310.221573486926,459.346276844542
309.451945513404,459.984768965849
308.68231753988204,460.623261087156
307.912689566359,461.261753208462
307.143061592839,461.900245329772
306.373433619307,462.53873745106796
305.60380564582,463.177229572417
304.834177672169,463.815721693568
304.064549699126,464.45421381545503
303.294921723814,465.092705934599
302.525293756972,465.731198063977
301.755665758516,466.36969015516405
300.986037878047,467.00818238888
300.216409557248,467.64667409067
299.446782879779,468.28516777763497
298.677150069319,468.92365405582495
297.907540147496,469.562167983943
297.137831111951,470.20056218072
296.36799333349,470.838800853498
295.598177001469,471.477065434003
294.828354532604,472.115322601079
294.058533708102,472.753581754577
293.288712442994,473.39184037581396
292.518891295946,474.030099139671
291.749070117264,474.66835786531306
290.979248947059,475.306616601194
290.20942777458197,475.944875334332
289.439606602714,476.583134068205
288.669785430682,477.22139280188105
287.899964258695,477.85965153560994
287.130143086695,478.497910269325
286.360321914699,479.136169003043
285.590500742702,479.77442773675995
284.820679570705,480.412686470478
284.050858398708,481.050945204196
283.281037226711,481.68920393791296
282.511216054714,482.327462671631
281.741394882718,482.96572140534795
280.97157371072103,483.603980139066
280.201752538724,484.24223887278396
279.431931366727,484.880497606501
278.66211019473,485.51875634021894
277.892289022733,486.157015073936
277.12246785073603,486.79527380765404
276.352646678739,487.433532541372
275.582825506743,488.071791275089
274.81300433474496,488.710050008806
274.043183162751,489.348308742527
273.273361990743,489.986567476232
272.50354081878703,490.624826209998
271.733719646638,491.26308494353304
270.963898475208,491.90134367793405
270.194077301098,492.539602409101
269.42425613698504,493.177861152337
268.654434935568,493.81611985053
267.884613873368,494.454378716829
267.11479229160096,495.09263695574504
266.344972648887,495.73089753608804
265.575145769531,496.369149378107
264.80534589768797,497.00743383199404
264.035444263072,497.645595406219
263.264519837658,498.28252194938904
262.49368221018995,498.919553302025
261.722809795179,499.556542648323
260.951946701461,500.193543250186
260.181081110111,500.830540836129
259.410216187999,501.467539230185
258.639351086566,502.10453740770896
257.868486033181,502.741535643252
257.097620966922,503.378533863248
256.326755904112,504.01553208740995
255.555890840379,504.65253031045603
254.785025776892,505.289528533801
254.01416071334,505.926526757066
253.243295649805,506.563524980353
252.47243058626597,507.200523203634
251.701565522727,507.83752142691594
250.93070045918898,508.474519650198
250.15983539565,509.11151787348
249.388970332112,509.748516096762
248.618105268573,510.385514320044
247.847240205035,511.022512543325
247.076375141497,511.65951076660696
246.305510077958,512.296508989889
245.53464501442002,512.933507213171
244.763779950881,513.570505436453
243.99291488734298,514.207503659735
243.222049823804,514.844501883017
242.451184760266,515.481500106299
241.680319696727,516.118498329581
240.909454633189,516.755496552863
240.13858956965,517.392494776145
239.36772450611198,518.029492999426
238.59685944257302,518.666491222708
237.825994379035,519.3034894459901
237.05512931549598,519.940487669272
236.284264251958,520.577485892555
235.51339918841802,521.214484115834
234.74253412488702,521.8514823391259
233.971669061319,522.488480562371
233.20080399788898,523.125478785792
232.429938933948,523.762477008555
231.65907387191,524.3994752337729
230.888208802772,525.036473449828
230.11734376013302,525.673471700081
229.346478618596,526.310469822704
228.57561384615002,526.947468421653
227.80474769624,527.584465242925
227.033886687096,528.221468698579
226.263006492352,528.858447394383
225.49219789923902,529.4955184952059
224.721122085204,530.132244735802
223.95104355322601,530.770258012285
222.775158215338,531.700718935685
221.981689725048,532.309044888367
221.184899860222,532.913213840587
220.387945644757,533.517178657617
219.59103546691298,534.1211981725061
218.794113489224,534.725203031148
217.997194673293,535.3292118169201
217.200275010172,535.93321955042
216.40335557405498,536.537227565876
215.606436077113,537.141235505782
214.809516596468,537.745243465931
214.01259711145698,538.349251420657
213.215677627615,538.953259376834
212.41875814346298,539.557267332627
211.62183865938098,540.1612752885051
210.82491917533198,540.76528324443
210.027999691078,541.3692912000799
209.231080207611,541.973299156786
208.4341607212,542.57730710954
207.637241245779,543.181315077046
206.840321729344,543.785322989496
206.043402365973,544.38933110742
205.246482431359,544.993338458504
204.449564628656,545.597348671472
203.652638869551,546.201348203747
202.855742804142,546.8053875969069
202.05873592035098,547.40927822722
201.26256583621102,548.014292179287
200.46644848527802,548.61937692053
199.67035614555303,549.2244952368779
198.874257104095,549.829604556803
198.078159858362,550.434716287313
197.28206213146498,551.039827371908
196.48596453349603,551.644938629576
195.68986690098097,552.250049840869
194.89376927772201,552.8551610645881
194.09767165198397,553.460272284979
193.30157402690702,554.065383506257
192.505476401664,554.670494727314
191.709378776421,555.275605948368
190.913281151347,555.880717169653
190.117183525598,556.485828390016
189.321085902378,557.0909396138401
188.524988269717,557.696050824741
187.728890672293,558.301162083872
186.93279294336102,558.906273163006
186.13669570522399,559.511384913898
185.340596635416,560.116494157758
184.544504401497,560.721612757985
183.74838665569303,561.326696439774
182.952364121538,561.9319104389521
182.15598625267398,562.536638087009
181.36093451099498,563.143180822163
180.56145801074902,563.743667333243
179.74928252626597,564.3267726373571
178.937103790759,564.909873372893
178.124934571779,565.4929875773661
177.312730537714,566.076052474666
176.500656247466,566.659301131722
175.68809779703201,567.241864056927
174.877346243525,567.826986149782
174.060128935642,568.402950581516
173.232571634094,568.964270139245
172.404881048634,569.525400922576
171.577226176491,570.086582287855
170.749561734993,570.647750099741
169.921899857596,571.208921543248
169.094237293151,571.770092013666
168.266574912799,572.3312627448211
167.43891248312,572.892433406113
166.611250066658,573.453604086124
165.783587646655,574.014774761119
164.9559252276,574.575945437459
164.128262808291,575.1371161134381
163.30060038905,575.698286789514
162.472937969791,576.259457465564
161.645275550537,576.82062814162
160.817613131282,577.381798817675
159.989950712027,577.942969493732
159.16228829277,578.504140169783
158.334625873523,579.065310845853
157.506963454236,579.626481521855
156.679301035103,580.1876521981089
155.851638615392,580.748822873423
155.02397619783702,581.309993552243
154.196313772235,581.87116421798
153.368651376669,582.432334932544
152.540988869003,582.9935054648851
151.713326779701,583.554676677288
150.885663129044,584.115845351666
150.058005305443,584.6770234980851
149.230325734976,585.238166294363
148.402727324914,585.799441019164
147.574826020096,586.360223380015
146.748055133901,586.922843268143
145.916956686436,587.478428583609
145.05990029072902,587.991818500184
144.205469215228,588.5094759835009
143.35029777376602,589.0259298560791
142.49537526027,589.5427888332911
141.640197400869,590.059231002708
140.785791997125,590.5769352986711
139.491546165501,591.333076919756
138.616655382427,591.8173067172979
137.741338121421,592.300839622798
136.866135134832,592.784559259957
135.990901528506,593.268228862519
135.115676126713,593.751911871811
134.24044852652202,594.23559128878
133.36522151539,594.71927166831
132.48999434642,595.202951789921
131.614767219745,595.686631980647
130.739540081727,596.170312152832
129.86431294678698,596.653992330065
128.989085810879,597.137672505648
128.113858675763,597.621352682781
127.23863153844401,598.105032855364
126.363404409148,598.5887130445971
125.48817724996401,599.072393171784
124.61295020230699,599.556073530502
123.73772273843099,600.039753025142
122.862496827906,600.523435744562
121.987265120196,601.0071064289431
121.112055047871,601.490822028698
120.236764231195,601.974370001995
119.361774756537,602.458543565751
118.485660658156,602.940382394128
116.69408332447901,603.821653595606
115.792209979476,604.250015858117
114.890286509004,604.678274095239
113.98837429980699,605.106555577351
113.086467170978,605.5348481048901
112.184528459403,605.96307320573
111.28271099844,606.3915569679401
110.380440117777,606.8190735113681
109.479861665304,607.250200268553
108.572898745125,607.6677079623639
107.64462251714701,608.039751054215
106.71703406865,608.413261286701
105.78922764329599,608.786306540635
104.861479624665,609.1594763851999
103.93371595599599,609.532612845793
103.005956480758,609.905758251645
102.078195881832,610.278901260434
101.150435584228,610.6520449122149
100.22267520502399,611.0251883890879
99.29491485089899,611.3983319226049
98.3671544780559,611.77147540445
97.439394155007,612.144619036344
96.5116336514996,612.5177621197099
95.5838738200323,612.890907247139
94.656111480863,613.264044746846
93.7283585004613,613.637210713376
92.8005705926914,614.010270440339
91.8729130356268,614.383726658745
90.94476900310909,614.7557031509459
90.0184405216984,615.133202056526
89.07419354793372,615.456198140101
88.1273492485898,615.7712947786621
87.18101889187521,616.087951580951
86.2346213791566,616.404415659549
84.3379337910204,617.020766869803
83.3665748052531,617.257520030125
82.3950839034698,617.493851540095
81.42362834847641,617.730296030936
80.4521633223393,617.966710248643
79.4807008339873,618.2031325780121
78.50923766563871,618.439552733872
77.5377746794912,618.675973472103
76.5663116445359,618.912394054357
75.5948486226106,619.148814678151
74.6233855973731,619.385235291763
73.65192257235479,619.621655904563
72.6804595497715,619.858076530791
71.7089965172291,620.09449710412
70.73753352208809,620.330917875615
69.7660703873005,620.567337907348
68.7946077736982,620.803760699961
67.823143215001,621.040173188817
66.8516859154984,621.276624131819
65.8802015243119,621.512931561997
64.9088182406666,621.749774589325
63.9370576185406,621.984618740874
62.9667052427962,622.226922798391
61.9824501403679,622.395579918003
60.998064761866,622.563546925854
60.01332063298371,622.729613525045
59.0286726302926,622.8961893323819
58.04399887321689,623.062628715794
57.0593320074885,623.229104586759
56.0746633307557,623.395570931441
55.08999500669311,623.5620388936991
54.105327082954,623.728509911936
53.1206572052509,623.89496708868
52.1359947430799,624.061476575419
51.1513045727448,624.2277906636721
50.1667178195339,624.394834035873
47.697875703765405,624.7456179243579
46.702086081191204,624.833660266064
45.706392161057394,624.922377487651
44.710672597531996,625.010913875718
43.7149599051326,625.0994987179811
42.7192453716207,625.188070576982
41.7235313314332,625.276645914835
40.7278171590602,625.365220320541
39.732103022104894,625.453794975983
38.7363888756646,625.542369564629
37.7406747317465,625.630944170726
36.7449605872244,625.7195187738121
35.749246442596004,625.808093371489
34.7535322989972,625.896667993814
33.757818151386,625.985242522957
32.7621040187947,626.0738174001821
31.7663898301365,626.1623909782589
30.770675850725798,626.250969404844
29.774961090391997,626.339529736547
28.779249244503497,626.428157599268
27.783526521756603,626.5165334328
26.7878443919979,626.605849852072
25.792010767144898,626.691655957575
24.7967425296806,626.790562732411
23.7990573491228,626.833466196005
22.8002740074376,626.850924345886
21.801438437469397,626.867171229475
20.802616822614898,626.883745496967
19.8037916155885,626.90022149514
18.8049668221362,626.916763186686
17.8061439665597,626.933140374058
16.8073129459056,626.950109884753
15.8085126476861,626.964874606329
13.813011634841098,626.943413556299
12.8152298467762,626.885146278618
11.8174694011331,626.825348673683
10.819703236936,626.765961117394
9.82193860453323,626.706463693773
8.82417356350698,626.646995690836
7.82640862518029,626.5875198724949
6.828643684678839,626.528045895085
5.83087865017686,626.468572369354
4.83311399385178,626.409095195977
3.83534791881962,626.349632161508
2.8375871404388797,626.290116219051
1.83980659415952,626.230797769636
0.8420998228232249,626.1707422560411
-0.155882280386685,626.113437506126
-1.15282665397926,626.045765089445
-2.14327184523406,625.9131611569529
-3.13413588018512,625.784741774864
-4.12483051633048,625.654629976628
-5.1155705427633,625.52497166002
-6.10629840685195,625.3951918330449
-7.09702953002982,625.265444565913
-8.08775977919499,625.135688569776
-9.07849026532176,625.005934929813
-10.069220677614801,624.876180594161
-11.0599511482812,624.74642668509
-12.050681459287901,624.616671765384
-13.0414123505599,624.486920461639
-14.032141080430401,624.357155704681
-15.022877875641802,624.227441144617
-16.013584570890902,624.097539250189
-17.0044036006487,623.968336496324
-17.9948033923338,623.836524514572
-19.9629097086883,623.501272907169
-20.942715926068,623.303529295549
-21.9224430577593,623.105293475335
-22.902191380399398,622.907189542026
-23.8819340249327,622.709050269692
-24.8616781909447,622.510920466552
-25.841421949148398,622.31278812566
-26.8211658171066,622.114656466581
-27.8009096538555,621.916524618003
-28.780653505686804,621.71839284561
-29.7603973283979,621.520260957977
-30.7401412525073,621.3221294551149
-31.7198848001438,621.12399652841
-32.6996297522735,620.925868912306
-33.679369462903196,620.727721477644
-34.6591287350399,620.529648006612
-35.6388150026484,620.3312984996151
-36.618773726863,620.13397917285
-37.5977156291811,619.932815161123
-38.580452362479,619.745999709011
-39.5435862223559,619.485064223497
-40.500939844200104,619.202273192447
-41.4581571967935,618.91896692644
-42.4154111145085,618.635798878797
-43.372655040988,618.352593192652
-44.329902367288106,618.069399842153
-45.287146085541494,617.786194787571
-46.24440083616079,617.503024213675
-47.2016150653631,617.219727421116
-48.1589803478678,616.936901022523
-49.1157819385798,616.652319266732
-51.000058237806606,615.996283643213
-51.932079808057004,615.634536089172
-52.8642920810796,615.273382389881
-53.79645325544829,614.912069567689
-54.7286281216601,614.550799382351
-55.660799319153604,614.189517772501
-56.5929714996772,613.82823922384
-57.5251434167986,613.4669598549369
-58.4573154044985,613.105680705816
-59.3894873732869,612.744401497805
-60.3216593471426,612.383122305574
-61.2538313196406,612.021843109114
-62.18600329250239,611.660563913787
-63.1181752652666,611.299284718157
-64.0503472380572,610.938005522609
-64.98251921084001,610.576726327037
-65.9146911836275,610.2154471314769
-66.8468631564039,609.8541679358921
-67.7790351292204,609.4928887403939
-68.71120710188721,609.131609544574
-69.6433790751127,608.770330349957
-70.5755510462535,608.40905115085
-71.50772302517409,608.047771968498
-72.4398949750603,607.6864927236151
-73.37206703330409,607.3252137121041
-74.30423868715201,606.963933829634
-75.2364118502259,606.602657197629
-76.1685793807917,606.241368434724
-77.100767932164,605.8801249449521
-78.0328780328183,605.5187124935501
-78.96528091553792,605.157930615532
-79.8965899384411,604.794792859322
-80.79051842097141,604.351147913236
-81.68658938228391,603.912117126065
-82.581485769409,603.470557161155
-83.47670628837,603.029693320621
-84.3718048541748,602.588574160318
-85.2670671007685,602.147780154718
-86.16179657736281,601.705940850076
-87.9373557393966,600.797026843032
-88.7976075158697,600.287618044912
-89.6566294200403,599.775798953939
-90.51598086750141,599.264625698991
-91.3752440141033,598.7532793928
-92.23453082085129,598.241979455553
-93.09381128787409,597.7306670937741
-93.95309345365169,597.219358061182
-94.8123751641352,596.708048136371
-95.6716569970405,596.19673845125
-96.5309387955525,595.685428699587
-97.3902206092157,595.174118974401
-98.24950239666771,594.66280920985
-99.1087842738134,594.1514995762831
-99.96806581839529,593.640189458146
-100.82734860353901,593.128881147304
-101.68662675899999,592.617566091851
-102.545922192628,592.106276207546
-103.405153143272,591.594892383262
-104.26462474768299,591.083859147745
-105.123198220014,590.5715174971369
-105.98512356689699,590.0640589181289
-106.83396732475599,589.5375428374559
-107.645760598554,588.957050109855
-108.461515398046,588.382330371424
-109.275985082252,587.805731994036
-110.090649661419,587.229441605539
-110.90581977602699,586.653797900434
-111.71877285391399,586.075259472869
-113.672002693666,584.5313978694651
-114.42480172266,583.874213638889
-115.177557360403,583.216972605382
-115.93032462479601,582.559746792175
-116.68308877383801,581.902516900701
-117.435853757635,581.245288101995
-118.18861851776,580.588059010482
-118.941383337818,579.9308299974269
-119.694148141818,579.27360096335
-120.44691295012,578.616371934905
-121.199677757269,577.959142904951
-121.95244256472701,577.301913875402
-122.705207372102,576.644684845744
-123.4579721795,575.987455816115
-124.210736986891,575.330226786478
-124.963501794285,574.672997756844
-125.71626660167699,574.015768727209
-126.46903140907,573.358539697574
-127.221796216462,572.701310667937
-127.97456102386002,572.0440816383081
-128.727325831231,571.386852608651
-129.480090638705,570.729623579099
-130.232855445795,570.072394549154
-130.985620254318,569.4151655206759
-131.73838505749399,568.7579364867221
-132.49114988062598,568.100707473208
-133.243914629279,567.443478383408
-133.99667965588998,566.786249578311
-134.749443645149,566.129019710689
-135.50221150586,565.4717938084619
-136.254964918113,564.814553107183
-137.007772252749,564.157367636716
-137.76037834630802,563.499976042052
-138.513735481795,562.843353713367
-139.264289690645,562.183860444962
-140.02530456411301,561.5350816694561
-140.735578776568,560.834331009562
-141.422443898602,560.109603237097
-142.110588758164,559.3861862550219
-142.798387543617,558.662414801342
-143.486279059348,557.938738328042
-144.17414572807698,557.2150364048259
-144.862019054539,556.491341300895
-145.549890597067,555.767644369741
-146.237762617601,555.043947928192
-146.925634510042,554.3202513554451
-147.613506436851,553.59655481789
-148.301378354282,552.8728582707599
-148.989250274857,552.1491617267401
-149.677122192232,551.425465179854
-150.36499411926098,550.701768641325
-151.05286601087602,549.978072072233
-151.740738034494,549.254375617035
-152.42860956551598,548.530678736823
-153.116482934915,547.806983442774
-153.804349443404,547.083282229088
-154.492241557155,546.359603107786
-155.180038110769,545.635841536585
-155.868191299671,544.912387672594
-156.555013507554,544.187785429663
-158.165847268,542.28993551909
-158.77504859807,541.4983614858651
-159.384522180605,540.707022353639
-159.99392280951798,539.9156202772
-160.603343000453,539.124235076614
-161.212757896923,538.332845316829
-161.822174409231,537.541456917985
-162.431589752652,536.750067634577
-163.04100815578101,535.958680528485
-163.65041548896798,535.167285597696
-164.259864042213,534.375919788375
-164.86915878517001,533.584445317879
-165.47902754921998,532.793376370616
-166.086754039183,532.000793991596
-166.702475604402,531.213859816372
-167.240183700273,530.371812217044
-167.77689687076,529.529061742367
-168.313428415197,528.6861829560839
-168.850008626187,527.843338550792
-169.386575797012,527.0004849331391
-169.923146461946,526.157633783936
-170.459716190607,525.3147819732981
-170.996286170251,524.471930339951
-171.532856082238,523.629078658871
-172.06942601387001,522.786226991432
-172.60599593458,521.943375317164
-173.14256587933102,521.100523656573
-173.679135738842,520.2576719481
-174.215705915268,519.41482041748
-174.75227490927503,518.571968223328
-175.288848316046,517.729118505452
-175.82540525418,516.886259546004
-176.362023654097,516.0434350765701
-176.898412675518,515.2004818886489
-177.43565774913998,514.358009084664
-177.969707992453,513.5137434634211
-179.13097845009497,511.3094476819
-179.58346930149298,510.41941403192004
-180.03580803904302,509.529295021363
-180.48818753170602,508.63919888129203
-180.940556117766,507.749096619853
-181.392927575127,506.858995973397
-181.84529845388303,505.96889498838
-182.297668775759,505.078793742622
-182.75004190376,504.18869387839203
-183.20240436414298,503.298588748788
-183.654806688872,502.408503299155
-184.107060223836,501.518344395011
-184.55986905351003,500.628459628937
-185.010605494111,499.737551765096
-185.46907619629502,498.850462154255
-185.86438236760202,497.9321894554
-186.25796383455503,497.013065303888
-186.649787162834,496.093073193852
-187.042081582952,495.173313652601
-187.434249774391,494.253491794732
-187.826451788703,493.333686634551
-188.218644740204,492.413877000238
-188.61084012007802,491.49406856476503
-189.003034849269,490.574259808062
-189.39522975281798,489.654451137436
-189.787424609617,488.73464244373497
-190.17961947906002,487.81483375625703
-190.57181434467702,486.895025066962
-190.964009212953,485.975216378712
-191.35620407442002,485.05540768809897
-191.748398960464,484.135599005894
-192.14059375501,483.215790292419
-192.53278889097,482.295981695615
-192.924982752771,481.376172663398
-193.317181369795,480.456365256163
-193.709362240085,479.536551784414
-194.101609342087,478.616760945736
-194.49360926397702,477.696885639287
-194.886531674606,476.77732557085403
-195.276011310387,475.856589018127
-195.678339556819,474.94024316455904
-196.03420736661,474.00801999093903
-196.166533219022,473.525894052358
-196.957312841341,471.160746964012
-197.22251893969602,470.196555856303
-197.487735627245,469.232369472741
-197.752949477427,468.268181823347
-198.01816408788002,467.303994513132
-198.283378494618,466.339807112034
-198.54859295594503,465.375619735289
-198.813807402634,464.411432352016
-199.079021853283,463.44724497050004
-199.344236302729,462.48305758848295
-199.609450753027,461.518870206715
-199.87466520112,460.554682824451
-200.139879657183,459.59049544392195
-200.40509408357,458.62630805695
-200.67030862069,457.66212069401604
-200.935522744556,456.69793324137004
-201.200738410705,455.733746123536
-201.465948320974,454.76955775616403
-201.731179712482,453.805374052135
-201.99633093491298,452.841172944271
-202.261781352412,451.877036788403
-202.526115158719,450.912658228386
-202.87375850103402,449.45555721873
-203.08518494728,448.479706332497
-203.29299847021701,447.503090848546
-203.507797495448,446.527920292158
-203.695902678944,445.547247300707
-203.839168593841,444.55733433925
-203.98829413246202,443.56862880990195
-204.135642827583,442.579557141127
-204.28346762648601,441.590583579115
-204.431164853764,440.60158372947603
-204.57889626375598,439.612590923585
-204.726618514521,438.623596230327
-204.874343219478,437.63460204278704
-205.022067266892,436.645607719746
-205.16979149028802,435.656613432989
-205.3175156673,434.667619136596
-205.465239853865,433.678624842466
-205.61296404860198,432.689630548919
-205.760688201096,431.700636250777
-205.908412514393,430.71164197043197
-206.056136226721,429.722647623494
-206.20386218212,428.733653525131
-206.351579766202,427.74465849906
-206.499328592484,426.75566693524695
-206.646960821286,425.766662450108
-206.79502819780498,424.777706188015
-206.941471580933,423.788569955066
-207.154515848714,422.30425268307295
-207.25633227284197,421.31011243991
-207.366407742654,420.316728864507
-207.437249999834,419.31981815629405
-207.488995513145,418.321193736179
-207.543206544106,417.322790414058
-207.596743159179,416.324326611296
-207.650460483415,415.32587901427297
-207.704129386888,414.327427074935
-207.757811264251,413.32897629911696
-207.811489666815,412.33052521153394
-207.865168994688,411.332074207492
-207.918848096123,410.33362318104895
-207.972527177999,409.335172160672
-208.02620656455002,408.336721138431
-208.07988475195899,407.33827011757796
-208.133567431264,406.339819093039
-208.187233342126,405.341368081854
-208.24096183486301,404.342917020941
-208.29445676854198,403.344466145586
-208.34882335658,402.346014577724
-208.399936886241,401.347565594337
-208.443477413185,399.349364224069
-208.40620716470502,398.35033895989096
-208.366267147539,397.35135178268996
-208.325404876719,396.35237162988403
-208.284782817903,395.353390008579
-208.24412216472302,394.354407236875
-208.20337567699698,393.355430535268
-208.16301112181802,392.35643070367104
-208.121204670996,391.35751732193603
-208.0847838702,390.35828127074205
-207.96884998175702,388.86328725904
-207.89037102333,387.86657089459504
-207.8108719047,386.86991564797006
-207.73164615250198,385.87324402311003
-207.65234709477798,384.876576793368
-207.57306789273,383.879908361392
-207.49378257350202,382.883240343235
-207.414501867317,381.886571872035
-207.33520882614,380.889904799188
-207.25596051189098,379.893232585972
-207.176545624918,378.89657953587897
-207.097752301914,377.899854973661
-207.016639295761,376.90339729682296
-206.944183458231,375.905943590587
-206.827803388909,374.913543471717
-206.693785021056,373.92317258886396
-206.560776231106,372.932685862841
-206.427527362043,371.942225598982
-206.294221820587,370.951776182277
-206.161383047819,369.96125691478994
-206.02673387268996,368.97100620327905
-205.81708377318802,367.487007470406
-205.632772308847,366.50411883574
-205.45227441844398,365.520664860171
-205.27074262637902,364.53736415469905
-205.089487867307,363.554022380655
-204.908158877925,362.570691610801
-204.726849776791,361.58735789276
-204.545535352975,360.604024963276
-204.364222331636,359.620691827752
-204.182909023073,358.63735872782996
-204.00159546093101,357.654025691539
-203.820283200326,356.67069236512606
-203.63896598715303,355.687360135567
-203.457667282716,354.70402380871496
-203.276299495905,353.720702774181
-203.09518952985098,352.737324667667
-202.91311736314202,351.754159556754
-202.7346361783,350.770199535418
-202.50953818895098,349.79638208787804
-202.00876988176603,347.862123318554
-201.734883752935,346.900560737222
-201.46133228268798,345.938927806801
-201.18769114742298,344.97731372439796
-200.914074013643,344.015694599015
-200.640450538942,343.054076797532
-200.366828426438,342.092458743427
-200.093207206067,341.130840375913
-199.81958105496898,340.169223514654
-199.54597373464802,339.207600941786
-199.272296021941,338.245999709101
-198.998881048004,337.28431882729
-198.724485511371,336.322935201801
-198.453749486754,335.360442200152
-198.167718292095,334.402585908724
-197.854577445019,333.452947871941
-197.54594029410998,332.501944545747
-197.236013474384,331.551332180839
-196.926432217624,330.60061505927996
-196.616758377816,329.64992600304197
-196.30710930723598,328.699229442167
-195.997453742793,327.74853483452006
-195.687799384571,326.79783991859904
-195.37814669532798,325.847144282546
-195.06848612394901,324.896451835297
-194.758855412135,323.94574735296396
-194.266794185164,322.529530364518
-193.92293774173802,321.59075984276797
-193.570560243309,320.655044646112
-193.21350686842098,319.721005422793
-192.85630140230802,318.787020774682
-192.49913672355302,317.853021489644
-192.14196098659198,316.919026177109
-191.784788695096,315.985029611488
-191.42761367994498,315.051034085708
-191.07044611395,314.117035653648
-190.713251474986,313.18304780686697
-190.35615767874,312.24902052525
-189.998687584595,311.315140397699
-189.64262183932598,310.380711088721
-189.280751133032,309.448551854525
-188.90673482458197,308.521142251753
-188.534754222601,307.592936570261
-188.16221784047298,306.664948230884
-187.789830379186,305.736901654863
-187.417403014679,304.808870683303
-187.04498634220798,303.88083553054
-186.67256680481498,302.952801498128
-186.30014803507598,302.02476716551797
-185.927729059644,301.096732913346
-185.55531013932801,300.168698639621
-185.18289120424302,299.240664371671
-184.810472273115,298.312630102174
-184.438053340927,297.384595833091
-184.065634409024,296.456561563897
-183.693215477044,295.528527294733
-183.320796545084,294.600493025561
-182.94837761311902,293.672458756391
-182.575958681156,292.74442448722
-182.203539749192,291.81639021804904
-181.83112081722598,290.88835594887996
-181.45870188527098,289.960321679706
-181.086282953275,289.03228741054903
-180.71386402143102,288.10425314133
-180.341445089021,287.176218872339
-179.969026158722,286.24818460249804
-179.596607220545,285.320150335829
-179.224188311768,284.392116057324
-178.851769293271,283.464081822992
-178.479350684255,282.536047423801
-178.10693054703202,281.608013639874
-177.73451611315602,280.679977559753
-177.36208039410099,279.75195004913996
-176.98972411241502,278.82389055669
-176.609147494996,277.899140607798
-176.228930405914,276.974245911205
-175.848435047142,276.049463247222
-175.46801425050202,275.124650564195
-175.087573475023,274.199845924735
-174.707138052765,273.275039130047
-174.32670119646198,272.350232912708
-173.946264723121,271.425426541197
-173.565828151976,270.500620209027
-173.185391589086,269.575813873665
-172.804955090978,268.651007511731
-172.424518325489,267.726201259275
-172.044082564738,266.801394595482
-171.663643052418,265.876589467556
-171.28321754163798,264.951778607499
-170.902739776266,264.0269891401
-170.522479908733,263.102110466877
-170.14261995539601,262.177068071625
-169.76269320555,261.25205302239
-169.382785451423,260.32703019644197
-169.002872607409,259.402009454258
-168.622961127226,258.476988153731
-168.243049281606,257.551967002811
-167.863137533904,256.626945811805
-167.483225759965,255.70192463153901
-167.10331399305701,254.77690344839598
-166.72340222426502,253.85188226602298
-166.343490455975,252.926861083445
-165.963578687559,252.001839900919
-165.583666919149,251.07681871839
-165.20375515083902,250.15179753582
-164.823843382122,249.226776353419
-164.443931614935,248.30175517037998
-164.064019842033,247.37673398972802
-163.68410809046,246.451712800164
-163.304196259288,245.526691643858
-162.924284725186,244.601670363436
-162.5443720824,243.676649546218
-162.164463577279,242.75162700030103
-161.784539630182,241.826610905975
-161.404673313327,240.90157073398498
-161.02459191747602,239.97662042106003
-160.645313207369,239.051334749539
-160.26339846769,238.127150399653
-159.87947115860902,237.20380689247003
-159.49553439529498,236.280467335223
-159.111600165224,235.357126719599
-158.72766525641399,234.43378638754902
-158.34373052931699,233.510445979579
-157.959795754106,232.587105591714
-157.575860989636,231.66376519934798
-157.191926230319,230.740424804884
-156.807991439648,229.817084423311
-156.42405676924102,228.89374399227
-156.040121649132,227.97040374621398
-155.656188207566,227.04706280968603
-155.27224850153098,226.12372445006
-154.88833217483102,225.200376473297
-154.504328595259,224.277064388181
-154.120650647837,223.353618353614
-153.735630063564,222.430724615461
-153.349619959377,221.508237918349
-152.963610121826,220.585751111555
-152.57760021283102,219.66326433415
-152.19159032297898,218.740777548871
-151.805580427997,217.818290765701
-151.41957053439,216.89580398196603
-151.033560640414,215.973317198383
-150.647550746538,215.050830414759
-150.261540852635,214.128343631145
-149.875530958738,213.205856847529
-149.489521064841,212.283370063914
-149.103511170942,211.360883280299
-148.717501277048,210.438396496682
-148.331491383137,209.515909713072
-147.94548148929,208.593422929435
-147.559471595206,207.67093614589803
-147.173461702003,206.74844936198997
-146.787451805511,205.825962579469
-146.40144192129802,204.903475791767
-146.015431991258,203.98098902340197
-145.629422232246,203.058502182873
-145.243411834948,202.136015611661
-144.857403819766,201.21352803534302
-144.471386914406,200.291044210134
-144.085403187641,199.368546385596
-143.699295636677,198.446100807267
-143.313645221379,197.52346234575
-142.928398515542,196.600653543624
-142.5431630116,195.677840014987
-142.157924506119,194.755027752814
-141.772686804898,193.83221515129298
-141.387448888176,192.9094026407
-141.002211029197,191.98659010574403
-140.616973154747,191.063777577314
-140.23173528443598,190.14096504713902
-139.846497413042,189.21815251742
-139.461259541841,188.29533998762298
-139.076021670952,187.372527457683
-138.690783798621,186.44971492838903
-138.305545931747,185.526902396658
-137.920308044486,184.604089874028
-137.535070233316,183.68127731742803
-137.149832138169,182.758464887611
-136.76459510284099,181.83565198463
-136.379354112213,180.912840847519
-135.994127882966,179.99002312009497
-135.58356785438698,179.078516464095
-135.17365724604701,178.166719859134
-134.763284347425,177.255129638962
-134.353018267456,176.343491798158
-133.942787203155,175.431838055093
-133.532309257529,174.52029554170102
-133.12278382153602,173.608324011881
-132.491346500741,172.24809453538998
-132.059036866222,171.34638493055598
-131.626055386031,170.444977922838
-131.193253926346,169.54348983446698
-130.760404230311,168.642023471592
-130.327567459167,167.740551287388
-129.894727224809,166.839080663004
-129.461887918418,165.937609620667
-129.02904836337402,165.036138690322
-128.596208874973,164.134667729961
-128.16336936865298,163.233196777675
-127.730529867366,162.331725823104
-127.29769036386601,161.430254869596
-126.864850864186,160.528783914123
-126.432011351438,159.627312965446
-125.99917188714501,158.725841991548
-125.566332242099,157.824371111739
-125.133493271607,156.922899880796
-124.70065178365299,156.021429960303
-124.267819690994,155.119955149143
-123.834952534617,154.218498590199
-123.402216237815,153.316973913057
-122.968991566434,152.41570345648998
-122.53758953379,151.513484235824
-121.85229264107201,150.180031235528
-121.391851270491,149.2929275378
-120.930217003848,148.406446243398
-120.46985186969299,147.519298855544
-120.005565710897,146.634213101199
-119.51009838228501,145.76552497944098
-119.01718943378599,144.895491432685
-118.523182292798,144.026035409636
-118.02946941156601,143.156424639596
-117.535677683801,142.286855333812
-117.04190708241,141.417274917995
-116.548130822057,140.54769747805202
-116.05435607117701,139.678119244649
-115.560580941367,138.80854120921302
-115.066805817805,137.93896317536698
-114.57303104818001,137.069384937193
-114.079254856557,136.199807514741
-113.585483998992,135.330227033733
-113.09169322719299,134.460657971225
-112.597976778273,133.591046293272
-112.103982952069,132.721593658599
-111.61102431212099,131.85154746625201
-111.113150458197,130.98431957153602
-110.611288385791,130.11937845146602
-110.110142402778,129.254026738277
-109.60879773040199,128.388788950089
-109.10750629666799,127.523520635797
-108.606200597727,126.658260500922
-108.104898720972,125.79299817448201
-107.603595820681,124.927736434886
-107.10229319235,124.06247453947901
-106.60099049971501,123.19721268047199
-106.09968779233299,122.33195083167699
-105.598385208244,121.466688905634
-105.097082145731,120.601427278369
-104.595780873619,119.73616453324
-104.09447291832501,118.87090596078998
-103.593189905361,118.005631815488
-103.091813806262,117.140415788915
-102.590785109369,116.274982860278
-102.08845988978901,115.41035942116899
-101.59097335874901,114.54271492601102
-101.07247782411999,113.688188180239
-100.537950253204,112.843690540795
-99.7333867628216,111.578782443638
-99.1697685052722,110.75277245699101
-98.6056649477017,109.9270712039
-98.0416914258799,109.101287225902
-97.47768306108429,108.275525413976
-96.91368403243558,107.44975766266899
-96.3496825021728,106.623991502815
-95.7856816422196,105.79822491653
-95.221680602642,104.972458444517
-94.6576796112524,104.14669194184401
-94.09367860673531,103.32092544753901
-93.52967760654009,102.49515895042299
-92.96567660218479,101.669392456184
-92.40167561014799,100.84362595324801
-91.83767457299709,100.017859482223
-91.2736737039843,99.1920928922497
-90.7096722075333,98.3663267461575
-90.14567305269699,97.54055894349051
-89.5816651588402,96.714797323242
-89.01768987945049,95.88901262989401
-88.45359288121271,95.06331404652549
-87.8899501439004,94.2372940963386
-87.324622365676,93.412466228073
-86.75000723614609,92.59420869473499
-86.17546194369258,91.7759017555545
-85.6008959902111,90.9576094315785
-85.0263353828779,90.13931333083009
-84.4517740519797,89.32101772196671
-83.8772102691931,88.50272392233592
-83.30265701752509,87.6844223938895
-82.728064093271,86.8661499714731
-82.1536193282429,86.0477688537524
-81.5786215988969,85.2297934112186
-81.0056875675965,84.4103039632415
-80.4013834063759,83.6138288060978
-79.79747976429509,82.81705981325709
-79.19269330034079,82.0209384912857
-78.5881433877083,81.224643626496
-77.9835300916624,80.42839526211009
-77.3789337779485,79.6321344389272
-76.7743329183198,78.8358769505283
-76.1697332600183,78.0396185817907
-75.5651333423226,77.24336039962401
-74.9605332608764,76.4471023515125
-74.3559340938268,75.65084358060899
-73.75133143294121,74.85458756681841
-73.14674183300299,74.0583212473681
-72.5421034831112,73.26209339344379
-71.9376470720861,72.4657219830752
-71.33251165554809,71.6698863329577
-70.4052622689011,70.491801645041
-69.7698181107505,69.7198807036095
-69.13429877006621,68.9480190841179
-68.4987995842897,68.1761415610546
-67.8632949614157,67.4042683303385
-67.2277919320241,66.6323938338052
-66.5922879658006,65.8605201081934
-65.9567861534221,65.08864456471271
-65.32127666249549,64.316775521786
-64.6857957319161,63.544882294512206
-64.0502082384963,62.77307930407311
-63.415018436091,62.0009395506422
-62.7783444324678,61.230056612343795
-62.147209542701596,60.4544831765072
-61.4958289836701,59.6960536854137
-60.8358660106749,58.9448917451645
-60.175550616239,58.194028233859704
-59.5153296528431,57.4430847587605
-58.8550833867276,56.6921627098943
-58.19484390045071,55.941234919890604
-57.534602597539205,55.1903086682039
-56.8743617813272,54.4393820043867
-56.21412083495171,53.6884554507745
-55.5538799225307,52.9375288684727
-54.893639004455395,52.1866022907244
-54.2333980750428,51.4356757234519
-53.5731571966337,50.6847491097223
-52.9129161255477,49.9338226713455
-52.2526757741662,49.1828955780149
-51.5924327366434,48.4319709291465
-50.932199723981,47.681037157382896
-50.2719292980188,46.930137432737894
-49.611798500395295,46.1791106425138
-48.951146602716506,45.4285580674874
-47.9468832988019,44.3149792794011
-47.2632703664401,43.5853219255553
-46.5802861811128,42.855092479174296
-45.8971420599526,42.125008257027204
-45.2140085634321,41.3949155686989
-44.530992504185896,40.664711520861395
-43.8474960712026,39.934961377242296
-43.1658036958934,39.2035069762585
-42.4765032088568,38.4792396876194
-41.7762143955726,37.76535266580429
-41.0775599519861,37.0499217154303
-40.3784252840026,36.334944415284205
-39.6794192917581,35.619845559926205
-38.9803788209545,34.9047792751878
-38.281347588647996,34.1897042631833
-37.5823138809125,33.4746315896234
-36.8832808363961,32.759558289551
-36.1842476144321,32.0444851570843
-35.4852144390393,31.329411980707103
-34.7861812548092,30.6143388123662
-34.0871480593573,29.8992656557907
-33.38811491763,29.184192444117304
-32.689081572226,28.4691194410699
-31.9900489878041,27.7540456586165
-31.2910135631304,27.0389747851613
-30.5919887384819,26.323893055119
-29.892924353984498,25.608851842426898
-29.194007608857497,24.893659416921395
-28.4945398660979,24.179031325319
-27.4303817478826,23.122481444095502
-26.712183188116605,22.4270332573848
-25.993750289233798,21.7318156782487
-25.2743934973296,21.037578862405397
-24.558966616628105,20.3391883858164
-23.8244983403469,19.6609178398163
-23.0825319419813,18.9905699050464
-22.340566259675604,18.3202212372198
-21.5986003890618,17.6498727618194
-20.8566345556203,16.9795242497709
-20.1146687617977,16.3091756918889
-19.3727027723273,15.6388273539887
-18.630737525829,14.968478181994698
-17.8887695030902,14.2981321263942
-17.1468118423413,13.6277744393137
-16.4048155098733,12.957460161759501
-15.6629635022918,12.286983877580099
-14.920572866883399,11.617112210375302
-14.1801924178961,10.944984081897301
-13.4307698495739,10.2830058538924
-12.6768803435199,9.62604182352398
-11.922990837465802,8.96907779315552
-11.1691013314118,8.312113762787071
-10.4152118253577,7.65514973241861
-9.66132231930365,6.9981857020501606
-8.90743281324959,6.34122167168171
-8.15354330719554,5.68425764131325
-7.39965380114149,5.0272936109448
-6.645764295087429,4.3703295805763505
-5.89187478903338,3.7133655502078904
-5.13798528297933,3.05640151983944
-4.38409577692527,2.3994374894709902
-3.6302062708712204,1.74247345910253
-2.8763167648171697,1.0855094287340799
-2.12242725876311,0.42854539836562605
-1.36853775270906,-0.228418632002828
-0.6146482466550041,-0.8853826623712819
-0.24,-1.2165
