center_x,center_y
-0.23999999999999977,1.2165000000000001
-0.6146482466550043,0.8853826623712817
-1.368537752709058,0.22841863200282786
-2.1224272587631114,-0.42854539836562555
-2.8763167648171653,-1.085509428734079
-3.630206270871219,-1.7424734591025328
-4.384095776925273,-2.3994374894709862
-5.137985282979326,-3.05640151983944
-5.89187478903338,-3.7133655502078935
-6.6457642950874325,-4.370329580576347
-7.399653801141486,-5.0272936109448
-8.153543307195541,-5.684257641313254
-8.907432813249594,-6.341221671681708
-9.661322319303647,-6.998185702050161
-10.415211825357702,-7.655149732418614
-11.169101331411754,-8.312113762787067
-11.922990837465807,-8.969077793155522
-12.67688034351986,-9.626041823523975
-13.430769849573915,-10.28300585389243
-14.180192417896125,-10.944984081897333
-14.920572866883445,-11.617112210375307
-15.662963502291833,-12.28698387758012
-16.40481550987333,-12.957460161759528
-17.14681184234132,-13.627774439313717
-17.888769503090217,-14.298132126394192
-18.630737525829012,-14.968478181994737
-19.372702772327315,-15.638827353988718
-20.114668761797674,-16.309175691888885
-20.856634555620303,-16.97952424977086
-21.598600389061794,-17.64987276181943
-22.340566259675573,-18.320221237219805
-23.082531941981337,-18.99056990504639
-23.824498340346878,-19.66091783981632
-24.55896661662812,-20.339188385816367
-25.274393497329562,-21.03757886240541
-25.993750289233837,-21.73181567824873
-26.71218318811661,-22.427033257384814
-27.430381747882585,-23.12248144409555
-28.49453986609786,-24.17903132531904
-29.19400760885745,-24.89365941692142
-29.892924353984494,-25.608851842426876
-30.591988738481888,-26.323893055119036
-31.291013563130406,-27.038974785161294
-31.9900489878041,-27.754045658616455
-32.689081572225966,-28.469119441069907
-33.388114917629956,-29.1841924441173
-34.08714805935726,-29.899265655790657
-34.7861812548092,-30.614338812366178
-35.48521443903931,-31.329411980707086
-36.184247614432074,-32.04448515708428
-36.883280836396075,-32.75955828955096
-37.582313880912466,-33.47463158962342
-38.28134758864803,-34.189704263183266
-38.98037882095454,-34.90477927518778
-39.679419291758066,-35.61984555992625
-40.378425284002596,-36.3349444152842
-41.07755995198613,-37.04992171543029
-41.77621439557261,-37.76535266580434
-42.47650320885677,-38.47923968761937
-43.16580369589339,-39.203506976258524
-43.84749607120263,-39.934961377242274
-44.5309925041859,-40.66471152086136
-45.21400856343207,-41.394915568698934
-45.897142059952614,-42.12500825702716
-46.58028618111277,-42.85509247917425
-47.26327036644008,-43.58532192555526
-47.946883298801865,-44.31497927940114
-48.95114660271647,-45.428558067487415
-49.611798500395295,-46.179110642513805
-50.27192929801875,-46.93013743273788
-50.93219972398097,-47.681037157382896
-51.592432736643445,-48.431970929146466
-52.252675774166164,-49.18289557801485
-52.91291612554767,-49.93382267134546
-53.573157196633744,-50.68474910972233
-54.233398075042786,-51.435675723451936
-54.89363900445541,-52.186602290724366
-55.55387992253071,-52.93752886847274
-56.21412083495173,-53.688455450774526
-56.874361781327195,-54.4393820043867
-57.53460259753917,-55.19030866820391
-58.19484390045065,-55.94123491989061
-58.85508338672761,-56.692162709894305
-59.51532965284312,-57.44308475876052
-60.175550616238965,-58.19402823385968
-60.83586601067492,-58.944891745164526
-61.49582898367008,-59.69605368541373
-62.14720954270162,-60.45448317650721
-62.77834443246783,-61.23005661234377
-63.415018436091,-62.0009395506422
-64.05020823849627,-62.77307930407309
-64.68579573191612,-63.54488229451219
-65.32127666249553,-64.31677552178604
-65.95678615342209,-65.0886445647127
-66.5922879658006,-65.86052010819337
-67.22779193202408,-66.63239383380515
-67.86329496141573,-67.40426833033845
-68.49879958428973,-68.17614156105458
-69.1342987700662,-68.94801908411793
-69.76981811075045,-69.7198807036095
-70.40526226890108,-70.49180164504097
-71.3325116555481,-71.6698863329577
-71.93764707208612,-72.46572198307517
-72.54210348311123,-73.26209339344376
-73.14674183300296,-74.05832124736807
-73.75133143294121,-74.8545875668184
-74.35593409382679,-75.65084358060896
-74.9605332608764,-76.44710235151248
-75.56513334232264,-77.24336039962395
-76.16973326001829,-78.0396185817907
-76.77433291831976,-78.83587695052832
-77.37893377794848,-79.63213443892724
-77.98353009166237,-80.42839526211006
-78.58814338770833,-81.22464362649598
-79.19269330034084,-82.02093849128568
-79.7974797642951,-82.8170598132571
-80.40138340637586,-83.61382880609779
-81.00568756759645,-84.41030396324149
-81.57862159889685,-85.22979341121862
-82.15361932824285,-86.04776885375239
-82.72806409327097,-86.86614997147305
-83.30265701752512,-87.68442239388952
-83.87721026919309,-88.50272392233593
-84.4517740519797,-89.32101772196668
-85.02633538287789,-90.13931333083013
-85.60089599021113,-90.95760943157849
-86.17546194369257,-91.77590175555449
-86.75000723614615,-92.59420869473502
-87.32462236567605,-93.41246622807304
-87.88995014390039,-94.23729409633857
-88.45359288121273,-95.06331404652548
-89.01768987945053,-95.889012629894
-89.58166515884017,-96.71479732324197
-90.14567305269696,-97.54055894349045
-90.70967220753332,-98.3663267461575
-91.27367370398431,-99.19209289224973
-91.83767457299714,-100.01785948222269
-92.40167561014803,-100.84362595324762
-92.96567660218479,-101.66939245618383
-93.52967760654009,-102.49515895042296
-94.0936786067353,-103.32092544753917
-94.65767961125238,-104.14669194184415
-95.22168060264201,-104.97245844451697
-95.78568164221959,-105.7982249165296
-96.34968250217278,-106.62399150281517
-96.91368403243561,-107.4497576626692
-97.47768306108429,-108.27552541397644
-98.04169142587995,-109.10128722590238
-98.6056649477017,-109.92707120390034
-99.1697685052722,-110.75277245699145
-99.7333867628216,-111.57878244363795
-100.53795025320366,-112.843690540795
-101.07247782411986,-113.68818818023848
-101.59097335874864,-114.54271492601124
-102.08845988978908,-115.41035942116913
-102.5907851093686,-116.27498286027809
-103.09181380626211,-117.14041578891539
-103.59318990536052,-118.00563181548831
-104.09447291832545,-118.87090596079034
-104.59578087361939,-119.73616453324033
-105.0970821457307,-120.60142727836939
-105.59838520824357,-121.46668890563419
-106.09968779233284,-122.33195083167693
-106.60099049971487,-123.1972126804722
-107.1022931923495,-124.06247453947941
-107.60359582068102,-124.92773643488636
-108.1048987209724,-125.79299817448234
-108.60620059772734,-126.65826050092244
-109.1075062966682,-127.52352063579713
-109.60879773040188,-128.38878895008938
-110.1101424027784,-129.25402673827665
-110.61128838579063,-130.1193784514663
-111.11315045819657,-130.984319571536
-111.6110243121208,-131.8515474662516
-112.1039829520692,-132.72159365859855
-112.5979767782728,-133.59104629327177
-113.09169322719268,-134.46065797122463
-113.58548399899215,-135.33022703373263
-114.0792548565571,-136.1998075147406
-114.57303104818044,-137.0693849371934
-115.06680581780475,-137.93896317536695
-115.5605809413668,-138.80854120921276
-116.05435607117695,-139.6781192446486
-116.54813082205685,-140.54769747805204
-117.04190708240972,-141.41727491799526
-117.535677683801,-142.28685533381162
-118.02946941156569,-143.15642463959574
-118.52318229279823,-144.0260354096356
-119.01718943378603,-144.89549143268465
-119.5100983822849,-145.76552497944124
-120.00556571089749,-146.63421310119938
-120.46985186969349,-147.51929885554443
-120.93021700384759,-148.4064462433982
-121.39185127049113,-149.29292753779973
-121.85229264107232,-150.18003123552845
-122.53758953379011,-151.51348423582385
-122.96899156643445,-152.41570345648995
-123.40221623781454,-153.3169739130573
-123.83495253461732,-154.2184985901987
-124.26781969099366,-155.11995514914258
-124.70065178365292,-156.0214299603025
-125.133493271607,-156.9228998807958
-125.56633224209897,-157.82437111173948
-125.99917188714451,-158.72584199154826
-126.43201135143785,-159.62731296544615
-126.86485086418647,-160.52878391412264
-127.29769036386612,-161.43025486959561
-127.73052986736637,-162.3317258231039
-128.1633693686532,-163.2331967776745
-128.59620887497312,-164.1346677299607
-129.02904836337407,-165.0361386903222
-129.46188791841786,-165.93760962066676
-129.89472722480926,-166.83908066300387
-130.32756745916737,-167.7405512873877
-130.76040423031105,-168.6420234715921
-131.1932539263456,-169.54348983446747
-131.6260553860312,-170.44497792283835
-132.0590368662218,-171.3463849305563
-132.49134650074137,-172.2480945353904
-133.12278382153576,-173.60832401188108
-133.53230925752885,-174.5202955417013
-133.94278720315504,-175.43183805509346
-134.35301826745592,-176.34349179815763
-134.7632843474247,-177.25512963896188
-135.1736572460473,-178.1667198591337
-135.58356785438662,-179.07851646409512
-135.9941278829662,-179.99002312009503
-136.37935411221258,-180.91284084751942
-136.76459510284093,-181.8356519846305
-137.1498321381689,-182.7584648876107
-137.5350702333164,-183.68127731742769
-137.9203080444862,-184.60408987402835
-138.3055459317472,-185.5269023966576
-138.69078379862106,-186.44971492838886
-139.07602167095234,-187.37252745768347
-139.46125954184114,-188.2953399876226
-139.8464974130424,-189.21815251742032
-140.23173528443624,-190.14096504713933
-140.61697315474737,-191.06377757731445
-141.00221102919676,-191.98659010574374
-141.38744888817587,-192.90940264070042
-141.77268680489772,-193.83221515129327
-142.15792450611895,-194.7550277528141
-142.54316301159997,-195.6778400149867
-142.92839851554237,-196.6006535436244
-143.3136452213795,-197.5234623457501
-143.69929563667745,-198.44610080726662
-144.08540318764057,-199.3685463855955
-144.47138691440628,-200.29104421013426
-144.85740381976575,-201.21352803534324
-145.24341183494778,-202.13601561166138
-145.62942223224567,-203.05850218287281
-146.01543199125754,-203.98098902340178
-146.40144192129765,-204.90347579176733
-146.7874518055109,-205.825962579469
-147.17346170200338,-206.7484493619896
-147.55947159520565,-207.67093614589845
-147.9454814892896,-208.59342292943535
-148.33149138313723,-209.5159097130719
-148.7175012770482,-210.43839649668172
-149.10351117094223,-211.36088328029868
-149.4895210648407,-212.2833700639138
-149.87553095873838,-213.20585684752925
-150.26154085263454,-214.1283436311453
-150.64755074653772,-215.0508304147585
-151.03356064041446,-215.97331719838257
-151.41957053438986,-216.89580398196603
-151.805580427997,-217.818290765701
-152.19159032297858,-218.74077754887057
-152.57760021283065,-219.6632643341502
-152.9636101218264,-220.585751111555
-153.3496199593768,-221.50823791834898
-153.73563006356432,-222.43072461546132
-154.12065064783712,-223.3536183536139
-154.5043285952592,-224.27706438818058
-154.88833217483065,-225.20037647329673
-155.27224850153095,-226.12372445005985
-155.65618820756643,-227.04706280968566
-156.04012164913243,-227.97040374621375
-156.4240567692412,-228.89374399226998
-156.80799143964828,-229.81708442331148
-157.19192623031938,-230.7404248048837
-157.57586098963608,-231.6637651993476
-157.95979575410638,-232.58710559171413
-158.3437305293166,-233.5104459795786
-158.7276652564136,-234.4337863875486
-159.11160016522365,-235.35712671959857
-159.4955343952947,-236.28046733522308
-159.87947115860857,-237.20380689246963
-160.26339846769025,-238.12715039965326
-160.6453132073686,-239.05133474953863
-161.0245919174764,-239.9766204210597
-161.40467331332735,-240.90157073398478
-161.78453963018165,-241.82661090597483
-162.1644635772794,-242.751627000301
-162.5443720824,-243.6766495462178
-162.92428472518588,-244.60167036343603
-163.30419625928766,-245.5266916438577
-163.68410809046048,-246.45171280016436
-164.06401984203336,-247.37673398972754
-164.44393161493494,-248.30175517037966
-164.82384338212168,-249.22677635341944
-165.20375515083904,-250.1517975358197
-165.58366691914875,-251.07681871839037
-165.9635786875586,-252.00183990091904
-166.34349045597529,-252.92686108344517
-166.72340222426465,-253.85188226602344
-167.1033139930566,-254.7769034483959
-167.48322575996536,-255.70192463153933
-167.86313753390422,-256.62694581180466
-168.2430492816059,-257.55196700281135
-168.62296112722623,-258.4769881537308
-169.0028726074091,-259.4020094542578
-169.38278545142333,-260.32703019644197
-169.76269320554957,-261.25205302239
-170.14261995539624,-262.1770680716252
-170.52247990873263,-263.1021104668766
-170.90273977626646,-264.02698914010034
-171.28321754163807,-264.95177860749925
-171.66364305241814,-265.8765894675563
-172.04408256473846,-266.8013945954821
-172.42451832548937,-267.7262012592747
-172.8049550909775,-268.65100751173145
-173.18539158908618,-269.57581387366486
-173.5658281519757,-270.5006202090273
-173.94626472312115,-271.4254265411971
-174.326701196462,-272.35023291270835
-174.70713805276546,-273.27503913004654
-175.08757347502296,-274.1998459247354
-175.4680142505016,-275.12465056419455
-175.8484350471419,-276.0494632472222
-176.22893040591433,-276.97424591120546
-176.60914749499642,-277.89914060779785
-176.98972411241533,-278.8238905566903
-177.36208039410087,-279.7519500491401
-177.73451611315613,-280.6799775597532
-178.10693054703233,-281.60801363987366
-178.47935068425505,-282.53604742380145
-178.8517692932707,-283.4640818229922
-179.22418831176822,-284.39211605732385
-179.59660722054537,-285.32015033582934
-179.96902615872204,-286.24818460249844
-180.3414450890211,-287.1762188723392
-180.713864021431,-288.10425314133
-181.08628295327526,-289.0322874105486
-181.45870188527107,-289.9603216797061
-181.83112081722632,-290.88835594887996
-182.20353974919243,-291.8163902180495
-182.57595868115567,-292.74442448722016
-182.9483776131193,-293.67245875639065
-183.32079654508425,-294.6004930255607
-183.6932154770438,-295.5285272947328
-184.06563440902366,-296.4565615638969
-184.4380533409274,-297.3845958330908
-184.8104722731153,-298.31263010217367
-185.18289120424288,-299.24066437167113
-185.55531013932753,-300.16869863962114
-185.92772905964415,-301.0967329133463
-186.30014803507584,-302.02476716551826
-186.67256680481535,-302.95280149812777
-187.04498634220843,-303.8808355305404
-187.41740301467934,-304.808870683303
-187.78983037918556,-305.73690165486266
-188.16221784047252,-306.6649482308841
-188.53475422260118,-307.5929365702614
-188.90673482458243,-308.5211422517532
-189.28075113303174,-309.44855185452536
-189.64262183932624,-310.3807110887209
-189.99868758459496,-311.3151403976992
-190.3561576787398,-312.24902052525033
-190.71325147498646,-313.1830478068673
-191.07044611394974,-314.11703565364803
-191.42761367994484,-315.0510340857079
-191.78478869509587,-315.98502961148756
-192.14196098659158,-316.9190261771089
-192.4991367235525,-317.8530214896439
-192.85630140230774,-318.78702077468245
-193.21350686842064,-319.7210054227929
-193.5705602433087,-320.6550446461122
-193.92293774173845,-321.5907598427679
-194.26679418516355,-322.5295303645182
-194.75885541213484,-323.945747352964
-195.06848612394936,-324.8964518352967
-195.37814669532816,-325.84714428254614
-195.68779938457118,-326.7978399185995
-195.99745374279294,-327.7485348345204
-196.30710930723552,-328.6992294421674
-196.616758377816,-329.6499260030423
-196.92643221762415,-330.60061505927956
-197.2360134743838,-331.5513321808394
-197.54594029410964,-332.5019445457467
-197.85457744501923,-333.45294787194126
-198.16771829209452,-334.40258590872406
-198.45374948675374,-335.36044220015174
-198.72448551137134,-336.32293520180053
-198.99888104800448,-337.28431882729006
-199.27229602194095,-338.24599970910106
-199.54597373464844,-339.2076009417857
-199.81958105496852,-340.1692235146543
-200.0932072060674,-341.1308403759133
-200.36682842643836,-342.09245874342673
-200.6404505389421,-343.0540767975323
-200.91407401364276,-344.01569459901464
-201.1876911474231,-344.9773137243977
-201.4613322826877,-345.9389278068013
-201.7348837529355,-346.9005607372219
-202.00876988176623,-347.862123318554
-202.50953818895113,-349.7963820878783
-202.73463617829952,-350.7701995354182
-202.91311736314157,-351.7541595567543
-203.09518952985135,-352.73732466766717
-203.27629949590482,-353.72070277418084
-203.45766728271568,-354.70402380871474
-203.63896598715337,-355.6873601355668
-203.82028320032637,-356.670692365126
-204.00159546093136,-357.65402569153855
-204.18290902307288,-358.6373587278304
-204.36422233163643,-359.6206918277518
-204.54553535297538,-360.6040249632757
-204.7268497767907,-361.58735789275994
-204.90815887792496,-362.57069161080074
-205.08948786730707,-363.55402238065494
-205.27074262637902,-364.5373641546987
-205.45227441844384,-365.52066486017065
-205.6327723088471,-366.5041188357404
-205.81708377318776,-367.48700747040607
-206.0267338726901,-368.9710062032792
-206.16138304781873,-369.9612569147905
-206.29422182058664,-370.9517761822775
-206.4275273620433,-371.94222559898185
-206.5607762311058,-372.93268586284074
-206.69378502105616,-373.9231725888644
-206.8278033889093,-374.91354347171705
-206.9441834582314,-375.90594359058696
-207.01663929576125,-376.9033972968234
-207.09775230191366,-377.8998549736607
-207.1765456249184,-378.89657953587937
-207.25596051189115,-379.8932325859717
-207.33520882613954,-380.889904799188
-207.4145018673173,-381.886571872035
-207.49378257350193,-382.88324034323506
-207.57306789272985,-383.87990836139204
-207.65234709477772,-384.87657679336826
-207.73164615250244,-385.8732440231105
-207.81087190469987,-386.8699156479698
-207.89037102332964,-387.86657089459476
-207.96884998175727,-388.86328725903985
-208.0847838701998,-390.3582812707423
-208.12120467099626,-391.35751732193626
-208.16301112181816,-392.356430703671
-208.20337567699693,-393.35543053526794
-208.24412216472285,-394.354407236875
-208.2847828179032,-395.3533900085795
-208.3254048767187,-396.3523716298844
-208.36626714753913,-397.35135178269024
-208.40620716470468,-398.3503389598915
-208.44347741318504,-399.3493642240694
-208.39993688624116,-401.34756559433663
-208.34882335657966,-402.34601457772357
-208.2944567685422,-403.34446614558647
-208.2409618348633,-404.3429170209406
-208.18723334212592,-405.34136808185394
-208.13356743126394,-406.3398190930392
-208.07988475195896,-407.33827011757774
-208.0262065645505,-408.33672113843113
-207.972527177999,-409.3351721606717
-207.91884809612316,-410.3336231810489
-207.8651689946878,-411.33207420749244
-207.81148966681488,-412.3305252115339
-207.75781126425142,-413.32897629911724
-207.70412938688787,-414.3274270749351
-207.6504604834152,-415.325879014273
-207.5967431591791,-416.32432661129616
-207.54320654410577,-417.32279041405843
-207.48899551314489,-418.3211937361789
-207.43724999983408,-419.31981815629365
-207.36640774265373,-420.3167288645069
-207.25633227284243,-421.3101124399095
-207.1545158487143,-422.3042526830734
-206.94147158093344,-423.78856995506624
-206.7950281978052,-424.77770618801503
-206.64696082128557,-425.7666624501083
-206.4993285924836,-426.75566693524695
-206.35157976620238,-427.74465849905954
-206.20386218212042,-428.7336535251308
-206.05613622672075,-429.7226476234936
-205.90841251439267,-430.71164197043174
-205.76068820109583,-431.7006362507768
-205.61296404860227,-432.6896305489189
-205.46523985386466,-433.678624842466
-205.31751566729992,-434.66761913659593
-205.16979149028782,-435.6566134329894
-205.02206726689212,-436.64560771974595
-204.87434321947822,-437.6346020427868
-204.72661851452077,-438.62359623032745
-204.57889626375572,-439.61259092358466
-204.4311648537645,-440.6015837294756
-204.28346762648565,-441.5905835791151
-204.1356428275835,-442.57955714112654
-203.98829413246216,-443.5686288099016
-203.83916859384095,-444.55733433925036
-203.69590267894426,-445.5472473007072
-203.50779749544762,-446.5279202921579
-203.2929984702173,-447.50309084854587
-203.08518494727997,-448.47970633249736
-202.8737585010344,-449.4555572187295
-202.52611515871888,-450.9126582283859
-202.26178135241153,-451.8770367884031
-201.99633093491326,-452.84117294427085
-201.7311797124818,-453.80537405213477
-201.46594832097384,-454.76955775616375
-201.20073841070518,-455.7337461235363
-200.93552274455578,-456.6979332413697
-200.67030862069004,-457.66212069401615
-200.4050940835703,-458.6263080569495
-200.139879657183,-459.59049544392207
-199.87466520112,-460.554682824451
-199.60945075302732,-461.51887020671495
-199.344236302729,-462.4830575884828
-199.07902185328288,-463.44724497050004
-198.8138074026337,-464.41143235201565
-198.5485929559445,-465.3756197352885
-198.28337849461838,-466.3398071120339
-198.0181640878801,-467.30399451313184
-197.75294947742736,-468.26818182334705
-197.48773562724466,-469.2323694727408
-197.2225189396962,-470.1965558563031
-196.95731284134075,-471.1607469640124
-196.1665332190223,-473.5258940523583
-196.03420736661008,-474.00801999093846
-195.67833955681942,-474.94024316455926
-195.2760113103874,-475.8565890181271
-194.8865316746058,-476.7773255708539
-194.4936092639765,-477.69688563928685
-194.1016093420874,-478.61676094573625
-193.70936224008534,-479.53655178441375
-193.31718136979495,-480.4563652561625
-192.9249827527708,-481.37617266339805
-192.53278889096998,-482.2959816956151
-192.14059375500972,-483.21579029241923
-191.7483989604638,-484.13559900589394
-191.35620407442008,-485.0554076880989
-190.96400921295304,-485.9752163787122
-190.5718143446772,-486.89502506696215
-190.1796194790599,-487.81483375625714
-189.787424609617,-488.73464244373514
-189.39522975281815,-489.6544511374361
-189.00303484926872,-490.5742598080623
-188.61084012007765,-491.49406856476446
-188.2186447402036,-492.4138770002377
-187.82645178870314,-493.333686634551
-187.43424977439122,-494.25349179473244
-187.04208158295157,-495.17331365260134
-186.64978716283434,-496.0930731938521
-186.25796383455506,-497.01306530388837
-185.86438236760176,-497.93218945540036
-185.46907619629474,-498.85046215425496
-185.01060549411147,-499.73755176509576
-184.55986905351037,-500.6284596289373
-184.10706022383644,-501.51834439501124
-183.6548066888716,-502.40850329915463
-183.2024043641432,-503.2985887487878
-182.75004190376004,-504.1886938783923
-182.2976687757595,-505.0787937426217
-181.8452984538832,-505.9688949883804
-181.39292757512726,-506.8589959733968
-180.94055611776565,-507.74909661985333
-180.4881875317064,-508.6391988812916
-180.03580803904333,-509.5292950213628
-179.58346930149335,-510.41941403192027
-179.13097845009463,-511.30944768189977
-177.9697079924529,-513.5137434634208
-177.43565774914026,-514.3580090846638
-176.89841267551782,-515.2004818886487
-176.36202365409684,-516.0434350765702
-175.8254052541797,-516.8862595460037
-175.2888483160458,-517.7291185054523
-174.7522749092751,-518.5719682233282
-174.21570591526847,-519.4148204174802
-173.67913573884218,-520.2576719480998
-173.1425658793305,-521.1005236565733
-172.60599593458014,-521.9433753171638
-172.06942601386976,-522.7862269914324
-171.53285608223823,-523.6290786588713
-170.9962861702512,-524.4719303399511
-170.45971619060742,-525.3147819732975
-169.92314646194612,-526.157633783936
-169.38657579701174,-527.0004849331393
-168.8500086261871,-527.8433385507915
-168.3134284151965,-528.6861829560836
-167.7768968707602,-529.5290617423673
-167.2401837002726,-530.3718122170444
-166.70247560440225,-531.2138598163717
-166.0867540391834,-532.0007939915956
-165.47902754922015,-532.793376370616
-164.86915878516953,-533.5844453178789
-164.25986404221274,-534.3759197883751
-163.65041548896818,-535.1672855976959
-163.0410081557808,-535.9586805284845
-162.43158975265243,-536.7500676345774
-161.82217440923085,-537.5414569179852
-161.21275789692316,-538.3328453168292
-160.6033430004532,-539.1242350766138
-159.9939228095184,-539.9156202771999
-159.38452218060516,-540.7070223536389
-158.77504859807044,-541.498361485865
-158.16584726800033,-542.2899355190896
-156.55501350755435,-544.1877854296627
-155.86819129967097,-544.9123876725944
-155.1800381107685,-545.6358415365851
-154.49224155715524,-546.3596031077857
-153.80434944340422,-547.0832822290879
-153.11648293491498,-547.8069834427737
-152.4286095655163,-548.5306787368229
-151.74073803449363,-549.254375617035
-151.05286601087641,-549.9780720722326
-150.36499411926133,-550.7017686413247
-149.67712219223233,-551.4254651798537
-148.98925027485666,-552.1491617267404
-148.30137835428164,-552.8728582707599
-147.61350643685094,-553.5965548178903
-146.9256345100422,-554.3202513554445
-146.23776261760136,-555.0439479281924
-145.54989059706674,-555.7676443697408
-144.86201905453942,-556.4913413008946
-144.17414572807667,-557.2150364048259
-143.48627905934848,-557.9387383280418
-142.79838754361722,-558.6624148013417
-142.11058875816377,-559.3861862550216
-141.42244389860227,-560.109603237097
-140.7355787765682,-560.834331009562
-140.02530456411262,-561.5350816694558
-139.26428969064514,-562.1838604449619
-138.51373548179453,-562.8433537133665
-137.76037834630753,-563.4999760420517
-137.0077722527492,-564.1573676367163
-136.2549649181126,-564.814553107183
-135.50221150586043,-565.4717938084618
-134.74944364514886,-566.1290197106894
-133.99667965589038,-566.7862495783108
-133.24391462927912,-567.443478383408
-132.49114988062564,-568.1007074732078
-131.7383850574937,-568.7579364867217
-130.98562025431818,-569.4151655206763
-130.23285544579534,-570.072394549154
-129.4800906387053,-570.7296235790991
-128.72732583123135,-571.3868526086508
-127.97456102386025,-572.0440816383083
-127.2217962164616,-572.7013106679373
-126.46903140907037,-573.3585396975739
-125.71626660167712,-574.0157687272085
-124.96350179428453,-574.6729977568436
-124.21073698689135,-575.3302267864783
-123.45797217949978,-575.9874558161148
-122.7052073721023,-576.6446848457438
-121.95244256472698,-577.3019138754016
-121.19967775726887,-577.9591429049512
-120.44691295011972,-578.6163719349051
-119.69414814181759,-579.2736009633497
-118.94138333781842,-579.9308299974273
-118.18861851776032,-580.5880590104824
-117.43585375763502,-581.2452881019947
-116.68308877383751,-581.9025169007004
-115.93032462479597,-582.5597467921748
-115.17755736040272,-583.2169726053821
-114.4248017226604,-583.8742136388887
-113.67200269366612,-584.5313978694653
-111.71877285391426,-586.0752594728685
-110.90581977602658,-586.653797900434
-110.0906496614194,-587.2294416055388
-109.27598508225176,-587.8057319940358
-108.4615153980455,-588.3823303714244
-107.64576059855425,-588.9570501098545
-106.83396732475613,-589.5375428374559
-105.9851235668971,-590.0640589181291
-105.1231982200135,-590.5715174971369
-104.2646247476828,-591.0838591477452
-103.40515314327246,-591.5948923832616
-102.54592219262778,-592.1062762075456
-101.68662675900012,-592.6175660918509
-100.8273486035387,-593.1288811473034
-99.96806581839533,-593.6401894581455
-99.1087842738134,-594.1514995762826
-98.24950239666768,-594.6628092098499
-97.39022060921573,-595.1741189744012
-96.53093879555254,-595.685428699587
-95.67165699704047,-596.1967384512498
-94.81237516413518,-596.7080481363706
-93.95309345365172,-597.2193580611819
-93.09381128787409,-597.7306670937736
-92.23453082085132,-598.2419794555534
-91.37524401410329,-598.7532793928002
-90.51598086750137,-599.2646256989908
-89.65662942004033,-599.7757989539394
-88.79760751586969,-600.2876180449118
-87.93735573939657,-600.7970268430317
-86.16179657736276,-601.7059408500756
-85.2670671007685,-602.147780154718
-84.3718048541748,-602.5885741603182
-83.47670628837,-603.0296933206214
-82.581485769409,-603.4705571611546
-81.6865893822839,-603.9121171260654
-80.79051842097138,-604.3511479132358
-79.89658993844108,-604.7947928593218
-78.96528091553785,-605.1579306155322
-78.03287803281833,-605.51871249355
-77.10076793216396,-605.8801249449515
-76.16857938079167,-606.2413684347241
-75.23641185022589,-606.6026571976286
-74.30423868715198,-606.963933829634
-73.37206703330406,-607.3252137121041
-72.4398949750603,-607.6864927236148
-71.50772302517404,-608.0477719684983
-70.57555104625348,-608.4090511508498
-69.64337907511265,-608.7703303499567
-68.71120710188723,-609.131609544574
-67.77903512922038,-609.4928887403943
-66.84686315640386,-609.8541679358921
-65.91469118362754,-610.2154471314768
-64.98251921084,-610.5767263270366
-64.05034723805718,-610.9380055226087
-63.118175265266615,-611.2992847181572
-62.18600329250238,-611.6605639137874
-61.2538313196406,-612.0218431091141
-60.32165934714264,-612.3831223055737
-59.38948737328691,-612.744401497805
-58.45731540449849,-613.1056807058162
-57.52514341679863,-613.4669598549367
-56.59297149967716,-613.8282392238405
-55.66079931915357,-614.1895177725014
-54.72862812166008,-614.5507993823505
-53.79645325544831,-614.9120695676893
-52.864292081079554,-615.2733823898809
-51.93207980805703,-615.6345360891719
-51.000058237806556,-615.9962836432135
-49.11578193857976,-616.6523192667321
-48.15898034786778,-616.9369010225228
-47.201615065363086,-617.2197274211163
-46.244400836160835,-617.503024213675
-45.28714608554149,-617.7861947875706
-44.32990236728807,-618.0693998421528
-43.37265504098804,-618.3525931926517
-42.415411114508544,-618.6357988787972
-41.45815719679352,-618.9189669264397
-40.50093984420007,-619.2022731924474
-39.543586222355856,-619.4850642234973
-38.580452362478994,-619.7459997090114
-37.597715629181145,-619.9328151611226
-36.61877372686299,-620.1339791728498
-35.63881500264836,-620.331298499615
-34.65912873503992,-620.5296480066122
-33.67936946290316,-620.7277214776435
-32.6996297522735,-620.925868912306
-31.71988480014376,-621.1239965284104
-30.740141252507257,-621.322129455115
-29.76039732839788,-621.5202609579771
-28.780653505686757,-621.7183928456095
-27.80090965385549,-621.9165246180032
-26.821165817106554,-622.1146564665813
-25.841421949148444,-622.3127881256602
-24.861678190944698,-622.5109204665519
-23.88193402493266,-622.7090502696917
-22.902191380399422,-622.9071895420258
-21.92244305775928,-623.105293475335
-20.942715926067958,-623.303529295549
-19.962909708688265,-623.5012729071691
-17.99480339233377,-623.8365245145717
-17.00440360064865,-623.9683364963239
-16.01358457089086,-624.0975392501891
-15.022877875641846,-624.2274411446173
-14.032141080430385,-624.357155704681
-13.041412350559934,-624.4869204616393
-12.050681459287905,-624.6166717653834
-11.059951148281183,-624.7464266850902
-10.069220677614798,-624.8761805941609
-9.078490265321761,-625.0059349298128
-8.087759779194986,-625.135688569776
-7.097029530029824,-625.2654445659125
-6.106298406851952,-625.3951918330447
-5.115570542763299,-625.5249716600201
-4.124830516330477,-625.6546299766276
-3.134135880185122,-625.784741774864
-2.1432718452340644,-625.9131611569527
-1.1528266539792555,-626.0457650894454
-0.15588228038668472,-626.1134375061263
0.8420998228232252,-626.1707422560409
1.8398065941595227,-626.2307977696363
2.8375871404388793,-626.2901162190509
3.835347918819615,-626.3496321615075
4.833113993851777,-626.4090951959768
5.830878650176855,-626.4685723693544
6.828643684678839,-626.5280458950854
7.826408625180287,-626.587519872495
8.824173563506978,-626.6469956908359
9.821938604533226,-626.706463693773
10.819703236935993,-626.7659611173942
11.817469401133138,-626.8253486736829
12.815229846776248,-626.8851462786181
13.813011634841125,-626.9434135562994
15.808512647686104,-626.9648746063286
16.807312945905572,-626.9501098847531
17.806143966559684,-626.9331403740578
18.80496682213616,-626.9167631866858
19.80379161558854,-626.9002214951397
20.80261682261493,-626.8837454969668
21.801438437469386,-626.867171229475
22.800274007437565,-626.8509243458857
23.799057349122798,-626.8334661960054
24.796742529680586,-626.7905627324113
25.79201076714495,-626.6916559575745
26.787844391997858,-626.6058498520716
27.783526521756592,-626.5165334328003
28.779249244503468,-626.4281575992684
29.774961090391955,-626.3395297365473
30.770675850725848,-626.2509694048438
31.76638983013651,-626.162390978259
32.76210401879469,-626.0738174001817
33.75781815138604,-625.9852425229567
34.753532298997186,-625.8966679938142
35.74924644259596,-625.8080933714891
36.74496058722443,-625.7195187738121
37.74067473174647,-625.6309441707257
38.73638887566456,-625.5423695646286
39.73210302210488,-625.4537949759834
40.72781715906024,-625.3652203205413
41.72353133143322,-625.2766459148352
42.71924537162066,-625.188070576982
43.714959905132645,-625.0994987179811
44.71067259753197,-625.0109138757182
45.70639216105738,-624.9223774876507
46.70208608119115,-624.833660266064
47.69787570376539,-624.7456179243582
50.16671781953389,-624.3948340358731
51.151304572744806,-624.2277906636716
52.135994743079884,-624.0614765754187
53.12065720525093,-623.89496708868
54.10532708295395,-623.7285099119362
55.089995006693115,-623.5620388936987
56.07466333075569,-623.395570931441
57.05933200748851,-623.2291045867586
58.04399887321694,-623.0626287157944
59.02867263029264,-622.8961893323819
60.0133206329837,-622.7296135250449
60.99806476186603,-622.5635469258539
61.98245014036794,-622.395579918003
62.966705242796195,-622.2269227983909
63.93705761854058,-621.9846187408737
64.9088182406666,-621.7497745893249
65.88020152431193,-621.5129315619965
66.85168591549845,-621.2766241318188
67.82314321500098,-621.0401731888172
68.79460777369825,-620.8037606999607
69.76607038730049,-620.5673379073479
70.73753352208814,-620.3309178756147
71.7089965172291,-620.0944971041201
72.6804595497715,-619.8580765307905
73.6519225723548,-619.6216559045629
74.62338559737306,-619.3852352917627
75.59484862261064,-619.148814678151
76.56631164453589,-618.912394054357
77.53777467949118,-618.6759734721034
78.5092376656387,-618.4395527338718
79.48070083398727,-618.2031325780115
80.45216332233932,-617.9667102486434
81.42362834847643,-617.7302960309355
82.39508390346978,-617.4938515400947
83.3665748052531,-617.2575200301252
84.33793379102036,-617.020766869803
86.23462137915658,-616.404415659549
87.18101889187517,-616.087951580951
88.12734924858977,-615.7712947786615
89.0741935479337,-615.4561981401012
90.01844052169844,-615.133202056526
90.94476900310906,-614.7557031509458
91.87291303562677,-614.3837266587452
92.80057059269136,-614.0102704403391
93.72835850046128,-613.6372107133759
94.65611148086302,-613.2640447468465
95.58387382003225,-612.8909072471389
96.51163365149957,-612.5177621197104
97.43939415500702,-612.144619036344
98.36715447805588,-611.7714754044496
99.29491485089903,-611.3983319226055
100.22267520502365,-611.0251883890875
101.15043558422803,-610.6520449122154
102.0781958818319,-610.2789012604335
103.00595648075804,-609.9057582516448
103.93371595599564,-609.5326128457931
104.86147962466512,-609.1594763852003
105.78922764329559,-608.786306540635
106.71703406865029,-608.4132612867006
107.64462251714701,-608.0397510542148
108.57289874512455,-607.6677079623644
109.47986166530384,-607.250200268553
110.38044011777724,-606.8190735113684
111.28271099844044,-606.3915569679398
112.18452845940337,-605.9630732057296
113.08646717097753,-605.5348481048898
113.98837429980708,-605.1065555773507
114.89028650900386,-604.6782740952386
115.7922099794763,-604.2500158581172
116.69408332447884,-603.8216535956058
118.48566065815606,-602.9403823941279
119.36177475653686,-602.4585435657511
120.2367642311946,-601.9743700019949
121.11205504787071,-601.490822028698
121.98726512019638,-601.0071064289427
122.86249682790555,-600.5234357445615
123.73772273843116,-600.0397530251421
124.61295020230746,-599.5560735305016
125.48817724996445,-599.0723931717839
126.36340440914812,-598.5887130445966
127.23863153844438,-598.1050328553645
128.11385867576348,-597.621352682781
128.98908581087866,-597.137672505648
129.86431294678675,-596.6539923300645
130.73954008172717,-596.1703121528319
131.61476721974535,-595.6866319806468
132.48999434642016,-595.2029517899209
133.36522151539046,-594.7192716683101
134.24044852652213,-594.2355912887804
135.11567612671303,-593.751911871811
135.99090152850562,-593.2682288625191
136.8661351348323,-592.7845592599572
137.74133812142102,-592.3008396227976
138.61665538242733,-591.8173067172984
139.49154616550135,-591.3330769197562
140.78579199712505,-590.576935298671
141.64019740086863,-590.0592310027079
142.49537526027024,-589.5427888332911
143.3502977737656,-589.0259298560793
144.20546921522796,-588.509475983501
145.0599002907285,-587.9918185001836
145.91695668643592,-587.4784285836085
146.748055133901,-586.9228432681427
147.57482602009583,-586.3602233800146
148.40272732491448,-585.7994410191639
149.2303257349758,-585.238166294363
150.0580053054427,-584.677023498085
150.88566312904447,-584.1158453516658
151.71332677970122,-583.5546766772884
152.5409888690033,-582.9935054648851
153.3686513766691,-582.4323349325438
154.19631377223465,-581.8711642179803
155.0239761978374,-581.3099935522432
155.8516386153917,-580.748822873423
156.67930103510253,-580.1876521981085
157.50696345423557,-579.6264815218549
158.3346258735234,-579.0653108458527
159.16228829276974,-578.504140169783
159.98995071202728,-577.9429694937317
160.8176131312817,-577.381798817675
161.64527555053724,-576.8206281416203
162.47293796979136,-576.2594574655635
163.30060038905035,-575.6982867895136
164.12826280829105,-575.137116113438
164.95592522759992,-574.5759454374587
165.7835876466545,-574.0147747611193
166.61125006665807,-573.453604086124
167.43891248312005,-572.8924334061126
168.2665749127994,-572.3312627448213
169.09423729315083,-571.7700920136656
169.92189985759643,-571.2089215432482
170.74956173499328,-570.6477500997411
171.57722617649097,-570.0865822878545
172.4048810486343,-569.525400922576
173.23257163409403,-568.9642701392448
174.06012893564247,-568.4029505815158
174.87734624352458,-567.8269861497824
175.68809779703204,-567.2418640569267
176.50065624746583,-566.6593011317223
177.31273053771355,-566.0760524746661
178.1249345717794,-565.4929875773662
178.93710379075875,-564.9098733728927
179.74928252626577,-564.3267726373571
180.56145801074865,-563.7436673332434
181.36093451099495,-563.143180822163
182.15598625267398,-562.5366380870088
182.95236412153758,-561.9319104389522
183.74838665569303,-561.3266964397735
184.54450440149657,-560.7216127579852
185.34059663541586,-560.1164941577576
186.13669570522399,-559.5113849138975
186.93279294336125,-558.9062731630061
187.72889067229318,-558.3011620838718
188.5249882697171,-557.6960508247408
189.32108590237846,-557.0909396138397
190.11718352559814,-556.4858283900157
190.9132811513469,-555.8807171696533
191.70937877642115,-555.2756059483677
192.50547640166428,-554.6704947273134
193.30157402690648,-554.0653835062567
194.09767165198363,-553.4602722849786
194.89376927772184,-552.855161064588
195.68986690098075,-552.250049840869
196.48596453349592,-551.6449386295758
197.28206213146527,-551.0398273719081
198.07815985836174,-550.4347162873128
198.87425710409542,-549.8296045568031
199.67035614555317,-549.2244952368775
200.46644848527757,-548.6193769205299
201.26256583621125,-548.0142921792865
202.0587359203514,-547.4092782272196
202.85574280414215,-546.805387596907
203.65263886955108,-546.2013482037468
204.44956462865593,-545.5973486714715
205.24648243135897,-544.9933384585042
206.04340236597346,-544.3893311074198
206.84032172934403,-543.7853229894961
207.6372412457789,-543.1813150770463
208.43416072120033,-542.5773071095401
209.23108020761117,-541.9732991567861
210.0279996910778,-541.3692912000797
210.8249191753319,-540.7652832444304
211.62183865938056,-540.161275288505
212.41875814346332,-539.5572673326274
213.21567762761498,-538.953259376834
214.01259711145713,-538.3492514206566
214.8095165964683,-537.7452434659311
215.6064360771128,-537.1412355057819
216.4033555740553,-536.5372275658758
217.20027501017228,-535.9332195504203
217.99719467329334,-535.3292118169197
218.79411348922366,-534.7252030311481
219.59103546691287,-534.1211981725062
220.3879456447571,-533.517178657617
221.1848998602224,-532.9132138405871
221.98168972504848,-532.3090448883668
222.77515821533774,-531.7007189356849
223.95104355322607,-530.770258012285
224.72112208520423,-530.1322447358018
225.49219789923913,-529.4955184952055
226.2630064923523,-528.8584473943826
227.03388668709567,-528.2214686985789
227.80474769623999,-527.584465242925
228.57561384615013,-526.947468421653
229.34647861859622,-526.3104698227036
230.11734376013268,-525.6734717000814
230.88820880277166,-525.0364734498278
231.65907387191015,-524.3994752337729
232.42993893394816,-523.7624770085545
233.2008039978887,-523.1254787857915
233.97166906131946,-522.4884805623706
234.7425341248868,-521.8514823391258
235.51339918841757,-521.214484115834
236.28426425195812,-520.5774858925547
237.05512931549606,-519.940487669272
237.82599437903468,-519.3034894459904
238.59685944257313,-518.6664912227084
239.3677245061116,-518.0294929994265
240.13858956965012,-517.3924947761446
240.9094546331886,-516.7554965528627
241.68031969672708,-516.1184983295807
242.45118476026556,-515.4815001062989
243.22204982380407,-514.844501883017
243.99291488734255,-514.2075036597349
244.76377995088103,-513.5705054364531
245.53464501441954,-512.9335072131712
246.30551007795805,-512.2965089898892
247.07637514149653,-511.65951076660735
247.847240205035,-511.0225125433253
248.61810526857346,-510.3855143200435
249.38897033211197,-509.7485160967616
250.15983539565045,-509.11151787347967
250.93070045918893,-508.4745196501977
251.7015655227275,-507.8375214269158
252.4724305862657,-507.20052320363357
253.2432956498052,-506.5635249803529
254.01416071333992,-505.9265267570664
254.78502577689244,-505.28952853380144
255.55589084037857,-504.65253031045637
256.3267559041124,-504.0155320874103
257.0976209669219,-503.3785338632481
257.86848603318117,-502.7415356432515
258.6393510865657,-502.10453740770856
259.4102161879993,-501.4675392301855
260.181081110111,-500.83054083612916
260.95194670146145,-500.19354325018605
261.7228097951787,-499.5565426483234
262.49368221019023,-498.9195533020254
263.264519837658,-498.2825219493885
264.03544426307167,-497.64559540621906
264.8053458976883,-497.0074338319935
265.5751457695309,-496.36914937810684
266.3449726488868,-495.7308975360878
267.1147922916015,-495.09263695574515
267.88461387336827,-494.4543787168292
268.6544349355677,-493.8161198505299
269.4242561369847,-493.1778611523374
270.1940773010985,-492.5396024091009
270.96389847520766,-491.90134367793394
271.7337196466385,-491.2630849435329
272.5035408187871,-490.6248262099984
273.27336199074335,-489.9865674762317
274.0431831627511,-489.34830874252725
274.8130043347451,-488.7100500088061
275.5828255067428,-488.0717912750894
276.35264667873946,-487.43353254137156
277.12246785073637,-486.79527380765404
277.8922890227333,-486.1570150739364
278.6621101947301,-485.51875634021883
279.431931366727,-484.8804976065012
280.2017525387239,-484.24223887278356
280.97157371072075,-483.6039801390659
281.74139488271766,-482.96572140534835
282.5112160547145,-482.32746267163077
283.2810372267114,-481.68920393791313
284.0508583987083,-481.0509452041955
284.8206795707051,-480.412686470478
285.59050074270203,-479.7744277367603
286.36032191469906,-479.1361690030429
287.1301430866953,-478.4979102693245
287.8999642586947,-477.8596515356098
288.6697854306823,-477.22139280188105
289.43960660271364,-476.5831340682051
290.2094277745819,-475.9448753343321
290.97924894705875,-475.3066166011944
291.74907011726435,-474.6683578653128
292.51889129594633,-474.03009913967094
293.2887124429942,-473.39184037581447
294.058533708102,-472.75358175457666
294.8283545326043,-472.1153226010787
295.5981770014688,-471.47706543400284
296.3679933334896,-470.8388008534982
297.13783111195136,-470.20056218071954
297.9075401474958,-469.56216798394314
298.67715006931854,-468.923654055825
299.4467828797791,-468.2851677776355
300.21640955724774,-467.6466740906699
300.98603787804666,-467.00818238887996
301.75566575851644,-466.36969015516377
302.52529375697213,-465.73119806397676
303.29492172381356,-465.09270593459917
304.064549699126,-464.45421381545475
304.83417767216866,-463.8157216935683
305.60380564581953,-463.17722957241665
306.37343361930743,-462.5387374510681
307.143061592839,-461.90024532977225
307.91268956635884,-461.2617532084623
308.6823175398818,-460.62326108715615
309.451945513404,-459.98476896584896
310.22157348692633,-459.3462768445421
310.9912014604486,-458.7077847232351
311.7608294339709,-458.06929260192817
312.53045740749326,-457.4308004806212
313.30008538101555,-456.79230835931423
314.0697133545379,-456.15381623800727
314.8393413280602,-455.5153241167003
315.60896930158253,-454.87683199539333
316.3785972751049,-454.23833987408636
317.14822524862717,-453.59984775277945
317.91785322214946,-452.9613556314725
318.6874811956718,-452.3228635101656
319.45710916919415,-451.6843713888586
320.2267371427165,-451.04587926755164
320.9963651162388,-450.4073871462447
321.7659930897611,-449.7688950249377
322.53562106328343,-449.13040290363074
323.3052490368057,-448.49191078232377
324.07487701032807,-447.8534186610168
324.84450498385036,-447.21492653970984
325.6141329573727,-446.5764344184029
326.383760930895,-445.93794229709596
327.15338890441734,-445.299450175789
327.92301687793963,-444.6609580544821
328.692644851462,-444.0224659331751
329.4622728249843,-443.38397381186815
330.2319007985066,-442.7454816905612
331.0015287720289,-442.1069895692542
331.77115674555125,-441.46849744794724
332.5407847190736,-440.8300053266403
333.3104126925959,-440.1915132053333
334.0800406661182,-439.5530210840264
334.8496686396405,-438.91452896271943
335.6192966131629,-438.27603684141246
336.3889245866852,-437.63754472010555
337.15855256020745,-436.9990525987986
337.9281805337298,-436.3605604774916
338.69780850725215,-435.72206835618465
339.46743648077444,-435.0835762348777
340.2370644542968,-434.4450841135707
341.0066924278191,-433.80659199226375
341.7763204013414,-433.16809987095684
342.54594837486377,-432.52960774964987
343.315576348386,-431.89111562834296
344.08520432190835,-431.252623507036
344.8548322954307,-430.614131385729
345.62446026895304,-429.97563926442206
346.3940882424754,-429.3371471431151
347.1637162159976,-428.6986550218081
347.93334418951997,-428.06016290050115
348.7029721630423,-427.4216707791942
349.4726001365646,-426.7831786578873
350.24222811008696,-426.1446865365803
351.01185608360925,-425.50619441527334
351.7814840571316,-424.8677022939664
352.5511120306539,-424.22921017265946
353.3207400041762,-423.5907180513525
354.09036797769863,-422.95222593004564
354.8599959512206,-422.3137338087382
355.62962392474424,-421.67524168743284
356.39925189826164,-421.03674956611997
357.1688798718022,-420.39825744483517
357.93850784525637,-419.75976532344566
358.70813581903303,-419.12127320244656
359.4777637916061,-418.4827810799908
360.2473917686711,-417.8442889629713
361.01701972897206,-417.20579682566324
361.7866477518371,-416.5673047640732
362.55627554121,-415.9288124198997
363.3259042019871,-415.290321130342
364.09552961064,-414.6518259049045
364.86516715638516,-414.01334536837044
365.63502685733795,-413.37513369494764
366.4055650824788,-412.73774320472495
367.1759251044375,-412.10013704428457
367.94633287579506,-411.4625886725049
368.7167278527397,-410.82502481630036
369.4871262579369,-410.1874651091349
370.2575237445367,-409.54990429023775
371.02792147727394,-408.9123437692282
371.7983191440587,-408.27478316839995
372.5687168285155,-407.63722258895905
373.3391145082371,-406.9996620037874
374.1095121892274,-406.3621014201513
374.8799098698778,-405.72454083610376
375.65030755061935,-405.0869802521664
376.42070523133634,-404.44941966819965
377.19110291206,-403.8118590842407
377.9615005927819,-403.1742985002797
378.73189827350416,-402.5367379163192
379.5022959542264,-401.8991773323586
380.27269363494867,-401.261616748398
381.0430913156709,-400.62405616443743
381.8134889963931,-399.9864955804768
382.58388667711534,-399.3489349965162
383.35428435783757,-398.71137441255564
384.12468203855985,-398.073813828595
384.895079719282,-397.4362532446345
385.6654774000043,-396.79869266067385
386.43587508072653,-396.1611320767133
387.20627276144876,-395.52357149275264
387.976670442171,-394.88601090879206
388.7470681228932,-394.2484503248315
389.51746580361544,-393.6108897408709
390.28786348433766,-392.9733291569103
391.0582611650599,-392.33576857294975
391.82865884578223,-391.6982079889891
392.5990565265044,-391.06064740502853
393.3694542072266,-390.42308682106795
394.1398518879489,-389.7855262371073
394.9102495686711,-389.1479656531468
395.68064724939336,-388.51040506918616
396.4510449301156,-387.8728444852256
397.2214426108378,-387.235283901265
397.99184029156004,-386.59772331730437
398.76223797228226,-385.9601627333438
399.5326356530045,-385.3226021493832
400.3030333337267,-384.6850415654226
401.07343101444894,-384.04748098146206
401.8438286951713,-383.4099203975014
402.61422637589345,-382.77235981354085
403.3846240566157,-382.13479922958027
404.15502173733796,-381.49723864561963
404.92541941806013,-380.85967806165905
405.6958170987824,-380.2221174776985
406.46621477950464,-379.58455689373784
407.23661246022687,-378.9469963097773
408.0070101409491,-378.3094357258167
408.7774078216713,-377.67187514185605
409.5478055023936,-377.0343145578955
410.3182031831156,-376.39675397393466
411.0886008638387,-375.7591933899751
411.85899854455783,-375.1216328060108
412.62939622529154,-374.484072222064
413.399793905971,-373.84651163805177
414.170191586853,-373.20895105428406
414.940589266979,-372.5713904696037
415.71098694992634,-371.9338298883292
416.4813846223445,-371.29626929434414
417.2517823340579,-370.65870874779534
418.0221798991195,-370.021148024212
418.792578011493,-369.3835879613307
419.5629740812709,-368.74602543267565
420.33337777411907,-368.1084721064135
421.10375301728186,-367.4708844363536
421.8739625962363,-366.8330967803187
422.6425385822313,-366.19333708890014
423.4114371915701,-365.5539668608701
424.18024935424444,-364.9144922764396
424.9490846802327,-364.27504565422237
425.7179137996298,-363.63559153955265
426.4867445820779,-362.9961394324795
427.25557491891277,-362.35668678747254
428.02440537514946,-361.7172342866044
428.7932357993925,-361.0777817471145
429.56206623220817,-360.4383292179732
430.33089666272684,-359.798876686059
431.09972709386096,-359.1594241548878
431.8685575248303,-358.51997162351756
432.6373879558436,-357.88051909220064
433.40621838684524,-357.2410665608694
434.17504881785,-356.60161402954196
434.9438792488538,-355.9621614982135
435.712709679858,-355.32270896688544
436.48154011086206,-354.68325643555715
437.2503705418662,-354.043803904229
438.01920097287024,-353.4043513729008
438.7880314038743,-352.7648988415726
439.5568618348784,-352.12544631024434
440.3256922658825,-351.48599377891617
441.09452269688654,-350.846541247588
441.86335312789066,-350.20708871625976
442.6321835588947,-349.56763618493153
443.4010139898988,-348.92818365360336
444.1698444209029,-348.2887311222751
444.93867485190697,-347.6492785909469
445.70750528291103,-347.0098260596187
446.4763357139151,-346.37037352829054
447.2451661449192,-345.7309209969623
448.01399657592333,-345.0914684656341
448.78282700692733,-344.4520159343059
449.55165743793145,-343.81256340297773
450.3204878689355,-343.1731108716495
451.0893182999396,-342.53365834032127
451.85814873094375,-341.8942058089931
452.62697916194776,-341.25475327766486
453.3958095929519,-340.61530074633663
454.16464002395594,-339.97584821500845
454.93347045496,-339.3363956836803
455.7023008859641,-338.69694315235205
456.4711313169681,-338.0574906210238
457.2399617479723,-337.41803808969564
458.00879217897636,-336.77858555836747
458.7776226099804,-336.13913302703924
459.5464530409845,-335.499680495711
460.31528347198855,-334.86022796438283
461.08411390299267,-334.2207754330546
461.8529443339968,-333.58132290172637
462.62177476500085,-332.9418703703982
463.3906051960049,-332.30241783907
464.159435627009,-331.6629653077418
464.92826605801304,-331.02351277641355
465.69709648901716,-330.3840602450854
466.4659269200212,-329.74460771375715
467.23475735102534,-329.105155182429
468.0035877820294,-328.46570265110074
468.77241821303346,-327.82625011977257
469.5412486440376,-327.18679758844434
470.3100790750416,-326.5473450571161
471.0789095060457,-325.90789252578793
471.8477399370498,-325.26843999445975
472.6165703680539,-324.6289874631315
473.385400799058,-323.9895349318033
474.154231230062,-323.3500824004751
474.92306166106613,-322.7106298691469
475.6918920920702,-322.0711773378187
476.46072252307425,-321.4317248064905
477.2295529540784,-320.7922722751623
477.99838338508243,-320.1528197438341
478.7672138160865,-319.51336721250584
479.5360442470906,-318.87391468117767
480.3048746780947,-318.2344621498495
481.07370510909874,-317.59500961852126
481.84253554010286,-316.95555708719314
482.61136597110675,-316.3161045558646
483.38019640211166,-315.67665202453736
484.1490268331126,-315.0371994932056
484.91785726412854,-314.3977469618908
485.68668769508827,-313.75829443051265
486.45551812625797,-313.11884189937075
487.2243485566437,-312.47938936734727
487.9931789899556,-311.8399368386141
488.7620094123471,-311.20048429760095
489.5308398754936,-310.56103180241735
490.29967018654037,-309.92157913619576
491.0685010652312,-309.2821271082963
491.83732982544575,-308.6426726981464
492.6061664919212,-308.00322717867624
493.37497365182924,-307.36374847873765
494.1438909317462,-306.72439360999306
494.91239723819467,-306.08457659694056
495.68242569791107,-305.44647126247094
496.44529927452913,-304.8003201858512
497.1901736230503,-304.13392890368436
498.30860606989825,-303.13559699896183
499.0314605633042,-302.44441421420777
499.75736380989605,-301.75666329223725
500.4824501455338,-301.0679928054053
501.20775537180197,-300.3795687152354
501.93300194650243,-299.69107860327887
502.65826423684314,-299.00260618180675
503.3835223161908,-298.3141290201836
504.10878152387056,-297.62565312868014
504.8340404292146,-296.9371768968491
505.5592994155694,-296.2487007562085
506.28455838021733,-295.5602245911336
507.0098173506816,-294.87174843260584
507.73507631958745,-294.18327227232373
508.46033528891076,-293.4947961125116
509.18559425812253,-292.80631995257403
509.9108532273627,-292.1178437926684
510.6361121966012,-291.42936763276043
511.3613711658178,-290.74089147282984
512.086630135124,-290.0524153129922
512.8118891040936,-289.3639391528051
513.5371480743202,-288.6754629939228
514.2624070398556,-287.9869868301711
514.987666022898,-287.29851068459203
515.7129249406031,-286.61003447119174
516.4381841021512,-285.92155851090365
517.1634423536644,-285.2330816059882
517.8887040014745,-284.54460822647
518.6139529741322,-283.85612168999
519.3392492511025,-283.16768425596
520.0643689859744,-282.4790635690921
520.789862989308,-281.7908313774235
521.5102212997615,-281.09726827430137
522.2302558633888,-280.4033691180498
522.9503768176086,-279.7095596362801
523.6704746235388,-279.01572612630554
524.3905786320345,-278.32189905466896
525.1106809785579,-277.628070257885
525.8307837704052,-276.93424192335283
526.5508864429285,-276.24041346496074
527.2709891474244,-275.54658503975674
527.9910918433534,-274.85275660566003
528.7111945415779,-274.15892817394615
529.4312972391874,-273.4650997415938
530.1513999369615,-272.77127130941244
530.8715026346916,-272.0774428771853
531.5916053324336,-271.3836144449705
532.3117080301723,-270.6897860127523
533.031810727912,-269.9959575805351
533.7519134256509,-269.30212914831725
534.4720161233918,-268.6083007161012
535.1921188211256,-267.91447228387847
535.9122215188856,-267.22064385168085
536.6323242165482,-266.5268154193896
537.3524269145739,-265.8329869874473
538.0725296112449,-265.139158554203
538.7926323129717,-264.4453301258179
539.5127349958298,-263.75150167929775
540.232837749107,-263.05767330045893
540.9529402395762,-262.3638446690296
541.6730437108589,-261.670016980281
542.3931435216953,-260.97618577340006
543.113256993503,-260.2823676963678
543.8333194818717,-259.588500618073
544.5535722430254,-258.8948164149798
545.2731148964784,-258.2004497123426
546.3312770982253,-257.1386564017304
547.0013114200458,-256.3971085538914
547.6581301283347,-255.64283835321206
548.3181134692354,-254.89161548357336
548.9772488493834,-254.13957608404326
549.6366114399302,-253.38775547303817
550.2959131496343,-252.63587623782445
550.955231172311,-251.8840127109201
551.6145448239398,-251.13214497498697
552.2738596467874,-250.38027836685967
552.9331741558078,-249.62841145653772
553.592488748918,-248.8765446271886
554.2518033194965,-248.1246777761429
554.9111178961123,-247.3728109309107
555.5704324711103,-246.62094408412082
556.229747046542,-245.8690772377484
556.8890616218571,-245.11721039126377
557.5483761972049,-244.36534354481051
558.207690772538,-243.61347669834396
558.8670053478975,-242.8616098518991
559.5263199231658,-242.10974300538098
560.1856344987727,-241.3578761591341
560.8449490731163,-240.60600931187543
561.5042636521748,-239.85414246839275
562.163578213637,-239.10227561081808
562.8228928407691,-238.35040880583517
563.4822072228183,-237.59854180457734
564.1415225195294,-236.8466755358275
564.8008344026753,-236.09480653332048
565.4601590254204,-235.34294773333403
566.1194361033333,-234.59105085702265
566.7788906209764,-233.8392960834904
568.0434204092161,-232.29207000484516
568.6707344642039,-231.51444459801368
569.295154405241,-230.7345258436958
569.9140646814889,-229.95033234642415
570.4872918988829,-229.13059874283334
571.0691098438045,-228.31754871910272
571.6486259073502,-227.50270783365858
572.2287587688722,-226.68834681520843
572.8087263198647,-225.87385719049567
573.388738314999,-225.05940212383936
573.9687378440958,-224.24493743121997
574.548742793201,-223.4304766843964
575.1287385283104,-222.6160097803526
575.7087656993949,-221.80156355939397
576.2886763405738,-220.98704076331484
576.8690216653995,-220.17280358463262
577.4477447855445,-219.3575005114832
577.731331681036,-218.94570144297944
578.8300482121845,-217.27721246241347
579.3664471660256,-216.43409965816795
579.9017385939002,-215.59025914424166
580.4373271946013,-214.74661386640994
580.9728346299623,-213.90291535388053
581.5083695538569,-213.05923454404729
582.0438756889579,-212.2155361581273
582.5794694906995,-211.37189037385807
583.1147414146726,-210.52805175907253
583.6460948170804,-209.68186593265582
584.1184031846964,-208.80031177323738
584.6019711825899,-207.9255022005965
585.0825221716486,-207.04888542137792
585.5638815657687,-206.17275288169267
586.0450243484786,-205.29649059045175
586.5262251717681,-204.4202630659002
587.0074104441494,-203.5440262261468
587.4885998795828,-202.6677918805114
587.9697882137168,-201.7915568736058
588.4509767899966,-200.91532201766316
588.9321654989923,-200.03908721913888
589.4133534349791,-199.16285203997813
589.894544330285,-198.2866183259449
590.3757241613232,-197.41037913203803
590.8569452901137,-196.53416039249808
591.3380122921625,-195.6578653153642
591.8196545034255,-194.78185513423918
592.2991500045734,-193.90478170667274
593.1660818138271,-192.1062608501372
593.5863535622644,-191.1998544242066
594.0064251459055,-190.29334885851995
594.4265503685532,-189.38686985942596
594.8466611999704,-188.4803837337173
595.266775957303,-187.57389954787465
595.6868894022037,-186.6674147291828
596.1070041709175,-185.76093050202147
596.5271149568111,-184.85444454158738
596.9472403501723,-183.94796492271394
597.3673112964832,-183.0414616708705
597.7875854235274,-182.13504660934638
598.2071012746887,-181.22830241951507
598.6289518616863,-180.32257161758244
599.0007181409296,-179.39510181191088
599.3562322679334,-178.460577788779
599.7160212493325,-177.52790925851178
600.0746647869487,-176.59474355042994
600.4336152453009,-175.66171106074188
600.7924834644917,-174.7286428752934
601.151373719592,-173.79558425449272
601.5102580702162,-172.8625230708612
601.8691440028357,-171.92946257390537
602.2280295119498,-170.99640189307758
602.5869151330901,-170.06334126106196
602.9458007296306,-169.13028061766954
603.3046863125444,-168.19721997097224
603.663571974565,-167.26415934887112
604.0224573337848,-166.33109863169028
604.3813438251016,-165.39803827023223
604.7402260908307,-164.46497658096257
605.0991241268139,-163.53191984721656
605.4579633073683,-162.5988446191875
605.8170221393833,-161.66583841276722
606.4712896203185,-159.78128240560505
606.7487912952957,-158.82256234394245
607.0245563448188,-157.86330650838477
607.2856937284232,-156.899612612032
607.5095336795482,-155.9245961092227
607.7422029710344,-154.9522600017914
607.9725064479417,-153.97920568459173
608.2034438428041,-153.00634381108745
608.4342113804245,-152.0334303725701
608.6650244290577,-151.06053075040944
608.8958252908818,-150.0876274278353
609.1266293889296,-149.11472509055824
609.3574327288915,-148.1418225125065
609.5882358649733,-147.16891991225629
609.8190405746616,-146.1960176415747
610.0498391938033,-145.2231140748171
610.2806606015251,-144.25021536279496
610.5113969454737,-143.27729852790694
610.7424507559354,-142.3044493297469
610.9723197641174,-141.33134770754089
611.2064157991067,-140.35914666027298
611.4170831195929,-139.3819540872541
611.6084489972934,-138.40064931044083
611.8041782050075,-137.42027414818358
611.9987382617942,-136.43964989643342
612.193611592277,-135.45909238809912
612.3884009789032,-134.4785169955942
612.5832128672592,-133.49794639635581
612.7780186925525,-132.51737450822202
612.9728262683673,-131.53680298240334
613.1676329051578,-130.5562312962195
613.3624415475246,-129.57565988918122
613.5572431066109,-128.59508752592592
613.7520709932419,-127.61451870839316
613.946800652975,-126.63393666418716
614.3060982675187,-124.6683184667728
614.4496684532967,-123.67911439958543
614.5967437506122,-122.69035664785753
614.7110559746382,-121.69718582325899
614.8142334761934,-120.7025108623278
614.9202413453643,-119.70821826844855
615.0254908198735,-118.71382321962986
615.1309435054131,-117.71945562351699
615.2363417414933,-116.72508067152032
615.3417545643802,-115.73070769035303
615.4471634895003,-114.73633418175197
615.5525734188805,-113.74196081205663
615.6579832289882,-112.74758741417216
615.7633925119251,-111.75321399013848
615.8688040228174,-110.75884069889076
615.9742071490592,-109.7644669026484
616.0796415859468,-108.77009499359872
616.1849591649022,-107.77571604077298
616.2907127694929,-106.78136337062098
616.386638327678,-105.28665072137787
616.4306415929592,-104.2889334835667
616.4500771346933,-103.29044113372092
616.4197854762218,-102.29043798830963
616.4021892581989,-101.29082046572529
616.3811913071602,-100.29109961581587
616.3611048477358,-99.29140645237976
616.3407741548695,-98.2917058703755
616.3205089041568,-97.29200727617058
616.3002261182719,-96.2923081493364
616.2799480309222,-95.29260916521983
616.2596686846036,-94.29291014286218
616.239389675625,-93.2932111307512
616.2191105762561,-92.29351211589464
616.1988315011082,-91.29381310177371
616.1785524194665,-90.29411408745595
616.1582733395792,-89.29441507318981
616.1379942591682,-88.29471605891399
616.1177151790972,-87.29501704462524
616.0974360981896,-86.29531803039794
616.0771570202892,-85.2956190159378
616.0568779311965,-84.29592000234751
616.0365988838654,-83.2962209855106
616.01631968068,-82.29652198079043
615.9960410591507,-81.29682293084997
615.9757602668515,-80.29712404967387
615.9554875759757,-79.29742453866058
615.9351846501758,-78.29772737823171
615.9149945626486,-77.29802144530231
615.8943833569547,-76.29834825179063
615.7876238710905,-74.3048895761319
615.6233025960105,-72.81614679075805
615.5322785990649,-71.82194713298094
615.4411329946871,-70.82775752030855
615.4241341149344,-70.32804295217227
615.3328687280674,-69.33386868442778
615.2423525441015,-68.33960541721326
615.1490136731695,-67.34567637018138
615.0639743328904,-66.35076484106705
614.9068708256884,-65.36438393731281
614.7283536685994,-64.38053787976412
614.5553476136014,-63.396039444132924
614.3808648632618,-62.41171581267948
614.2067777921977,-61.42734534259753
614.032584699373,-60.44298742285186
613.8584200143157,-59.45862614038958
613.6842477199491,-58.47426575845744
613.5100774550522,-57.48990513712137
613.335906681586,-56.50554457287087
613.1617359129264,-55.52118401968201
612.987565633611,-54.53682336516101
612.8133933921117,-53.55246310490698
612.6392285100039,-52.56810136891718
612.4650361525137,-51.58374514160346
612.2909463371614,-50.59936835532126
612.1164738286409,-49.615068296236856
611.7268258807877,-47.65524197877951
611.5060340897685,-46.68022859852724
611.2832360194643,-45.70561746266115
611.0609755300641,-44.730898545739315
610.8385709963327,-43.75620850865425
610.6162050590221,-42.781510733277884
610.3938287803596,-41.806815031229945
610.1714552706842,-40.83211877415958
609.9490810264128,-39.85742266385051
609.7267069515372,-38.88272652151873
609.5043329336747,-37.90803036051647
609.281958518364,-36.933334306218796
609.0595856358327,-35.95863784377329
608.8372070196328,-34.98394290721453
608.614849805328,-34.009242275256604
608.3924127171106,-33.0345628990086
608.170273722649,-32.0598041953201
607.9470222270771,-31.08534154568364
607.7012010706708,-30.116888333310968
607.4137275486412,-29.1595226966362
607.1369023001728,-28.199329205184842
606.8576355053907,-27.239759133430695
606.5774866223019,-26.280523237664305
605.9368967167647,-24.38944819812481
605.5938867037216,-23.450711783071966
605.2497485970055,-22.512342518537977
604.9059127618564,-21.573874876405576
604.5619959341124,-20.635433594147965
604.2181008051812,-19.696985249989606
603.8741998735934,-18.758538793559453
603.5303004538183,-17.820091848117237
603.1864007894496,-16.88164497099506
602.8425005916422,-15.943198309604771
602.4986027721835,-15.004750716966905
602.1546959727691,-14.066306633587455
601.8108227148286,-13.127849444421908
601.4668242709482,-12.189441169142338
601.1232930293538,-11.250850344104968
600.7780181645552,-10.312940804212811
600.4377917618808,-9.373058680891504
600.0533877260109,-8.450438065135284
599.6571271551231,-7.5324501481927655
599.2639310149307,-6.6132648675664
598.8699137630069,-5.694400419572724
598.4761165273128,-4.775450004732134
598.0822603384318,-3.856522624646508
597.688419946069,-2.93758907238794
597.2945753208201,-2.0186571740661776
596.9007318305964,-1.099724832170141
596.506888033158,-0.18079261063439156
596.1130443295543,0.7381396487682363
595.7192005578265,1.6570718770636332
595.3253569647595,2.576004191921071
594.9315127251739,3.494936191637582
594.5376708930021,4.41386936535576
594.1438200776939,5.332798158208196
593.7500027875168,6.251743300521936
593.3560603799519,7.170627425856203
592.9625849168067,8.089739269647048
592.5673667933711,9.008001256591056
591.6647058366269,10.788871978510382
591.2078509103826,11.677147075892112
590.729164750688,12.553884473091045
590.213633701942,13.411198356749537
589.7077657933487,14.273606318239711
589.1993086541545,15.13464932568833
588.691545297211,15.996058071471499
588.1835960418659,16.85736881795802
587.6756965978766,17.718705823296574
587.1677838068659,18.58003579252366
586.6598745925844,19.44136764734457
586.1519644184075,20.302698995901643
585.6440545070832,21.164030483920257
585.1361445042442,22.025361920356538
584.6282346046116,22.886693423660613
584.1203243836675,23.748024711075836
583.6124153447633,24.609356795178684
583.104501899011,25.47068590841988
582.5966048986106,26.332026108420052
582.0886465236512,27.19332493224598
581.5809172015764,28.054778174009908
581.0723330425214,28.915655120196078
579.9813051435392,30.58676743863142
579.415643537361,31.40916448720641
578.8474800725548,32.22987425185971
578.2803050301002,33.05125262590139
577.7116781568677,33.871643846311215
577.1405285555587,34.69031749888069
576.5235872013166,35.477819999208066
575.9134689332161,36.26996706979906
575.3015224246942,37.06086963153872
574.6900657917167,37.85210565842007
574.0784778969826,38.643252333586005
573.4669251737303,39.43442295047193
572.8553630263077,40.2255871521933
572.2438034040841,41.0167530728529
571.6322431052351,41.80791853292412
571.0206829876886,42.59908411641061
570.409122821558,43.39024966682447
569.7975626684612,44.18141522611354
569.1860025118133,44.97258078297439
568.574442356336,45.76374634067293
567.9628821997268,46.554911897448896
567.3513220464747,47.3460774570775
566.7397618809262,48.137243006218156
566.1282017612068,48.92840859445795
565.5166414704667,49.71957403678911
564.905081817981,50.510740023655664
564.2935197834977,51.30190397828929
563.6819666387506,52.09307551731925
563.0703803170561,52.884218750996794
562.4589178134152,53.67546762168767
561.8469932145081,54.46632224967759
561.2364556625779,55.25836025483194
560.5902514656054,56.01996875884935
559.9345568592591,56.7734803597233
559.2813780785376,57.52913846572048
558.6275211749631,58.28421767612254
557.9738609371764,59.039465963781836
557.3200921590906,59.79461683800732
556.666560876414,60.54998828871082
555.3137049515326,62.015537238817146
554.6003887258059,62.71512206086746
553.883382964542,63.41126410240655
553.1673658785014,64.10832870430309
552.4510836271048,64.80514584528109
551.734873361909,65.50203026957578
551.0186403172662,66.1988930215222
550.3024264042099,66.89577517954504
549.5861587442546,67.5926013856105
548.8700869403096,68.2896319934291
548.1532854592225,68.98590094619247
547.431672673519,69.67714766566883
546.6801976848814,70.33722303538602
545.9338876484796,71.00268978666956
545.1861936672971,71.66671192161579
544.4388705130024,72.33112114034499
543.6914479959366,72.99542664027953
542.9440521030674,73.65975993160976
542.1966490761829,74.324085776152
541.4492479611632,74.98841361645049
540.7018463326993,75.65274092051193
539.9544448461477,76.31706837376531
539.2070433053906,76.98139576648798
538.4596418395436,77.64572325214156
537.7122401282622,78.31005042660217
536.9648393238072,78.97437875290382
536.2174351374813,79.63870278303429
535.4700435718132,80.30304284600837
534.722604905385,80.9673230737792
533.9753420213387,81.63182660951946
533.2274231085242,82.29549674858522
532.4817155954509,82.96197617462701
531.7146408741523,83.60131141570662
530.9321270264904,84.22103327807338
530.1533813977387,84.84554225503064
529.3735750520489,85.46870338001017
528.5942433552008,86.09246879831002
527.8140737799235,86.71516489530632
526.2156671823477,87.91096600161265
525.3937478170144,88.48035682125627
524.5709111270294,89.0485764126515
523.748320233444,89.61710983371037
522.9256634789114,90.1855591643631
522.103024371769,90.75403102697669
521.2803805360124,91.32249685215301
520.4577379673226,91.89096429511764
519.6350950589799,92.45943130436623
518.8124522421822,93.02789843069064
517.9898093988566,93.59636552242785
517.1671665700981,94.16483263543802
516.3445237095992,94.7332996979436
515.5218809614944,95.30176694119453
514.6992377955542,95.87023351196862
513.8765961885613,96.4387025919047
513.0539487636142,97.00716230766972
512.2313230515366,97.575656970957
511.4086163059354,98.1440212083263
510.58621198155936,98.71287220184527
509.76267900580604,99.27990659668345
508.94089559148864,99.84976491583846
508.08701046181386,100.36800744662955
506.78395827766957,101.10794424629495
505.9034485922725,101.58173670150748
505.0217287755038,102.0535089660863
504.14033321245876,102.52582253911396
503.2588507658904,102.9979910689799
502.3773915996919,103.47019846304391
501.495926195537,103.9423954434773
500.6144624628379,104.41459521423519
499.7329982822724,104.88679423732563
498.8515342217163,105.35899346076138
497.970070128989,105.83119263048332
497.08860604493714,106.3033918147153
496.2071419583548,106.7755909946209
495.3256778732191,107.2477901773218
494.4442137848272,107.71998935316796
493.5627497080133,108.19218855363789
492.6812855881433,108.66438766246748
491.79982162892014,109.13658711323458
490.918357070166,109.60878528789195
490.03689474888864,110.08098822505086
489.155424077235,110.55317338831324
488.26003307195117,110.99572784454178
487.35039002504107,111.40794553427199
486.44435923085007,111.82785220115844
485.5373643466164,112.24570683907658
484.63061356983434,112.66408061571173
483.72385045328843,113.08242986644706
481.90902753423677,113.91652292895759
480.98116145454605,114.2893097805659
480.05282475615866,114.66108051038722
479.12461415967084,115.03312350922025
478.19636977428155,115.4050935537935
477.2681344425986,115.77708314639415
476.3398966849918,116.14906750114498
475.41165957737394,116.52105325926763
474.48342229572415,116.89303864175291
473.5551850602129,117.26502412341574
472.62694781417963,117.63700958400577
471.69871056409613,118.00899502970955
470.7704733407356,118.38098055603105
469.84223601453294,118.75296577476793
468.913999072976,119.12495214322553
467.9857606956785,119.49693422038493
467.05752767669753,119.86893231301643
466.12927466019084,120.2408706350577
464.2352969941187,120.87240002695934
463.2880456882898,121.18752386250827
462.34075599464416,121.50253121073169
461.39363217493514,121.81804090726929
460.4458832472966,122.1316576978756
459.4978119652069,122.44429837220025
458.52994663300547,122.69700071369462
457.56412377233875,122.95588786032337
456.5977536330737,123.21311779341102
455.63153013666715,123.47079177552871
454.665267347425,123.7283467750674
453.69901508666646,123.98593365589201
452.7327600048093,124.24351199415185
451.76650567886315,124.50109262138488
450.8002511503714,124.75867263528997
449.8339966761512,125.01625281353365
448.8677421873904,125.27383294775082
447.90148770252006,125.53141309373554
446.93523321662866,125.78899323667653
445.9689787309311,126.04657338002482
445.00272424547916,126.30415352478767
444.0364697588511,126.56173366348511
443.0702152766819,126.8193138250295
442.1039607778533,127.07689390125151
441.1377063412034,127.33447429591612
440.17145167249805,127.59205350213267
439.2051978698361,127.84963714369886
438.2389408350556,128.10720423231464
437.27269586270603,128.36483309738233
436.3064058727514,128.62223140959279
435.34016503657637,128.87988145849062
434.36124660856586,129.0726046610527
433.3824795593713,129.26610314978763
432.40366987128493,129.45938320553108
430.4383329927563,129.80506616744782
429.9423798834639,129.8685541409286
428.4540748701485,130.05445131820304
427.46180730491994,130.178430671558
426.4694968864278,130.30218935325115
425.47719795043304,130.42600716373784
424.4848959377124,130.549809130712
423.4925947493979,130.67361534294298
422.5002933401844,130.79742041765917
421.5079919901609,130.92122579717753
420.5156906242762,131.04503109500217
419.5233892626467,131.1688364147995
418.53108789985765,131.2926417283998
417.5387865374514,131.4164470448155
416.54648517467314,131.5402523561666
415.5541838130005,131.66405768496068
414.5618824472775,131.7878629490475
413.5695810966502,131.91166845452037
412.57727968969044,132.03547305915635
411.58497849296486,132.15928102575378
410.59267651163515,132.2830764453422
409.6003774584876,132.4069186910054
408.60806747721523,132.5305861793786
407.61579828001857,132.65490586744295
406.6230042423384,132.77156238767242
405.12744822767013,132.85256800697903
404.12739146147993,132.8583067502414
403.12747770191373,132.86666120653786
402.12752562383815,132.87431478463918
401.1275838131762,132.88215616248687
400.12763925136903,132.88994721954418
399.127695426729,132.89775176001672
398.12775140456563,132.90555268761864
397.1278074353284,132.91335458328797
396.12786345191,132.92115621955813
395.1279194722904,132.9289579253576
394.12797549165685,132.9367596124391
393.1280315112799,132.9445613048631
392.1280875308905,132.952362994635
391.1281435502945,132.96016468967292
390.1281995705373,132.9679663662988
389.12825558763166,132.97576811130676
388.128311616481,132.9835696011985
387.1283676014586,132.99137204317293
386.1284237501682,132.9991709319329
385.12847928782134,133.00698308146812
384.12853710596863,133.01474574111668
383.1285864131959,133.02269309953658
382.128667483609,133.02995115275786
381.1286303666341,133.0397740370372
380.12916384536464,133.03721448467692
379.1322871122267,132.9784622577513
378.13508267129134,132.9268074816768
377.1379539891708,132.8735593429013
376.1408499795881,132.8195872040787
374.6451228450637,132.73072940518216
373.6495543884788,132.6374770207794
372.65396187808585,132.54484201064412
371.6583758128914,132.45204157557245
370.6627880207111,132.3592854659789
369.6672006912753,132.2665174794092
368.6716132378475,132.17375267526603
367.67602581764334,132.080987018393
366.6804383885363,131.98822159001276
365.6848509618173,131.89545610039113
364.689263534449,131.80269062724227
363.69367610728983,131.7099251494438
362.6980886799437,131.61715967377103
361.70250125313623,131.52439419424508
360.70691382436064,131.43162872800616
359.7113264029191,131.33886321247218
358.7157389541095,131.24609788083143
357.7201516074383,131.15333186291292
356.7245638795815,131.06056840621216
355.7289775743286,130.96779539091824
354.7333859598456,130.87505804877912
353.73781415967903,130.78218757261402
351.7565595417848,130.52943968826446
350.7737127682399,130.34564349307485
349.79109992161534,130.16012217697775
348.80842439446144,129.97506310563466
347.82576566250475,129.78988017618303
346.84310243028847,129.6047304344116
345.86044040391323,129.41957180002794
344.87777805443375,129.23441554841298
343.8951157915301,129.0492586583355
342.9124535054274,128.86410193933926
341.929791225545,128.67894517448053
340.9471289439805,128.4937884219907
339.964466662924,128.3086316658877
338.9818043815177,128.12347491186853
337.9991421010027,127.93831815312723
337.0164798172719,127.75316141119052
336.0338175455132,127.56800460675765
335.0511552290821,127.38284803550476
334.0684930793683,127.1976905940281
333.08583030745774,127.01253640026653
332.10316985761676,126.82737008586847
331.12050077062713,126.64224885528034
330.1393112245115,126.44940478201832
329.1592573876672,126.25063258322876
328.1789089456936,126.05339815139371
327.1986394429264,125.85575167614505
326.21834878846266,125.65821560759632
325.23806380157896,125.4606499556615
324.2577772960717,125.2630922305711
323.2774911974784,125.06553238148915
322.29720498985284,124.867973101529
321.3169188114424,124.67041366907313
320.33663262520383,124.47285427747836
319.3563464410628,124.2752948749349
318.3760602563596,124.07773547532514
317.3957740718072,123.8801760749293
316.4154878872143,123.68261667474405
315.4352017026323,123.48505727450242
314.4549155180474,123.28749787427589
313.47462933346327,123.0899384740453
312.49434314887884,122.89237907381579
311.5140569642946,122.69481967358601
310.53377077971027,122.49726027335629
309.5534845951259,122.29970087312657
308.57319841054164,122.10214147289685
307.59291222595726,121.9045820726671
306.61262604137295,121.70702267243736
305.63233985678863,121.50946327220763
304.6520536722043,121.3119038719779
303.67176748761995,121.11434447174817
302.69148130303563,120.91678507151843
301.7111951184513,120.71922567128871
300.730908933867,120.52166627105896
299.7506227492827,120.32410687082924
298.77033656469837,120.12654747059952
297.790050380114,119.92898807036977
296.80976419552974,119.73142867014005
295.8294780109454,119.53386926991033
294.84919182636105,119.33630986968058
293.8689056417768,119.13875046945086
292.88861945719236,118.94119106922113
291.9083332726081,118.74363166899136
290.92804708802373,118.54607226876173
289.94776090343953,118.34851286853166
288.96747471885493,118.15095346830321
287.9871885342716,117.9533940680687
287.00690234968357,117.75583466785677
286.02661616511296,117.55827526756062
285.0463299804775,117.36071586757879
284.0660437960839,117.16315646642384
283.08575761078805,116.96559706964707
282.105471428859,116.76803765653068
281.12518523436523,116.57047830439463
280.1448990867632,116.37291872467685
279.16461276415913,116.17535999430568
278.1843270946716,115.97779809412974
277.20403898771985,115.78024802382626
276.2237599775085,115.58265380383773
275.2434581035097,115.38517054986184
274.2634077060611,115.18646679161967
273.2833869611714,114.98761911906621
272.3033583655122,114.78880954906157
271.3233318734604,114.58998976950971
270.34330481774873,114.39117272559781
269.36327791306917,114.19235494867343
268.38325096792073,113.99353736815912
267.4032240336159,113.79471973501688
266.4231970964056,113.59590211597626
265.44317015997376,113.39708449315712
264.46314322333325,113.19826687135044
263.48311628674867,112.99944924927247
262.50308935014914,112.8006316272672
261.52306241355365,112.60181400524243
260.54303547695713,112.4029963832229
259.5630085403608,112.20417876120194
258.5829816037644,112.00536113918139
257.6029546671681,111.80654351716073
256.62292773057163,111.60772589514009
255.64290079397534,111.40890827311947
254.66287385737894,111.21009065109882
253.68284692078265,111.01127302907817
252.70281998418625,110.81245540705754
251.7227930475899,110.61363778503689
250.74276611099356,110.41482016301624
249.76273917439715,110.2160025409956
248.7827122378008,110.01718491897496
247.80268530120446,109.81836729695432
246.8226583646081,109.61954967493368
245.8426314280117,109.42073205291305
244.8626044914154,109.2219144308924
243.88257755481902,109.02309680887174
242.90255061822265,108.82427918685113
241.9225236816263,108.62546156483047
240.94249674502993,108.42664394280983
239.96246980843358,108.2278263207892
238.98244287183724,108.02900869876856
238.00241593524086,107.83019107674791
237.0223889986445,107.63137345472725
236.04236206204814,107.43255583270663
235.0623351254518,107.233738210686
234.08230818885545,107.03492058866533
233.10228125225905,106.83610296664475
232.12225431566276,106.6372853446239
231.14222737906624,106.438467722604
230.1622004424704,106.23965010058066
229.18217350587196,106.04083247857002
228.2021465692835,105.84201485651207
227.22211963265764,105.64319723463072
226.24209269617143,105.44437961209022
225.26206575916393,105.24556199200968
224.28203882410202,105.04674436274847
223.30201188177904,104.84792676775001
222.32198496655465,104.64910904488124
221.34195795019713,104.45029179923095
220.3619313112734,104.25147277257702
219.38190326374757,104.05266039271916
218.40188047319634,103.85382320668072
217.42183806334896,103.65507859856851
216.44186887371168,103.45598848493191
215.46162746342088,103.25818290579373
213.9951486098892,102.94324728580892
213.5055985392446,102.84156700287453
212.5292179633676,102.62572726444114
211.55493431658635,102.40034672900879
210.5801507102945,102.17724147246331
209.60550106774974,101.95352655677752
208.63081552972716,101.72997499876604
207.6561396098689,101.50637966919766
206.6814611128312,101.28279606818259
205.7067833063467,101.05920932451114
204.73210531482897,100.83562342291194
203.7574273728908,100.61203729568015
202.78274941766782,100.38845122890643
201.8080714660045,100.16486514593302
200.83339351338734,99.94127906730027
199.85871556102575,99.71769298750462
198.88403760859583,99.4941069080199
197.9093596561836,99.27052082845431
196.934681703769,99.04693474890131
195.96000375134605,98.82334866937884
194.98532579895897,98.59976258972162
194.01064784643685,98.37617651057295
193.03596989441888,98.15259042952479
192.06129194051942,97.92900435556601
191.08661399364183,97.7054182551492
190.11193602055823,97.48183225347509
189.1372581452767,97.25824588328828
188.16257990499304,97.03466088840955
187.18790302691576,96.81107076081125
186.21322106501512,96.58749978878308
185.2385580762015,96.36385732719395
183.77630398829473,96.02960228930277
183.289354742537,95.91611028822925
181.35516981054406,95.41223592523738
180.38986997874395,95.15331369253201
179.42484459473172,94.89335756252214
178.45974268472068,94.63368901961742
177.49467243091692,94.37390402559654
176.52955207828276,94.11429724893515
175.5646004647631,93.854094053952
174.60249416130978,93.58383962859223
173.65261640984318,93.27038669564645
172.69964288921653,92.9678698581599
171.74749887743633,92.6624227027267
170.7951325994306,92.35776072362088
169.8428258774805,92.05288835715223
168.8905031975334,91.74807236380754
167.9381847935187,91.44324126532982
166.98586524377137,91.13841421426024
166.03354600102213,90.83358607869113
165.08122667601324,90.52875823371201
164.12890737304474,90.22393031087242
163.17658806417433,89.91910240888481
162.22426875687142,89.61427450134971
161.27194944920018,89.30944659515258
160.31963014143471,89.0046186891511
159.36731083441464,88.69979078102902
158.41499152450717,88.39496288119366
157.4626722254039,88.09013495033203
156.5103528859712,87.78530713528878
155.558033697052,87.4804788879983
154.6057139464083,87.1756522538783
153.65339629214924,86.87081959932368
152.70107081407582,86.566009413337
151.74877453487517,86.26111537351312
150.79636928399802,85.95653428047018
149.8443707209541,85.65078525414069
148.42865032708616,85.15740141309756
147.4885596098477,84.81745522533278
146.54890987626084,84.47624261295147
145.60914198138693,84.13536933821624
144.6694057480097,83.79440513751325
143.72966102993263,83.45346530303524
142.78991858915833,83.112518929625
141.8501755238728,82.77157434571876
140.91043267932918,82.43062914272872
139.97068957632928,82.08968462656992
139.03094728641275,81.74873798216991
138.0912020026188,81.40779916390346
137.15146788125136,81.06683116934406
136.21169210405523,80.72597205382297
135.27207178774728,80.3847065984415
134.3344184362686,80.03829993878631
133.4127180146032,79.6501959036693
132.48746514453842,79.27137717077906
131.56316415015345,78.89007044865569
130.6386081014487,78.5094303812381
129.71412039434298,78.12861168423049
128.78961437516102,77.74784085087728
127.8651132626851,77.3670571924965
126.94061083546127,76.98627697057145
126.01610876052298,76.60549582785109
125.09160659119041,76.22471493185634
124.16710444714944,75.84393396975443
123.24260229633633,75.46315302535547
122.31810014732018,75.08237207625197
121.39359799788838,74.70159112826366
120.46909584832223,74.32081018051909
119.54459369970905,73.94002923068439
118.62009154741833,73.55924828896644
117.69558940888493,73.17846731687163
116.7710872189997,72.7976864581675
115.84658522076447,72.41690517627754
114.92208250728106,72.03612547374021
113.99758246314039,71.65533987697819
113.07307245687699,71.27457627776234
112.14859962976169,70.89373058258647
110.7833419968106,70.27582124527657
109.87951752855304,69.8493815293002
108.97661447309093,69.42090722479064
108.0734645258183,68.99297808662749
107.17038073299221,68.56490287161189
106.26727921419042,68.13686679765966
105.36418244484494,67.70882023630641
104.46108440365,67.28077648349394
103.55798670039653,66.8527319839193
102.65488891722666,66.42468766285259
101.75179111578088,65.99664337451628
100.84869346735528,65.56859877675046
99.94559522512479,65.14055538397227
99.04249920509363,64.71250748067312
98.13939489007005,64.2844764144701
97.2363215328168,63.85638251040359
96.3331326394747,63.42852312069492
95.43037493271765,62.99978851141836
94.526235793556,62.57385792414699
93.63851165537821,62.11460828063987
92.75900878518803,61.63867116384666
91.87742006566137,61.16696788970805
90.99639024777997,60.694130160849255
90.11521067265406,60.221596408216584
89.2340712248609,59.7489812053996
88.3529210249813,59.27638782709377
87.47177370611469,58.803788600927625
86.59062561528256,58.33119094169161
85.70947773129949,57.85859286259531
84.82832979188578,57.38599489601006
83.94718186734555,56.91339689924091
83.06603393874198,56.44079891069629
82.1848860115183,55.96820091943748
81.30373808283841,55.49560293081092
80.4225901586036,55.02300493436951
79.54144221804458,54.550406966555244
78.66029433833722,54.07780889204722
77.7791462315475,53.605211215687135
76.89799897223557,53.13261205342905
76.0168485500948,52.66001843661501
75.13570993179165,52.18740412392281
74.25452726096682,51.714867049299215
73.37350899639112,51.24204171827934
71.6379865906008,50.25069925366056
70.77668445961919,49.743305275466184
69.91608095183292,49.234686388816414
69.05529024852567,48.726395715398056
68.19454970410706,48.2180170975094
67.33379571965477,47.709662044270544
66.47304533644865,47.20130067690281
65.61229398829154,46.69294100140076
64.75154289869215,46.184580872564865
63.89079173981287,45.67622086519867
63.03004059949542,45.16786082528749
62.16928945421057,44.65950079408657
61.30853831023349,44.15114076058962
60.447787165992764,43.64278072756652
59.58703602149882,43.13442069494404
58.72628487828142,42.626060660245166
57.86553373021101,42.11770063345132
57.004782600276116,41.60934057711374
56.14403140265219,41.10098063104608
55.28328045764887,40.592620273442506
54.42252856985215,40.084261451712635
53.561780200608396,39.57589689802383
52.701018699946154,39.0675537362971
51.840306206404975,38.55913073868099
50.97941081579804,38.05100569266032
50.11919800633302,37.541768676147285
49.26131709614647,37.02873332180158
48.42601662130716,36.47891421580711
47.587062904164256,35.93504963471513
46.74898454445675,35.38974602719132
45.91105799731125,34.844244000492324
45.074530179799616,34.29661941519783
44.25195543416798,33.72790640826562
43.427028863450204,33.16274768583011
42.60273246238674,32.59663659570306
41.778267207792155,32.0307806918455
40.95384719766777,31.464856410601513
40.12941506319372,30.898950452633738
39.30498618164814,30.333039578947577
38.480556412738316,29.76713004485872
37.656126940356984,29.20122006809904
36.83169716922595,28.63531052242535
36.00726829656525,28.069399695078506
35.182836128772884,27.503493563338317
34.35841624303686,26.937569930844653
33.53395052420715,26.37171160575821
32.709655855695814,25.805609551796366
31.884807008160468,25.240297145160483
31.067728140946613,24.663913326753494
30.254570909599494,24.08194158615075
29.440412924779004,23.5013958148999
28.626523090919996,22.920467956480366
27.81256140668841,22.33964247738368
26.998618972985675,21.75878956816428
26.1846713875401,21.177944000112884
25.37072515853706,20.597096497512176
24.556778655506697,20.01624939194071
23.7428318921431,19.435402632801583
22.92888644413975,18.854554090903882
22.11493599502866,18.27371233360813
21.301004234988262,17.692845220663145
20.487002719772846,17.112072745713167
19.67326153618682,16.530947074432373
18.45725530521387,15.653144569891593
17.66012593680439,15.04948136703799
16.86104168318995,14.448470390146667
16.062481236965333,13.846748754771909
15.263780446386386,13.24521752736861
14.465117225834923,12.643635326562904
13.666444069527866,12.042066611395374
12.8677730862157,11.440494927077545
12.069103346679569,10.838921633722737
11.270426459044396,10.237357745666142
10.471776920029349,9.635757845453677
9.673025134632855,9.034292588566474
8.874654986142021,8.432324770534088
8.076130624844957,7.830560028700743
7.289666131951665,7.212914162755319
6.502517678024798,6.596168975795032
5.715552490892945,5.979182452643301
4.928538197614623,5.362260595272209
4.1415370621271554,4.745321410970003
3.3545324016227385,4.128386868611614
2.567528683395257,3.5114510854090693
2.17523708337563,3.2014393129318863
-0.23999999999999977,1.2165000000000001
