# x_m,y_m,w_tr_right_m,w_tr_left_m
85.2164,257.9086,8.0234,6.6636
85.1748,256.9596,7.9936,6.7189
85.1002,256.0093,7.9109,6.7926
85.0266,255.0554,7.8273,6.8638
84.9568,254.0969,7.7465,6.9306
84.8927,253.1386,7.6761,6.9951
84.8269,252.1770,7.5992,7.0574
84.7677,251.2113,7.5288,7.1131
84.7159,250.2413,7.4663,7.1617
84.6719,249.2672,7.4123,7.2031
84.6352,248.2888,7.3658,7.2373
84.6068,247.3060,7.3283,7.2699
84.5860,246.3193,7.3063,7.2968
84.5718,245.3291,7.3018,7.3175
84.5630,244.3357,7.3030,7.3332
84.5587,243.3398,7.3087,7.3446
84.5576,242.3418,7.3177,7.3529
84.5587,241.3422,7.3289,7.3591
84.5611,240.3414,7.3414,7.3640
84.5643,239.3397,7.3545,7.3682
84.5677,238.3375,7.3679,7.3722
84.5711,237.3349,7.3813,7.3762
84.5744,236.3321,7.3878,7.3803
84.5776,235.3292,7.3895,7.3845
84.5807,234.3262,7.3911,7.3887
84.5838,233.3232,7.3926,7.3930
84.5870,232.3202,7.3943,7.3972
84.5904,231.3171,7.3963,7.4011
84.5941,230.3141,7.3984,7.4022
84.5980,229.3111,7.4008,7.3967
84.6023,228.3080,7.4035,7.3910
84.6071,227.3050,7.4069,7.3847
84.6133,226.3019,7.4011,7.3770
84.6211,225.2987,7.3944,7.3678
84.6305,224.2955,7.3893,7.3571
84.6414,223.2923,7.3857,7.3620
84.6539,222.2894,7.3838,7.3696
84.6680,221.2864,7.3835,7.3755
84.6826,220.2834,7.3836,7.3811
84.6970,219.2803,7.3836,7.3869
84.7102,218.2771,7.3824,7.3939
84.7215,217.2738,7.3793,7.4028
84.7312,216.2706,7.3910,7.4134
84.7391,215.2673,7.4058,7.4259
84.7448,214.2641,7.4184,7.4296
84.7486,213.2607,7.4292,7.4332
84.7507,212.2574,7.4384,7.4386
84.7519,211.2539,7.4466,7.4448
84.7524,210.2509,7.4542,7.4517
84.7522,209.2482,7.4610,7.4594
84.7509,208.2458,7.4645,7.4681
84.7481,207.2436,7.4658,7.4784
84.7441,206.2417,7.4658,7.4899
84.7391,205.2401,7.4649,7.4835
84.7327,204.2385,7.4625,7.4738
84.7247,203.2371,7.4586,7.4657
84.7157,202.2362,7.4538,7.4586
84.7057,201.2351,7.4478,7.4526
84.6956,200.2337,7.4417,7.4467
84.6865,199.2321,7.4367,7.4399
84.6783,198.2303,7.4338,7.4322
84.6714,197.2284,7.4328,7.4231
84.6660,196.2262,7.4334,7.4127
84.6619,195.2238,7.4353,7.4234
84.6591,194.2214,7.4384,7.4335
84.6578,193.2187,7.4432,7.4421
84.6582,192.2159,7.4496,7.4489
84.6606,191.2133,7.4581,7.4539
84.6642,190.2109,7.4657,7.4576
84.6682,189.2085,7.4623,7.4610
84.6720,188.2061,7.4587,7.4646
84.6753,187.2038,7.4547,7.4687
84.6783,186.2016,7.4503,7.4711
84.6810,185.1991,7.4457,7.4580
84.6824,184.1965,7.4397,7.4463
84.6826,183.1940,7.4327,7.4356
84.6814,182.1915,7.4242,7.4264
84.6786,181.1888,7.4155,7.4189
84.6745,180.1859,7.4132,7.4127
84.6693,179.1829,7.4101,7.4075
84.6633,178.1798,7.4059,7.4033
84.6576,177.1767,7.4022,7.3987
84.6516,176.1738,7.3982,7.3928
84.6457,175.1712,7.3942,7.3847
84.6400,174.1686,7.3871,7.3764
84.6346,173.1660,7.3743,7.3677
84.6295,172.1633,7.3618,7.3589
84.6250,171.1610,7.3499,7.3494
84.6210,170.1588,7.3385,7.3393
84.6171,169.1565,7.3273,7.3292
84.6128,168.1543,7.3156,7.3186
84.6090,167.1516,7.3044,7.3060
84.6049,166.1490,7.2929,7.2937
84.6003,165.1462,7.2807,7.2821
84.5979,164.1434,7.2709,7.2709
84.6127,163.1419,7.2805,7.2452
84.6460,162.1418,7.3110,7.2027
84.6968,161.1433,7.3620,7.1461
84.7668,160.1467,7.4342,7.0867
84.8545,159.1513,7.3472,7.0252
84.9607,158.1579,7.1151,6.9525
85.0917,157.1666,6.9151,6.8577
85.2468,156.1782,6.7464,6.7393
85.4235,155.1918,6.6141,6.5840
85.6073,154.2072,6.4905,6.4201
85.7968,153.2238,6.3717,6.2694
85.9925,152.2414,6.2011,6.1415
86.1923,151.2595,6.0423,6.0034
86.3888,150.2770,5.8820,5.8672
86.5800,149.2937,5.7228,5.7325
86.7594,148.3088,5.5508,5.6115
86.9282,147.3221,5.3681,5.5021
87.0863,146.3341,5.2432,5.4042
87.2332,145.3441,5.1997,5.2880
87.3699,144.3523,5.1466,5.1801
87.4958,143.3586,5.0829,5.0841
87.6115,142.3636,5.0058,5.0021
87.7247,141.3685,4.9253,4.9236
87.8384,140.3735,4.8315,4.8443
87.9517,139.3784,4.7304,4.7402
88.0638,138.3830,4.6256,4.6369
88.1799,137.3884,4.5254,4.5292
88.2996,136.3938,4.4287,4.4179
88.4228,135.3998,4.3355,4.3034
88.5501,134.4064,4.2466,4.1848
88.6817,133.4134,4.1383,4.0636
88.8213,132.4214,3.9793,3.9339
88.9675,131.4306,3.8249,3.8002
89.1257,130.4415,3.6787,3.6615
89.3068,129.4570,3.5597,3.4979
89.5070,128.4769,3.4188,3.3164
89.7288,127.5023,3.2827,3.1164
89.9766,126.5348,3.1757,2.8924
90.2544,125.5760,3.1036,2.8535
90.5621,124.6262,3.0426,2.8211
90.8984,123.6856,2.9675,2.7605
91.2628,122.7541,2.9245,2.7594
91.6526,121.8313,2.9101,2.8024
92.0578,120.9153,2.9136,2.8291
92.4798,120.0065,2.8945,2.8386
92.9167,119.1044,2.8850,2.8323
93.3632,118.2072,2.8865,2.8151
93.8160,117.3131,2.8952,2.8122
94.2746,116.4218,2.8610,2.8051
94.7375,115.5325,2.8173,2.7933
95.2048,114.6453,2.7785,2.7767
95.6757,113.7602,2.7441,2.7558
96.1493,112.8764,2.7514,2.7453
96.6262,111.9943,2.7747,2.7615
97.1061,111.1139,2.8016,2.7741
97.5896,110.2350,2.8323,2.7831
98.0756,109.3579,2.8606,2.7890
98.5643,108.4822,2.8322,2.7919
99.0550,107.6075,2.8059,2.7946
99.5497,106.7349,2.7841,2.7928
100.0485,105.8645,2.7716,2.7864
100.5522,104.9967,2.7870,2.7744
101.0571,104.1300,2.8040,2.7625
101.5634,103.2645,2.8229,2.7846
102.0723,102.4011,2.8419,2.8032
102.5905,101.5430,2.8543,2.8113
103.1188,100.6914,2.8792,2.8079
103.6573,99.8467,2.9165,2.7925
104.2040,99.0076,2.9631,2.8114
104.7538,98.1705,2.9728,2.8981
105.3039,97.3340,2.9809,2.9833
105.8570,96.4992,2.9924,3.0655
106.4120,95.6656,3.0059,3.1482
106.9596,94.8274,3.1874,3.2475
107.4936,93.9813,3.3779,3.4898
108.0139,93.1271,3.5838,3.7511
108.5205,92.2643,3.9567,4.0196
109.0229,91.3986,4.3351,4.2858
109.5271,90.5342,4.7199,4.5471
110.0349,89.6718,5.0485,4.8159
110.5445,88.8105,5.2430,5.1147
111.0566,87.9509,5.4503,5.3964
111.5787,87.0974,5.6739,5.6616
112.1130,86.2507,5.9214,5.9046
112.6637,85.4139,6.1925,6.1288
113.2305,84.5871,6.4686,6.3522
113.8040,83.7652,6.7079,6.6308
114.3827,82.9469,6.9341,6.9004
114.9675,82.1330,7.1671,7.1641
115.5573,81.3228,7.4113,7.4164
116.1543,80.5174,7.6660,7.6594
116.7585,79.7169,7.9388,7.8860
117.3723,78.9243,8.1953,8.0835
117.9988,78.1435,8.4649,8.2643
118.6381,77.3743,8.7564,8.4291
119.2901,76.6167,8.8994,8.5722
119.9585,75.8734,8.9092,8.6955
120.6436,75.1456,8.9472,8.7987
121.3465,74.4342,9.0130,8.8843
122.0651,73.7378,9.0918,8.9517
122.7998,73.0571,9.0931,9.0036
123.5491,72.3917,9.1162,9.0533
124.3056,71.7344,9.1516,9.0929
125.0697,71.0861,9.2014,9.1215
125.8432,70.4488,9.2415,9.1376
126.6247,69.8222,9.2259,9.1418
127.4127,69.2043,9.2224,9.1363
128.2077,68.5959,9.2341,9.1233
129.0148,68.0050,9.2081,9.0940
129.8337,67.4314,9.1571,9.0537
130.6617,66.8715,9.1246,9.0047
131.5021,66.3315,9.1221,8.9453
132.3586,65.8184,9.0138,8.8679
133.2311,65.3363,8.8518,8.7628
134.1187,64.8841,8.7338,8.6335
135.0215,64.4621,8.6602,8.4751
135.9388,64.0691,8.5411,8.2724
136.8661,63.6995,8.4499,8.2690
137.8037,63.3543,8.3913,8.3009
138.7518,63.0340,8.3658,8.3111
139.7072,62.7328,8.3632,8.3027
140.6663,62.4434,8.3561,8.2828
141.6284,62.1644,8.3027,8.2526
142.5933,61.8953,8.2599,8.2141
143.5614,61.6380,8.2307,8.1642
144.5327,61.3920,8.2146,8.1025
145.5065,61.1562,8.2095,8.1121
146.4824,60.9284,8.2135,8.1424
147.4602,60.7086,8.2016,8.1652
148.4404,60.4971,8.1933,8.1798
149.4232,60.2963,8.1971,8.1842
150.4075,60.1056,8.2119,8.1795
151.3933,59.9255,8.2376,8.1643
152.3805,59.7531,8.2717,8.1482
153.3690,59.5887,8.3136,8.1785
154.3590,59.4325,8.2774,8.2009
155.3505,59.2861,8.2515,8.2141
156.3440,59.1546,8.2426,8.2144
157.3393,59.0405,8.2534,8.1993
158.3360,58.9422,8.2808,8.1686
159.3340,58.8554,8.3206,8.1580
160.3330,58.7796,8.3729,8.2228
161.3328,58.7154,8.3651,8.2770
162.3333,58.6629,8.3599,8.3209
163.3347,58.6211,8.3661,8.3552
164.3369,58.5890,8.3829,8.3806
165.3398,58.5664,8.4091,8.3975
166.3425,58.5503,8.4419,8.4083
167.3451,58.5395,8.4804,8.4139
168.3477,58.5347,8.5221,8.4139
169.3501,58.5343,8.4851,8.4133
170.3523,58.5392,8.4533,8.4159
171.3549,58.5511,8.4291,8.4118
172.3569,58.5692,8.4111,8.4022
173.3588,58.5958,8.4023,8.3841
174.3601,58.6285,8.3967,8.3599
175.3612,58.6663,8.3787,8.3317
176.3619,58.7118,8.3691,8.2966
177.3616,58.7660,8.3689,8.2849
178.3612,58.8304,8.3796,8.3009
179.3599,58.9044,8.4005,8.3080
180.3577,58.9869,8.3853,8.3073
181.3549,59.0795,8.3443,8.2972
182.3513,59.1812,8.3129,8.2791
183.3463,59.2943,8.2939,8.2511
184.3401,59.4197,8.2713,8.2113
185.3325,59.5563,8.2511,8.1615
186.3234,59.7045,8.2438,8.1160
187.3124,59.8641,8.2490,8.1514
188.3000,60.0352,8.2668,8.1764
189.2860,60.2167,8.2710,8.1918
190.2706,60.4087,8.2369,8.1976
191.2530,60.6117,8.2154,8.1927
192.2343,60.8218,8.2014,8.1815
193.2133,61.0411,8.1978,8.1623
194.1892,61.2725,8.2076,8.1309
195.1622,61.5136,8.1801,8.0901
196.1325,61.7639,8.1428,8.0404
197.1001,62.0233,8.1160,8.0162
198.0650,62.2918,8.0992,8.0492
199.0274,62.5684,8.0917,8.0744
199.9878,62.8521,8.0918,8.0928
200.9459,63.1428,8.1004,8.1041
201.9003,63.4445,8.1214,8.1047
202.8509,63.7559,8.1539,8.0960
203.7978,64.0777,8.1984,8.0772
204.7410,64.4098,8.2547,8.0618
205.6808,64.7520,8.2603,8.1168
206.6165,65.1065,8.2383,8.1598
207.5474,65.4745,8.2323,8.1905
208.4739,65.8541,8.2403,8.2099
209.3950,66.2475,8.2633,8.2160
210.3130,66.6490,8.2626,8.2138
211.2282,67.0567,8.2606,8.2056
212.1397,67.4720,8.2677,8.1893
213.0478,67.8948,8.2837,8.2075
213.9526,68.3257,8.3087,8.2377
214.8541,68.7632,8.3245,8.2611
215.7527,69.2069,8.3133,8.2776
216.6466,69.6614,8.3147,8.2834
217.5359,70.1249,8.3269,8.2799
218.4211,70.5962,8.3483,8.2679
219.3029,71.0744,8.3467,8.2486
220.1817,71.5582,8.3451,8.2700
221.0565,72.0495,8.3525,8.3054
221.9271,72.5480,8.3687,8.3332
222.7937,73.0533,8.3934,8.3536
223.6567,73.5652,8.4079,8.3670
224.5165,74.0819,8.4050,8.3750
225.3721,74.6054,8.4105,8.3755
226.2231,75.1361,8.4254,8.3682
227.0694,75.6743,8.4494,8.3523
227.9118,76.2188,8.4382,8.3340
228.7504,76.7693,8.4079,8.3444
229.5847,77.3258,8.3854,8.3480
230.4148,77.8882,8.3706,8.3447
231.2408,78.4568,8.3636,8.3345
232.0624,79.0319,8.3392,8.3174
232.8777,79.6150,8.3249,8.2921
233.6853,80.2082,8.3246,8.2548
234.4855,80.8107,8.3376,8.2074
235.2777,81.4232,8.3091,8.1481
236.0620,82.0455,8.2738,8.1412
236.8393,82.6772,8.2514,8.1777
237.6095,83.3180,8.2417,8.2037
238.3719,83.9681,8.2371,8.2188
239.1274,84.6260,8.2364,8.2244
239.8750,85.2929,8.2483,8.2188
240.6161,85.9662,8.2702,8.2050
241.3506,86.6470,8.3027,8.1819
242.0788,87.3346,8.3159,8.1556
242.8004,88.0289,8.2983,8.2027
243.5144,88.7306,8.2921,8.2401
244.2210,89.4400,8.2975,8.2678
244.9210,90.1572,8.3137,8.2863
245.6147,90.8809,8.3193,8.2966
246.3053,91.6072,8.3227,8.3029
246.9895,92.3397,8.3357,8.3010
247.6670,93.0780,8.3581,8.2910
248.3380,93.8222,8.3776,8.2727
249.0024,94.5721,8.3731,8.2553
249.6585,95.3296,8.3808,8.3017
250.3061,96.0944,8.4009,8.3379
250.9450,96.8665,8.4332,8.3638
251.5755,97.6459,8.4551,8.3797
252.1991,98.4312,8.4347,8.3873
252.8176,99.2201,8.4207,8.3891
253.4282,100.0153,8.4176,8.3817
254.0307,100.8166,8.4255,8.3649
254.6256,101.6239,8.4282,8.3385
255.2144,102.4354,8.4287,8.3302
255.7956,103.2526,8.4395,8.3720
256.3692,104.0749,8.4601,8.4053
256.9352,104.9024,8.4907,8.4300
257.4932,105.7351,8.5066,8.4460
258.0437,106.5731,8.4951,8.4535
258.5867,107.4154,8.4928,8.4530
259.1218,108.2623,8.5005,8.4440
259.6491,109.1141,8.5045,8.4267
260.1684,109.9708,8.4939,8.4006
260.6796,110.8318,8.4931,8.4151
261.1833,111.6971,8.5016,8.4438
261.6795,112.5670,8.5196,8.4644
262.1684,113.4414,8.5271,8.4771
262.6497,114.3201,8.5136,8.4818
263.1208,115.2039,8.5123,8.4761
263.5825,116.0926,8.5227,8.4606
264.0351,116.9859,8.5438,8.4356
264.4794,117.8834,8.5407,8.4061
264.9167,118.7843,8.5335,8.4509
265.3443,119.6901,8.5381,8.4858
265.7621,120.6004,8.5545,8.5108
266.1705,121.5154,8.5818,8.5264
266.5709,122.4341,8.6026,8.5340
266.9690,123.3540,8.5828,8.5390
267.3614,124.2766,8.5696,8.5386
267.7428,125.2035,8.5694,8.5275
268.1129,126.1348,8.5824,8.5054
268.4724,127.0704,8.6040,8.4720
268.8234,128.0092,8.5762,8.4312
269.1637,128.9517,8.5608,8.4589
269.4934,129.8980,8.5579,8.4943
269.8121,130.8483,8.5676,8.5192
270.1203,131.8027,8.5885,8.5340
270.4204,132.7597,8.5745,8.5410
270.7182,133.7175,8.5628,8.5457
271.0076,134.6773,8.5605,8.5427
271.2861,135.6399,8.5705,8.5294
271.5541,136.6053,8.5918,8.5055
271.8137,137.5729,8.6222,8.4735
272.0656,138.5426,8.5995,8.4870
272.3092,139.5144,8.5857,8.5261
272.5434,140.4884,8.5825,8.5561
272.7671,141.4650,8.5912,8.5761
272.9798,142.4441,8.6107,8.5861
273.1880,143.4245,8.6358,8.5916
273.3888,144.4063,8.6455,8.5902
273.5823,145.3897,8.6389,8.5816
273.7686,146.3747,8.6402,8.5666
273.9460,147.3613,8.6518,8.5565
274.1116,148.3497,8.6764,8.6055
274.2662,149.3400,8.7126,8.6449
274.4115,150.3317,8.7589,8.6757
274.5475,151.3249,8.7810,8.6978
274.6744,152.3196,8.7626,8.7118
274.7972,153.3149,8.7484,8.7217
274.9148,154.3107,8.7397,8.7267
275.0237,155.3075,8.7404,8.7236
275.1236,156.3047,8.7504,8.7119
275.2167,157.3026,8.7677,8.6938
275.3027,158.3012,8.7926,8.6940
275.3817,159.3005,8.8250,8.7330
275.4538,160.3004,8.8316,8.7654
275.5186,161.3009,8.8224,8.7909
275.5761,162.3020,8.8210,8.8098
275.6271,163.3038,8.8262,8.8226
275.6746,164.3058,8.8350,8.8320
275.7184,165.3086,8.8483,8.8378
275.7548,166.3111,8.8659,8.8369
275.7832,167.3135,8.8895,8.8283
275.8036,168.3156,8.9215,8.8124
275.8160,169.3179,8.9620,8.8226
275.8206,170.3203,8.9430,8.8514
275.8172,171.3231,8.9189,8.8727
275.8058,172.3254,8.9032,8.8866
275.7867,173.3277,8.8959,8.8933
275.7617,174.3295,8.8946,8.8943
275.7361,175.3313,8.8939,8.8948
275.7112,176.3332,8.8926,8.8959
275.6867,177.3350,8.8908,8.8975
275.6624,178.3370,8.8889,8.8990
275.6385,179.3388,8.8905,8.8966
275.6153,180.3405,8.8918,8.8948
275.5923,181.3422,8.8928,8.8933
275.5700,182.3439,8.8931,8.8925
275.5485,183.3455,8.8926,8.8925
275.5271,184.3472,8.8921,8.8925
275.5069,185.3491,8.8903,8.8937
275.4875,186.3511,8.8881,8.8959
275.4684,187.3529,8.8999,8.9026
275.4490,188.3549,8.9119,8.9094
275.4293,189.3569,8.9241,8.9160
275.4101,190.3594,8.9360,8.9230
275.3901,191.3620,8.9488,8.9292
275.3688,192.3652,8.9614,8.9341
275.3465,193.3682,8.9569,8.9380
275.3232,194.3711,8.9535,8.9410
275.2994,195.3741,8.9504,8.9435
275.2752,196.3772,8.9479,8.9455
275.2511,197.3801,8.9453,8.9476
275.2268,198.3831,8.9444,8.9497
275.2024,199.3859,8.9529,8.9518
275.1781,200.3886,8.9611,8.9586
275.1547,201.3911,8.9684,8.9662
275.1314,202.3938,8.9758,8.9737
275.1077,203.3968,8.9836,8.9809
275.0832,204.4001,8.9920,8.9875
275.0590,205.4035,8.9946,8.9942
275.0347,206.4071,8.9917,9.0009
275.0106,207.4109,8.9884,9.0078
274.9864,208.4149,8.9853,9.0146
274.9625,209.4190,8.9819,9.0169
274.9386,210.4235,8.9785,9.0100
274.9156,211.4282,8.9742,9.0040
274.8926,212.4330,8.9698,8.9981
274.8697,213.4377,8.9655,8.9921
274.8467,214.4424,8.9596,8.9862
274.8237,215.4472,8.9535,8.9803
274.8007,216.4519,8.9473,8.9743
274.7778,217.4566,8.9412,8.9684
274.7548,218.4613,8.9351,8.9624
274.7318,219.4661,8.9289,8.9565
274.7089,220.4708,8.9228,8.9505
274.6859,221.4755,8.9166,8.9463
274.6629,222.4802,8.9105,8.9446
274.6400,223.4850,8.9043,8.9428
274.6170,224.4897,8.9006,8.9411
274.5940,225.4944,8.9043,8.9394
274.5711,226.4992,8.9081,8.9376
274.5481,227.5039,8.9118,8.9359
274.5251,228.5086,8.9156,8.9342
274.5021,229.5133,8.9193,8.9324
274.4792,230.5181,8.9231,8.9307
274.4562,231.5228,8.9268,8.9290
274.4332,232.5275,8.9306,8.9272
274.4103,233.5322,8.9343,8.9255
274.3873,234.5370,8.9387,8.9240
274.3643,235.5417,8.9435,8.9225
274.3414,236.5464,8.9483,8.9210
274.3184,237.5512,8.9531,8.9195
274.2954,238.5559,8.9579,8.9180
274.2724,239.5606,8.9627,8.9165
274.2495,240.5653,8.9676,8.9151
274.2265,241.5701,8.9724,8.9136
274.2035,242.5748,8.9772,8.9185
274.1806,243.5795,8.9820,8.9253
274.1576,244.5843,8.9868,8.9321
274.1346,245.5890,8.9813,8.9389
274.1117,246.5937,8.9734,8.9456
274.0887,247.5984,8.9656,8.9524
274.0657,248.6032,8.9578,8.9592
274.0427,249.6079,8.9499,8.9653
274.0198,250.6126,8.9421,8.9623
273.9968,251.6173,8.9343,8.9593
273.9738,252.6221,8.9264,8.9563
273.9509,253.6268,8.9186,8.9532
273.9279,254.6315,8.9108,8.9502
273.9049,255.6363,8.9029,8.9472
273.8820,256.6410,8.8951,8.9442
273.8590,257.6457,8.8873,8.9412
273.8360,258.6504,8.8795,8.9381
273.8151,259.5881,8.8717,8.9244
273.7960,260.5123,8.8627,8.9113
273.7786,261.4308,8.8521,8.8999
273.7628,262.3459,8.8460,8.8901
273.7485,263.2497,8.8536,8.8817
273.7353,264.1533,8.8599,8.8746
273.7231,265.0567,8.8655,8.8684
273.7113,265.9598,8.8706,8.8626
273.6996,266.8626,8.8757,8.8571
273.6857,267.8320,8.8827,8.8498
273.6693,268.8145,8.8920,8.8403
273.6503,269.8024,8.9040,8.8426
273.6285,270.7932,8.9189,8.8571
273.6039,271.7949,8.9365,8.8693
273.5769,272.7965,8.9265,8.8792
273.5480,273.7981,8.9157,8.8873
273.5178,274.7997,8.9063,8.8941
273.4869,275.8014,8.8976,8.9002
273.4559,276.8032,8.8890,8.9063
273.4255,277.8052,8.8799,8.9130
273.3960,278.8074,8.8699,8.9207
273.3682,279.8098,8.8701,8.9079
273.3420,280.8123,8.8717,8.8961
273.3175,281.8150,8.8718,8.8861
273.2946,282.8177,8.8703,8.8776
273.2728,283.8204,8.8676,8.8703
273.2517,284.8232,8.8642,8.8638
273.2309,285.8260,8.8606,8.8576
273.2101,286.8288,8.8574,8.8513
273.1890,287.8316,8.8546,8.8448
273.1672,288.8342,8.8525,8.8376
273.1442,289.8368,8.8515,8.8293
273.1201,290.8391,8.8517,8.8199
273.0945,291.8413,8.8534,8.8314
273.0678,292.8434,8.8562,8.8426
273.0401,293.8453,8.8600,8.8528
273.0117,294.8471,8.8645,8.8623
272.9825,295.8488,8.8698,8.8711
272.9528,296.8506,8.8757,8.8793
272.9226,297.8523,8.8820,8.8871
272.8922,298.8542,8.8894,8.8947
272.8618,299.8562,8.8968,8.9017
272.8318,300.8583,8.9039,8.9086
272.8021,301.8606,8.9105,8.9159
272.7730,302.8630,8.9166,8.9237
272.7446,303.8655,8.9220,8.9323
272.7171,304.8680,8.9265,8.9418
272.6907,305.8704,8.9299,8.9524
272.6656,306.8728,8.9321,8.9644
272.6421,307.8752,8.9326,8.9781
272.6203,308.8774,8.9315,8.9664
272.5995,309.8795,8.9264,8.9493
272.5794,310.8815,8.9201,8.9332
272.5579,311.8833,8.9152,8.9162
272.5322,312.8845,8.9149,8.8959
272.4994,313.8847,8.9224,8.8698
272.4568,314.8837,8.9415,8.8361
272.4012,315.8813,8.9762,8.7927
272.3297,316.8770,9.0308,8.7484
272.2398,317.8706,9.1088,8.7105
272.1294,318.8618,9.2136,8.6574
271.9966,319.8502,9.3454,8.5849
271.8420,320.8358,9.0386,8.4909
271.6685,321.8190,8.7370,8.3770
271.4787,322.8001,8.4618,8.2443
271.2753,323.7796,8.2085,8.0946
271.0613,324.7577,7.9724,7.9303
270.8393,325.7347,7.7490,7.7546
270.6115,326.7108,7.5356,7.5522
270.3801,327.6864,7.3297,7.3384
270.1477,328.6618,7.1263,7.1220
269.9153,329.6372,6.9105,6.9057
269.6825,330.6125,6.6949,6.6892
269.4494,331.5877,6.4796,6.4725
269.2159,332.5628,6.2648,6.2553
268.9820,333.5378,6.0508,6.0373
268.7478,334.5127,5.8375,5.8234
268.5138,335.4877,5.6239,5.6126
268.2798,336.4626,5.4116,5.4015
268.0461,337.4376,5.1991,5.1906
267.8127,338.4126,4.9867,4.9796
267.5802,339.3878,4.7737,4.7693
267.3487,340.3633,4.5597,4.5600
267.1185,341.3390,4.3441,4.3523
266.8894,342.3148,4.1339,4.1459
266.6614,343.2907,3.9315,3.9418
266.4330,344.2664,3.7286,3.7384
266.2029,345.2414,3.5261,3.5347
265.9690,346.2153,3.3272,3.3233
265.7298,347.1874,3.1341,3.1036
265.4849,348.1579,2.9480,2.8780
265.2338,349.1265,2.7714,2.6458
264.9758,350.0933,2.6025,2.4060
264.7105,351.0581,2.4414,2.1581
264.4374,352.0208,2.2897,2.0736
264.1587,352.9821,2.1449,2.1059
263.8772,353.9428,2.0038,2.1356
263.5958,354.9037,1.9518,2.1655
263.3161,355.8653,2.0492,2.1971
263.0370,356.8274,2.1458,2.2296
262.7584,357.7896,2.2421,2.2685
262.4797,358.7519,2.3384,2.3273
262.2010,359.7142,2.4350,2.3859
261.9217,360.6763,2.5326,2.4437
261.6399,361.6376,2.6335,2.4986
261.3535,362.5975,2.7022,2.5484
261.0604,363.5554,2.7153,2.5913
260.7598,364.5108,2.7364,2.6420
260.4522,365.4641,2.7650,2.6859
260.1375,366.4149,2.8013,2.7226
259.8158,367.3635,2.8452,2.7519
259.4864,368.3094,2.8850,2.7732
259.1488,369.2523,2.8893,2.7860
258.8036,370.1924,2.9018,2.7910
258.4511,371.1297,2.9224,2.7883
258.0917,372.0643,2.9507,2.8048
257.7243,372.9956,2.9879,2.8316
257.3481,373.9232,2.9888,2.8490
256.9625,374.8468,2.9648,2.8565
256.5672,375.7663,2.9516,2.8537
256.1625,376.6815,2.9491,2.8410
255.7484,377.5924,2.9574,2.8184
255.3227,378.4977,2.9792,2.7838
254.8835,379.3961,3.0174,2.7350
254.4286,380.2861,3.0016,2.7382
253.9575,381.1672,2.9685,2.7396
253.4699,382.0389,2.9554,2.7231
252.9654,382.9005,2.9633,2.6882
252.4431,383.7511,2.9938,2.6337
251.9016,384.5896,3.0488,2.5930
251.3400,385.4151,3.0621,2.6700
250.7603,386.2286,3.0057,2.7265
250.1642,387.0311,2.9703,2.7646
249.5544,387.8237,2.9526,2.7865
248.9320,388.6072,2.9512,2.7935
248.2980,389.3821,2.9637,2.7867
247.6535,390.1490,2.9309,2.7972
247.0003,390.9089,2.9098,2.8150
246.3402,391.6633,2.8977,2.8243
245.6752,392.4134,2.8923,2.8271
245.0056,393.1593,2.8932,2.8238
244.3319,393.9015,2.8995,2.8152
243.6543,394.6402,2.8869,2.8132
242.9731,395.3755,2.8741,2.8222
242.2890,396.1083,2.8653,2.8273
241.6027,396.8389,2.8595,2.8294
240.9141,397.5674,2.8570,2.8284
240.2233,398.2938,2.8569,2.8243
239.5301,399.0179,2.8551,2.8170
238.8345,399.7400,2.8565,2.8147
238.1361,400.4594,2.8618,2.8152
237.4349,401.1762,2.8710,2.8119
236.7307,401.8902,2.8845,2.8046
236.0230,402.6008,2.8716,2.7925
235.3117,403.3080,2.8486,2.7755
234.5968,404.0117,2.8308,2.7535
233.8778,404.7114,2.8186,2.7336
233.1548,405.4071,2.8124,2.7348
232.4274,406.0982,2.7948,2.7298
231.6962,406.7851,2.7770,2.7192
230.9612,407.4681,2.7646,2.7033
230.2225,408.1470,2.7579,2.6819
229.4802,408.8220,2.7565,2.6553
228.7342,409.4929,2.7608,2.6632
227.9845,410.1594,2.7518,2.6770
227.2314,410.8219,2.7396,2.6857
226.4752,411.4805,2.7325,2.6895
225.7161,412.1359,2.7297,2.6891
224.9538,412.7872,2.7323,2.6835
224.1875,413.4336,2.7413,2.6717
223.4170,414.0746,2.7573,2.6534
222.6420,414.7098,2.7761,2.6469
221.8622,415.3388,2.7985,2.6697
221.0777,415.9615,2.8290,2.6848
220.2880,416.5773,2.8685,2.6914
219.4927,417.1855,2.9179,2.6888
218.6913,417.7856,2.8672,2.6762
217.8850,418.3788,2.8005,2.6553
217.0748,418.9669,2.7405,2.6279
216.2617,419.5511,2.6857,2.5955
215.4465,420.1323,2.6347,2.5594
214.6297,420.7117,2.6084,2.5722
213.8119,421.2896,2.6042,2.6511
212.9940,421.8676,2.6001,2.7304
212.1770,422.4469,2.6928,2.8116
211.3615,423.0286,2.8599,2.8953
210.5467,423.6111,3.0269,2.9795
209.7312,424.1929,3.1957,3.1277
208.9143,424.7728,3.3623,3.2860
208.0955,425.3499,3.5213,3.4401
207.2743,425.9234,3.6853,3.5895
206.4502,426.4927,3.8558,3.7328
205.6223,427.0566,4.0349,3.8684
204.7896,427.6133,4.2247,4.0717
203.9514,428.1616,4.4023,4.2816
203.1079,428.7019,4.5855,4.4821
202.2595,429.2345,4.7783,4.6735
201.4064,429.7599,4.9804,4.8564
200.5488,430.2783,5.1794,5.0309
199.6870,430.7897,5.3268,5.1973
198.8211,431.2944,5.4817,5.3855
197.9516,431.7934,5.6426,5.5881
197.0794,432.2880,5.8079,5.7868
196.2052,432.7793,5.9805,5.9803
195.3287,433.2663,6.1724,6.1672
194.4494,433.7477,6.3732,6.3457
193.5668,434.2221,6.5860,6.5137
192.6800,434.6871,6.8132,6.6566
191.7884,435.1411,7.0585,6.7827
190.8912,435.5818,7.3696,6.8932
189.9874,436.0067,7.7117,6.9860
189.0756,436.4125,7.6278,7.0588
188.1544,436.7953,7.5676,7.1109
187.2241,437.1545,7.5376,7.1574
186.2849,437.4898,7.5228,7.1997
185.3373,437.8011,7.4743,7.2213
184.3819,438.0886,7.4554,7.2222
183.4193,438.3527,7.4655,7.2029
182.4502,438.5936,7.5038,7.1633
181.4753,438.8117,7.4746,7.1030
180.4955,439.0080,7.4532,7.1308
179.5120,439.1845,7.4549,7.1864
178.5251,439.3419,7.4787,7.2252
177.5353,439.4806,7.4603,7.2479
176.5430,439.6019,7.4222,7.2550
175.5485,439.7068,7.4026,7.2474
174.5522,439.7963,7.4001,7.2257
173.5543,439.8717,7.4132,7.1907
172.5551,439.9341,7.3916,7.1625
171.5549,439.9848,7.3608,7.2032
170.5540,440.0255,7.3408,7.2349
169.5525,440.0578,7.3298,7.2588
168.5506,440.0830,7.3262,7.2760
167.5483,440.1020,7.3279,7.2873
166.5459,440.1155,7.3252,7.2934
165.5434,440.1244,7.3272,7.2950
164.5408,440.1285,7.3342,7.2923
163.5384,440.1273,7.3468,7.2984
162.5362,440.1199,7.3663,7.2986
161.5346,440.1047,7.3917,7.2916
160.5335,440.0801,7.3992,7.2762
159.5331,440.0446,7.4190,7.2512
158.5336,439.9966,7.4531,7.2155
157.5351,439.9340,7.5042,7.1676
156.5381,439.8553,7.5476,7.2242
155.5427,439.7596,7.5119,7.2685
154.5492,439.6473,7.4950,7.2982
153.5578,439.5186,7.4966,7.3133
152.5686,439.3737,7.5166,7.3140
151.5819,439.2128,7.4964,7.3003
150.5976,439.0364,7.4518,7.2722
149.6159,438.8456,7.4234,7.2308
148.6368,438.6413,7.4102,7.1839
147.6604,438.4241,7.4115,7.2319
146.6866,438.1947,7.4263,7.2687
145.7157,437.9532,7.4159,7.2942
144.7475,437.7003,7.4126,7.3089
143.7821,437.4364,7.4216,7.3133
142.8195,437.1615,7.4429,7.3072
141.8600,436.8757,7.4768,7.2908
140.9038,436.5785,7.4579,7.2637
139.9512,436.2697,7.4360,7.2400
139.0024,435.9495,7.4274,7.2647
138.0573,435.6179,7.4317,7.2786
137.1162,435.2750,7.4492,7.2814
136.1793,434.9206,7.4350,7.2731
135.2466,434.5549,7.3977,7.2536
134.3180,434.1787,7.3727,7.2237
133.3935,433.7923,7.3596,7.1836
132.4733,433.3956,7.3585,7.2121
131.5576,432.9887,7.3695,7.2477
130.6467,432.5718,7.3763,7.2730
129.7407,432.1447,7.3901,7.2880
128.8398,431.7076,7.4162,7.2926
127.9443,431.2600,7.4553,7.2866
127.0545,430.8014,7.5084,7.2695
126.1710,430.3310,7.5053,7.2403
125.2939,429.8487,7.4747,7.2313
124.4233,429.3548,7.4586,7.2806
123.5588,428.8499,7.4563,7.3184
122.7005,428.3342,7.4676,7.3450
121.8485,427.8080,7.4923,7.3603
121.0027,427.2712,7.4948,7.3645
120.1632,426.7243,7.4840,7.3577
119.3296,426.1682,7.4851,7.3409
118.5019,425.6032,7.4978,7.3142
117.6806,425.0289,7.5228,7.3256
116.8660,424.4454,7.5191,7.3529
116.0580,423.8526,7.4983,7.3697
115.2566,423.2509,7.4895,7.3763
114.4616,422.6407,7.4923,7.3731
113.6732,422.0219,7.5069,7.3601
112.8916,421.3943,7.5336,7.3369
112.1174,420.7577,7.5336,7.3557
111.3505,420.1121,7.5230,7.3853
110.5910,419.4580,7.5248,7.4045
109.8396,418.7949,7.5398,7.4128
109.0970,418.1223,7.5695,7.4095
108.3642,417.4395,7.5998,7.3938
107.6424,416.7457,7.5651,7.3644
106.9316,416.0408,7.5479,7.3214
106.2325,415.3247,7.5491,7.2647
105.5460,414.5967,7.5698,7.2702
104.8724,413.8568,7.6106,7.3181
104.2119,413.1052,7.5839,7.3506
103.5638,412.3425,7.5457,7.3686
102.9273,411.5697,7.5247,7.3729
102.3017,410.7876,7.5195,7.3641
101.6862,409.9971,7.5284,7.3434
101.0803,409.1989,7.5016,7.3110
100.4834,408.3935,7.4734,7.3380
99.8942,407.5824,7.4555,7.3610
99.3118,406.7663,7.4465,7.3763
98.7356,405.9458,7.4456,7.3843
98.1655,405.1211,7.4459,7.3854
97.6011,404.2924,7.4490,7.3798
97.0426,403.4599,7.4595,7.3676
96.4905,402.6232,7.4782,7.3547
95.9454,401.7821,7.5059,7.3875
95.4079,400.9364,7.5432,7.4120
94.8785,400.0859,7.5510,7.4276
94.3581,399.2302,7.5612,7.4336
93.8469,398.3690,7.5831,7.4299
93.3455,397.5024,7.6176,7.4160
92.8549,396.6297,7.6480,7.3912
92.3759,395.7507,7.5914,7.3745
91.9084,394.8657,7.5493,7.3890
91.4520,393.9751,7.5208,7.3921
91.0066,393.0789,7.5057,7.3840
90.5719,392.1775,7.4882,7.3649
90.1480,391.2709,7.4808,7.3350
89.7348,390.3592,7.4865,7.2946
89.3334,389.4423,7.5063,7.3166
88.9436,388.5203,7.5400,7.3525
88.5654,387.5935,7.5337,7.3769
88.1989,386.6620,7.5257,7.3900
87.8440,385.7259,7.5313,7.3917
87.5009,384.7852,7.5510,7.3820
87.1704,383.8400,7.5862,7.3610
86.8548,382.8899,7.5805,7.3270
86.5566,381.9347,7.5648,7.3487
86.2767,380.9747,7.5711,7.3752
86.0166,380.0100,7.6013,7.3846
85.7778,379.0407,7.6578,7.3763
85.5620,378.0668,7.7403,7.3494
85.3715,377.0882,7.8050,7.3028
85.2081,376.1050,7.9041,7.2897
85.0725,375.1173,7.8846,7.3746
84.9624,374.1260,7.7952,7.4398
84.8748,373.1317,7.7331,7.4867
84.8070,372.1349,7.6944,7.5169
84.7565,371.1360,7.6755,7.5320
84.7207,370.1355,7.6379,7.5337
84.6967,369.1338,7.5916,7.5241
84.6814,368.1313,7.5552,7.5058
84.6718,367.1286,7.5253,7.4833
84.6655,366.1260,7.5023,7.4908
84.6612,365.1234,7.5020,7.4965
84.6585,364.1209,7.5032,7.5006
84.6569,363.1185,7.5056,7.5036
84.6561,362.1161,7.5087,7.5059
84.6557,361.1139,7.5120,7.5077
84.6557,360.1118,7.5138,7.5091
84.6559,359.1096,7.5159,7.5103
84.6564,358.1074,7.5183,7.5113
84.6571,357.1051,7.5208,7.5118
84.6581,356.1027,7.5237,7.5117
84.6594,355.1002,7.5269,7.5113
84.6610,354.0977,7.5221,7.5107
84.6628,353.0952,7.5165,7.5098
84.6647,352.0926,7.5111,7.5088
84.6667,351.0901,7.5056,7.5078
84.6685,350.0876,7.5001,7.5068
84.6702,349.0851,7.4944,7.5061
84.6714,348.0828,7.4883,7.5009
84.6723,347.0805,7.4818,7.4901
84.6729,346.0782,7.4750,7.4797
84.6736,345.0759,7.4684,7.4692
84.6754,344.0738,7.4627,7.4577
84.6773,343.0718,7.4572,7.4461
84.6802,342.0696,7.4527,7.4334
84.6835,341.0675,7.4486,7.4334
84.6877,340.0652,7.4454,7.4366
84.6927,339.0626,7.4430,7.4390
84.6977,338.0599,7.4407,7.4413
84.7029,337.0569,7.4385,7.4435
84.7080,336.0543,7.4363,7.4458
84.7123,335.0512,7.4332,7.4488
84.7163,334.0480,7.4298,7.4406
84.7189,333.0451,7.4251,7.4319
84.7208,332.0421,7.4197,7.4239
84.7223,331.0391,7.4138,7.4163
84.7238,330.0362,7.4078,7.4089
84.7247,329.0336,7.4014,7.4019
84.7251,328.0315,7.3945,7.3954
84.7250,327.0290,7.3871,7.3894
84.7242,326.0263,7.3789,7.3836
84.7229,325.0235,7.3703,7.3772
84.7215,324.0203,7.3633,7.3710
84.7196,323.0170,7.3611,7.3652
84.7173,322.0142,7.3586,7.3598
84.7144,321.0112,7.3554,7.3551
84.7116,320.0081,7.3524,7.3503
84.7088,319.0049,7.3494,7.3454
84.7059,318.0019,7.3462,7.3446
84.7031,316.9994,7.3432,7.3453
84.7006,315.9970,7.3414,7.3457
84.6982,314.9946,7.3434,7.3460
84.6959,313.9922,7.3455,7.3462
84.6933,312.9895,7.3473,7.3466
84.6909,311.9871,7.3492,7.3470
84.6890,310.9846,7.3518,7.3468
84.6879,309.9822,7.3551,7.3457
84.6872,308.9801,7.3588,7.3525
84.6868,307.9779,7.3628,7.3637
84.6866,306.9761,7.3670,7.3747
84.6865,305.9747,7.3746,7.3855
84.6873,304.9732,7.3867,7.3956
84.6870,303.9721,7.3976,7.4068
84.6852,302.9711,7.4071,7.4195
84.6819,301.9700,7.4150,7.4339
84.6766,300.9686,7.4211,7.4434
84.6700,299.9668,7.4258,7.4379
84.6621,298.9645,7.4293,7.4337
84.6534,297.9618,7.4319,7.4303
84.6439,296.9586,7.4325,7.4277
84.6334,295.9554,7.4272,7.4261
84.6234,294.9516,7.4224,7.4240
84.6145,293.9478,7.4187,7.4209
84.6068,292.9443,7.4161,7.4166
84.6001,291.9409,7.4147,7.4112
84.5953,290.9379,7.4151,7.4041
84.5921,289.9354,7.4171,7.4058
84.5901,288.9333,7.4204,7.4069
84.5895,287.9315,7.4230,7.4066
84.5903,286.9298,7.4164,7.4050
84.5918,285.9281,7.4105,7.4026
84.5940,284.9261,7.4054,7.3995
84.5955,283.9238,7.3995,7.3971
84.5960,282.9213,7.3927,7.3958
84.5955,281.9183,7.3877,7.3954
84.5939,280.9151,7.3864,7.3961
84.5911,279.9115,7.3838,7.3922
84.5876,278.9078,7.3806,7.3832
84.5825,277.9042,7.3757,7.3758
84.5760,276.9010,7.3695,7.3699
84.5671,275.8982,7.3608,7.3665
84.5587,274.8955,7.3525,7.3625
84.5509,273.8927,7.3536,7.3579
84.5426,272.8900,7.3569,7.3539
84.5352,271.8874,7.3612,7.3491
84.5294,270.8850,7.3670,7.3519
84.5244,269.8824,7.3738,7.3562
84.5209,268.8799,7.3820,7.3590
84.5190,267.8771,7.3772,7.3602
84.5192,266.8740,7.3698,7.3594
84.5224,265.8712,7.3657,7.3563
84.5363,264.8693,7.3745,7.3449
84.5688,263.8685,7.4058,7.3191
84.6241,262.8701,7.4668,7.2743
84.7019,261.8739,7.5284,7.1829
84.7527,260.8751,7.5951,7.1516
84.8429,259.8796,7.7499,7.1289
85.0075,258.8906,7.9737,7.0208
