1.2165,0.24
0.885382662371282,0.614648246655004
0.228418632002828,1.36853775270906
-0.428545398365626,2.12242725876311
-1.08550942873408,2.87631676481717
-1.74247345910253,3.63020627087122
-2.39943748947099,4.38409577692527
-3.05640151983944,5.13798528297933
-3.71336555020789,5.89187478903338
-4.37032958057635,6.64576429508743
-5.0272936109448,7.39965380114149
-5.68425764131325,8.15354330719554
-6.34122167168171,8.90743281324959
-6.99818570205016,9.66132231930365
-7.65514973241861,10.4152118253577
-8.31211376278707,11.1691013314118
-8.96907779315552,11.9229908374658
-9.62604182352398,12.6768803435199
-10.2830058538924,13.4307698495739
-10.9449840818973,14.1801924178961
-11.6171122103753,14.9205728668834
-12.2869838775801,15.6629635022918
-12.9574601617595,16.4048155098733
-13.6277744393137,17.1468118423413
-14.2981321263942,17.8887695030902
-14.9684781819947,18.630737525829
-15.6388273539887,19.3727027723273
-16.3091756918889,20.1146687617977
-16.9795242497709,20.8566345556203
-17.6498727618194,21.5986003890618
-18.3202212372198,22.3405662596756
-18.9905699050464,23.0825319419813
-19.6609178398163,23.8244983403469
-20.3391883858164,24.5589666166281
-21.0375788624054,25.2743934973296
-21.7318156782487,25.9937502892338
-22.4270332573848,26.7121831881166
-23.1224814440955,27.4303817478826
-24.179031325319,28.4945398660979
-24.8936594169214,29.1940076088575
-25.6088518424269,29.8929243539845
-26.323893055119,30.5919887384819
-27.0389747851613,31.2910135631304
-27.7540456586165,31.9900489878041
-28.4691194410699,32.689081572226
-29.1841924441173,33.38811491763
-29.8992656557907,34.0871480593573
-30.6143388123662,34.7861812548092
-31.3294119807071,35.4852144390393
-32.0444851570843,36.1842476144321
-32.759558289551,36.8832808363961
-33.4746315896234,37.5823138809125
-34.1897042631833,38.281347588648
-34.9047792751878,38.9803788209545
-35.6198455599262,39.6794192917581
-36.3349444152842,40.3784252840026
-37.0499217154303,41.0775599519861
-37.7653526658043,41.7762143955726
-38.4792396876194,42.4765032088568
-39.2035069762585,43.1658036958934
-39.9349613772423,43.8474960712026
-40.6647115208614,44.5309925041859
-41.3949155686989,45.2140085634321
-42.1250082570272,45.8971420599526
-42.8550924791743,46.5802861811128
-43.5853219255553,47.2632703664401
-44.3149792794011,47.9468832988019
-45.4285580674874,48.9511466027165
-46.1791106425138,49.6117985003953
-46.9301374327379,50.2719292980188
-47.6810371573829,50.932199723981
-48.4319709291465,51.5924327366434
-49.1828955780149,52.2526757741662
-49.9338226713455,52.9129161255477
-50.6847491097223,53.5731571966337
-51.4356757234519,54.2333980750428
-52.1866022907244,54.8936390044554
-52.9375288684727,55.5538799225307
-53.6884554507745,56.2141208349517
-54.4393820043867,56.8743617813272
-55.1903086682039,57.5346025975392
-55.9412349198906,58.1948439004507
-56.6921627098943,58.8550833867276
-57.4430847587605,59.5153296528431
-58.1940282338597,60.175550616239
-58.9448917451645,60.8358660106749
-59.6960536854137,61.4958289836701
-60.4544831765072,62.1472095427016
-61.2300566123438,62.7783444324678
-62.0009395506422,63.415018436091
-62.7730793040731,64.0502082384963
-63.5448822945122,64.6857957319161
-64.316775521786,65.3212766624955
-65.0886445647127,65.9567861534221
-65.8605201081934,66.5922879658006
-66.6323938338052,67.2277919320241
-67.4042683303385,67.8632949614157
-68.1761415610546,68.4987995842897
-68.9480190841179,69.1342987700662
-69.7198807036095,69.7698181107505
-70.491801645041,70.4052622689011
-71.6698863329577,71.3325116555481
-72.4657219830752,71.9376470720861
-73.2620933934438,72.5421034831112
-74.0583212473681,73.146741833003
-74.8545875668184,73.7513314329412
-75.650843580609,74.3559340938268
-76.4471023515125,74.9605332608764
-77.243360399624,75.5651333423226
-78.0396185817907,76.1697332600183
-78.8358769505283,76.7743329183198
-79.6321344389272,77.3789337779485
-80.4283952621101,77.9835300916624
-81.224643626496,78.5881433877083
-82.0209384912857,79.1926933003408
-82.8170598132571,79.7974797642951
-83.6138288060978,80.4013834063759
-84.4103039632415,81.0056875675965
-85.2297934112186,81.5786215988969
-86.0477688537524,82.1536193282429
-86.8661499714731,82.728064093271
-87.6844223938895,83.3026570175251
-88.5027239223359,83.8772102691931
-89.3210177219667,84.4517740519797
-90.1393133308301,85.0263353828779
-90.9576094315785,85.6008959902111
-91.7759017555545,86.1754619436926
-92.594208694735,86.7500072361461
-93.412466228073,87.324622365676
-94.2372940963386,87.8899501439004
-95.0633140465255,88.4535928812127
-95.889012629894,89.0176898794505
-96.714797323242,89.5816651588402
-97.5405589434905,90.145673052697
-98.3663267461575,90.7096722075333
-99.1920928922497,91.2736737039843
-100.017859482223,91.8376745729971
-100.843625953248,92.401675610148
-101.669392456184,92.9656766021848
-102.495158950423,93.5296776065401
-103.320925447539,94.0936786067353
-104.146691941844,94.6576796112524
-104.972458444517,95.221680602642
-105.79822491653,95.7856816422196
-106.623991502815,96.3496825021728
-107.449757662669,96.9136840324356
-108.275525413976,97.4776830610843
-109.101287225902,98.0416914258799
-109.9270712039,98.6056649477017
-110.752772456991,99.1697685052722
-111.578782443638,99.7333867628216
-112.843690540795,100.537950253204
-113.688188180239,101.07247782412
-114.542714926011,101.590973358749
-115.410359421169,102.088459889789
-116.274982860278,102.590785109369
-117.140415788915,103.091813806262
-118.005631815488,103.593189905361
-118.87090596079,104.094472918325
-119.73616453324,104.595780873619
-120.601427278369,105.097082145731
-121.466688905634,105.598385208244
-122.331950831677,106.099687792333
-123.197212680472,106.600990499715
-124.062474539479,107.10229319235
-124.927736434886,107.603595820681
-125.792998174482,108.104898720972
-126.658260500922,108.606200597727
-127.523520635797,109.107506296668
-128.388788950089,109.608797730402
-129.254026738277,110.110142402778
-130.119378451466,110.611288385791
-130.984319571536,111.113150458197
-131.851547466252,111.611024312121
-132.721593658599,112.103982952069
-133.591046293272,112.597976778273
-134.460657971225,113.091693227193
-135.330227033733,113.585483998992
-136.199807514741,114.079254856557
-137.069384937193,114.57303104818
-137.938963175367,115.066805817805
-138.808541209213,115.560580941367
-139.678119244649,116.054356071177
-140.547697478052,116.548130822057
-141.417274917995,117.04190708241
-142.286855333812,117.535677683801
-143.156424639596,118.029469411566
-144.026035409636,118.523182292798
-144.895491432685,119.017189433786
-145.765524979441,119.510098382285
-146.634213101199,120.005565710897
-147.519298855544,120.469851869693
-148.406446243398,120.930217003848
-149.2929275378,121.391851270491
-150.180031235528,121.852292641072
-151.513484235824,122.53758953379
-152.41570345649,122.968991566434
-153.316973913057,123.402216237815
-154.218498590199,123.834952534617
-155.119955149143,124.267819690994
-156.021429960303,124.700651783653
-156.922899880796,125.133493271607
-157.824371111739,125.566332242099
-158.725841991548,125.999171887145
-159.627312965446,126.432011351438
-160.528783914123,126.864850864186
-161.430254869596,127.297690363866
-162.331725823104,127.730529867366
-163.233196777675,128.163369368653
-164.134667729961,128.596208874973
-165.036138690322,129.029048363374
-165.937609620667,129.461887918418
-166.839080663004,129.894727224809
-167.740551287388,130.327567459167
-168.642023471592,130.760404230311
-169.543489834467,131.193253926346
-170.444977922838,131.626055386031
-171.346384930556,132.059036866222
-172.24809453539,132.491346500741
-173.608324011881,133.122783821536
-174.520295541701,133.532309257529
-175.431838055093,133.942787203155
-176.343491798158,134.353018267456
-177.255129638962,134.763284347425
-178.166719859134,135.173657246047
-179.078516464095,135.583567854387
-179.990023120095,135.994127882966
-180.912840847519,136.379354112213
-181.83565198463,136.764595102841
-182.758464887611,137.149832138169
-183.681277317428,137.535070233316
-184.604089874028,137.920308044486
-185.526902396658,138.305545931747
-186.449714928389,138.690783798621
-187.372527457683,139.076021670952
-188.295339987623,139.461259541841
-189.21815251742,139.846497413042
-190.140965047139,140.231735284436
-191.063777577314,140.616973154747
-191.986590105744,141.002211029197
-192.9094026407,141.387448888176
-193.832215151293,141.772686804898
-194.755027752814,142.157924506119
-195.677840014987,142.5431630116
-196.600653543624,142.928398515542
-197.52346234575,143.313645221379
-198.446100807267,143.699295636677
-199.368546385596,144.085403187641
-200.291044210134,144.471386914406
-201.213528035343,144.857403819766
-202.136015611661,145.243411834948
-203.058502182873,145.629422232246
-203.980989023402,146.015431991258
-204.903475791767,146.401441921298
-205.825962579469,146.787451805511
-206.74844936199,147.173461702003
-207.670936145898,147.559471595206
-208.593422929435,147.94548148929
-209.515909713072,148.331491383137
-210.438396496682,148.717501277048
-211.360883280299,149.103511170942
-212.283370063914,149.489521064841
-213.205856847529,149.875530958738
-214.128343631145,150.261540852635
-215.050830414759,150.647550746538
-215.973317198383,151.033560640414
-216.895803981966,151.41957053439
-217.818290765701,151.805580427997
-218.740777548871,152.191590322979
-219.66326433415,152.577600212831
-220.585751111555,152.963610121826
-221.508237918349,153.349619959377
-222.430724615461,153.735630063564
-223.353618353614,154.120650647837
-224.277064388181,154.504328595259
-225.200376473297,154.888332174831
-226.12372445006,155.272248501531
-227.047062809686,155.656188207566
-227.970403746214,156.040121649132
-228.89374399227,156.424056769241
-229.817084423311,156.807991439648
-230.740424804884,157.191926230319
-231.663765199348,157.575860989636
-232.587105591714,157.959795754106
-233.510445979579,158.343730529317
-234.433786387549,158.727665256414
-235.357126719599,159.111600165224
-236.280467335223,159.495534395295
-237.20380689247,159.879471158609
-238.127150399653,160.26339846769
-239.051334749539,160.645313207369
-239.97662042106,161.024591917476
-240.901570733985,161.404673313327
-241.826610905975,161.784539630182
-242.751627000301,162.164463577279
-243.676649546218,162.5443720824
-244.601670363436,162.924284725186
-245.526691643858,163.304196259288
-246.451712800164,163.68410809046
-247.376733989728,164.064019842033
-248.30175517038,164.443931614935
-249.226776353419,164.823843382122
-250.15179753582,165.203755150839
-251.07681871839,165.583666919149
-252.001839900919,165.963578687559
-252.926861083445,166.343490455975
-253.851882266023,166.723402224265
-254.776903448396,167.103313993057
-255.701924631539,167.483225759965
-256.626945811805,167.863137533904
-257.551967002811,168.243049281606
-258.476988153731,168.622961127226
-259.402009454258,169.002872607409
-260.327030196442,169.382785451423
-261.25205302239,169.76269320555
-262.177068071625,170.142619955396
-263.102110466877,170.522479908733
-264.0269891401,170.902739776266
-264.951778607499,171.283217541638
-265.876589467556,171.663643052418
-266.801394595482,172.044082564738
-267.726201259275,172.424518325489
-268.651007511731,172.804955090978
-269.575813873665,173.185391589086
-270.500620209027,173.565828151976
-271.425426541197,173.946264723121
-272.350232912708,174.326701196462
-273.275039130047,174.707138052765
-274.199845924735,175.087573475023
-275.124650564195,175.468014250502
-276.049463247222,175.848435047142
-276.974245911205,176.228930405914
-277.899140607798,176.609147494996
-278.82389055669,176.989724112415
-279.75195004914,177.362080394101
-280.679977559753,177.734516113156
-281.608013639874,178.106930547032
-282.536047423801,178.479350684255
-283.464081822992,178.851769293271
-284.392116057324,179.224188311768
-285.320150335829,179.596607220545
-286.248184602498,179.969026158722
-287.176218872339,180.341445089021
-288.10425314133,180.713864021431
-289.032287410549,181.086282953275
-289.960321679706,181.458701885271
-290.88835594888,181.831120817226
-291.816390218049,182.203539749192
-292.74442448722,182.575958681156
-293.672458756391,182.948377613119
-294.600493025561,183.320796545084
-295.528527294733,183.693215477044
-296.456561563897,184.065634409024
-297.384595833091,184.438053340927
-298.312630102174,184.810472273115
-299.240664371671,185.182891204243
-300.168698639621,185.555310139328
-301.096732913346,185.927729059644
-302.024767165518,186.300148035076
-302.952801498128,186.672566804815
-303.88083553054,187.044986342208
-304.808870683303,187.417403014679
-305.736901654863,187.789830379186
-306.664948230884,188.162217840473
-307.592936570261,188.534754222601
-308.521142251753,188.906734824582
-309.448551854525,189.280751133032
-310.380711088721,189.642621839326
-311.315140397699,189.998687584595
-312.24902052525,190.35615767874
-313.183047806867,190.713251474986
-314.117035653648,191.07044611395
-315.051034085708,191.427613679945
-315.985029611488,191.784788695096
-316.919026177109,192.141960986592
-317.853021489644,192.499136723553
-318.787020774682,192.856301402308
-319.721005422793,193.213506868421
-320.655044646112,193.570560243309
-321.590759842768,193.922937741738
-322.529530364518,194.266794185164
-323.945747352964,194.758855412135
-324.896451835297,195.068486123949
-325.847144282546,195.378146695328
-326.797839918599,195.687799384571
-327.74853483452,195.997453742793
-328.699229442167,196.307109307236
-329.649926003042,196.616758377816
-330.60061505928,196.926432217624
-331.551332180839,197.236013474384
-332.501944545747,197.54594029411
-333.452947871941,197.854577445019
-334.402585908724,198.167718292095
-335.360442200152,198.453749486754
-336.322935201801,198.724485511371
-337.28431882729,198.998881048004
-338.245999709101,199.272296021941
-339.207600941786,199.545973734648
-340.169223514654,199.819581054969
-341.130840375913,200.093207206067
-342.092458743427,200.366828426438
-343.054076797532,200.640450538942
-344.015694599015,200.914074013643
-344.977313724398,201.187691147423
-345.938927806801,201.461332282688
-346.900560737222,201.734883752935
-347.862123318554,202.008769881766
-349.796382087878,202.509538188951
-350.770199535418,202.7346361783
-351.754159556754,202.913117363142
-352.737324667667,203.095189529851
-353.720702774181,203.276299495905
-354.704023808715,203.457667282716
-355.687360135567,203.638965987153
-356.670692365126,203.820283200326
-357.654025691539,204.001595460931
-358.63735872783,204.182909023073
-359.620691827752,204.364222331636
-360.604024963276,204.545535352975
-361.58735789276,204.726849776791
-362.570691610801,204.908158877925
-363.554022380655,205.089487867307
-364.537364154699,205.270742626379
-365.520664860171,205.452274418444
-366.50411883574,205.632772308847
-367.487007470406,205.817083773188
-368.971006203279,206.02673387269
-369.96125691479,206.161383047819
-370.951776182277,206.294221820587
-371.942225598982,206.427527362043
-372.932685862841,206.560776231106
-373.923172588864,206.693785021056
-374.913543471717,206.827803388909
-375.905943590587,206.944183458231
-376.903397296823,207.016639295761
-377.899854973661,207.097752301914
-378.896579535879,207.176545624918
-379.893232585972,207.255960511891
-380.889904799188,207.33520882614
-381.886571872035,207.414501867317
-382.883240343235,207.493782573502
-383.879908361392,207.57306789273
-384.876576793368,207.652347094778
-385.87324402311,207.731646152502
-386.86991564797,207.8108719047
-387.866570894595,207.89037102333
-388.86328725904,207.968849981757
-390.358281270742,208.0847838702
-391.357517321936,208.121204670996
-392.356430703671,208.163011121818
-393.355430535268,208.203375676997
-394.354407236875,208.244122164723
-395.353390008579,208.284782817903
-396.352371629884,208.325404876719
-397.35135178269,208.366267147539
-398.350338959891,208.406207164705
-399.349364224069,208.443477413185
-401.347565594337,208.399936886241
-402.346014577724,208.34882335658
-403.344466145586,208.294456768542
-404.342917020941,208.240961834863
-405.341368081854,208.187233342126
-406.339819093039,208.133567431264
-407.338270117578,208.079884751959
-408.336721138431,208.02620656455
-409.335172160672,207.972527177999
-410.333623181049,207.918848096123
-411.332074207492,207.865168994688
-412.330525211534,207.811489666815
-413.328976299117,207.757811264251
-414.327427074935,207.704129386888
-415.325879014273,207.650460483415
-416.324326611296,207.596743159179
-417.322790414058,207.543206544106
-418.321193736179,207.488995513145
-419.319818156294,207.437249999834
-420.316728864507,207.366407742654
-421.31011243991,207.256332272842
-422.304252683073,207.154515848714
-423.788569955066,206.941471580933
-424.777706188015,206.795028197805
-425.766662450108,206.646960821286
-426.755666935247,206.499328592484
-427.74465849906,206.351579766202
-428.733653525131,206.20386218212
-429.722647623494,206.056136226721
-430.711641970432,205.908412514393
-431.700636250777,205.760688201096
-432.689630548919,205.612964048602
-433.678624842466,205.465239853865
-434.667619136596,205.3175156673
-435.656613432989,205.169791490288
-436.645607719746,205.022067266892
-437.634602042787,204.874343219478
-438.623596230327,204.726618514521
-439.612590923585,204.578896263756
-440.601583729476,204.431164853764
-441.590583579115,204.283467626486
-442.579557141127,204.135642827583
-443.568628809902,203.988294132462
-444.55733433925,203.839168593841
-445.547247300707,203.695902678944
-446.527920292158,203.507797495448
-447.503090848546,203.292998470217
-448.479706332497,203.08518494728
-449.45555721873,202.873758501034
-450.912658228386,202.526115158719
-451.877036788403,202.261781352412
-452.841172944271,201.996330934913
-453.805374052135,201.731179712482
-454.769557756164,201.465948320974
-455.733746123536,201.200738410705
-456.69793324137,200.935522744556
-457.662120694016,200.67030862069
-458.62630805695,200.40509408357
-459.590495443922,200.139879657183
-460.554682824451,199.87466520112
-461.518870206715,199.609450753027
-462.483057588483,199.344236302729
-463.4472449705,199.079021853283
-464.411432352016,198.813807402634
-465.375619735289,198.548592955945
-466.339807112034,198.283378494618
-467.303994513132,198.01816408788
-468.268181823347,197.752949477427
-469.232369472741,197.487735627245
-470.196555856303,197.222518939696
-471.160746964012,196.957312841341
-473.525894052358,196.166533219022
-474.008019990939,196.03420736661
-474.940243164559,195.678339556819
-475.856589018127,195.276011310387
-476.777325570854,194.886531674606
-477.696885639287,194.493609263977
-478.616760945736,194.101609342087
-479.536551784414,193.709362240085
-480.456365256163,193.317181369795
-481.376172663398,192.924982752771
-482.295981695615,192.53278889097
-483.215790292419,192.14059375501
-484.135599005894,191.748398960464
-485.055407688099,191.35620407442
-485.975216378712,190.964009212953
-486.895025066962,190.571814344677
-487.814833756257,190.17961947906
-488.734642443735,189.787424609617
-489.654451137436,189.395229752818
-490.574259808062,189.003034849269
-491.494068564765,188.610840120078
-492.413877000238,188.218644740204
-493.333686634551,187.826451788703
-494.253491794732,187.434249774391
-495.173313652601,187.042081582952
-496.093073193852,186.649787162834
-497.013065303888,186.257963834555
-497.9321894554,185.864382367602
-498.850462154255,185.469076196295
-499.737551765096,185.010605494111
-500.628459628937,184.55986905351
-501.518344395011,184.107060223836
-502.408503299155,183.654806688872
-503.298588748788,183.202404364143
-504.188693878392,182.75004190376
-505.078793742622,182.297668775759
-505.96889498838,181.845298453883
-506.858995973397,181.392927575127
-507.749096619853,180.940556117766
-508.639198881292,180.488187531706
-509.529295021363,180.035808039043
-510.41941403192,179.583469301493
-511.3094476819,179.130978450095
-513.513743463421,177.969707992453
-514.358009084664,177.43565774914
-515.200481888649,176.898412675518
-516.04343507657,176.362023654097
-516.886259546004,175.82540525418
-517.729118505452,175.288848316046
-518.571968223328,174.752274909275
-519.41482041748,174.215705915268
-520.2576719481,173.679135738842
-521.100523656573,173.142565879331
-521.943375317164,172.60599593458
-522.786226991432,172.06942601387
-523.629078658871,171.532856082238
-524.471930339951,170.996286170251
-525.314781973298,170.459716190607
-526.157633783936,169.923146461946
-527.000484933139,169.386575797012
-527.843338550792,168.850008626187
-528.686182956084,168.313428415197
-529.529061742367,167.77689687076
-530.371812217044,167.240183700273
-531.213859816372,166.702475604402
-532.000793991596,166.086754039183
-532.793376370616,165.47902754922
-533.584445317879,164.86915878517
-534.375919788375,164.259864042213
-535.167285597696,163.650415488968
-535.958680528485,163.041008155781
-536.750067634577,162.431589752652
-537.541456917985,161.822174409231
-538.332845316829,161.212757896923
-539.124235076614,160.603343000453
-539.9156202772,159.993922809518
-540.707022353639,159.384522180605
-541.498361485865,158.77504859807
-542.28993551909,158.165847268
-544.187785429663,156.555013507554
-544.912387672594,155.868191299671
-545.635841536585,155.180038110769
-546.359603107786,154.492241557155
-547.083282229088,153.804349443404
-547.806983442774,153.116482934915
-548.530678736823,152.428609565516
-549.254375617035,151.740738034494
-549.978072072233,151.052866010876
-550.701768641325,150.364994119261
-551.425465179854,149.677122192232
-552.14916172674,148.989250274857
-552.87285827076,148.301378354282
-553.59655481789,147.613506436851
-554.320251355445,146.925634510042
-555.043947928192,146.237762617601
-555.767644369741,145.549890597067
-556.491341300895,144.862019054539
-557.215036404826,144.174145728077
-557.938738328042,143.486279059348
-558.662414801342,142.798387543617
-559.386186255022,142.110588758164
-560.109603237097,141.422443898602
-560.834331009562,140.735578776568
-561.535081669456,140.025304564113
-562.183860444962,139.264289690645
-562.843353713367,138.513735481795
-563.499976042052,137.760378346308
-564.157367636716,137.007772252749
-564.814553107183,136.254964918113
-565.471793808462,135.50221150586
-566.129019710689,134.749443645149
-566.786249578311,133.99667965589
-567.443478383408,133.243914629279
-568.100707473208,132.491149880626
-568.757936486722,131.738385057494
-569.415165520676,130.985620254318
-570.072394549154,130.232855445795
-570.729623579099,129.480090638705
-571.386852608651,128.727325831231
-572.044081638308,127.97456102386
-572.701310667937,127.221796216462
-573.358539697574,126.46903140907
-574.015768727209,125.716266601677
-574.672997756844,124.963501794285
-575.330226786478,124.210736986891
-575.987455816115,123.4579721795
-576.644684845744,122.705207372102
-577.301913875402,121.952442564727
-577.959142904951,121.199677757269
-578.616371934905,120.44691295012
-579.27360096335,119.694148141818
-579.930829997427,118.941383337818
-580.588059010482,118.18861851776
-581.245288101995,117.435853757635
-581.902516900701,116.683088773838
-582.559746792175,115.930324624796
-583.216972605382,115.177557360403
-583.874213638889,114.42480172266
-584.531397869465,113.672002693666
-586.075259472869,111.718772853914
-586.653797900434,110.905819776027
-587.229441605539,110.090649661419
-587.805731994036,109.275985082252
-588.382330371424,108.461515398046
-588.957050109855,107.645760598554
-589.537542837456,106.833967324756
-590.064058918129,105.985123566897
-590.571517497137,105.123198220014
-591.083859147745,104.264624747683
-591.594892383262,103.405153143272
-592.106276207546,102.545922192628
-592.617566091851,101.686626759
-593.128881147304,100.827348603539
-593.640189458146,99.9680658183953
-594.151499576283,99.1087842738134
-594.66280920985,98.2495023966677
-595.174118974401,97.3902206092157
-595.685428699587,96.5309387955525
-596.19673845125,95.6716569970405
-596.708048136371,94.8123751641352
-597.219358061182,93.9530934536517
-597.730667093774,93.0938112878741
-598.241979455553,92.2345308208513
-598.7532793928,91.3752440141033
-599.264625698991,90.5159808675014
-599.775798953939,89.6566294200403
-600.287618044912,88.7976075158697
-600.797026843032,87.9373557393966
-601.705940850076,86.1617965773628
-602.147780154718,85.2670671007685
-602.588574160318,84.3718048541748
-603.029693320621,83.47670628837
-603.470557161155,82.581485769409
-603.912117126065,81.6865893822839
-604.351147913236,80.7905184209714
-604.794792859322,79.8965899384411
-605.157930615532,78.9652809155379
-605.51871249355,78.0328780328183
-605.880124944952,77.100767932164
-606.241368434724,76.1685793807917
-606.602657197629,75.2364118502259
-606.963933829634,74.304238687152
-607.325213712104,73.3720670333041
-607.686492723615,72.4398949750603
-608.047771968498,71.5077230251741
-608.40905115085,70.5755510462535
-608.770330349957,69.6433790751127
-609.131609544574,68.7112071018872
-609.492888740394,67.7790351292204
-609.854167935892,66.8468631564039
-610.215447131477,65.9146911836275
-610.576726327037,64.98251921084
-610.938005522609,64.0503472380572
-611.299284718157,63.1181752652666
-611.660563913787,62.1860032925024
-612.021843109114,61.2538313196406
-612.383122305574,60.3216593471426
-612.744401497805,59.3894873732869
-613.105680705816,58.4573154044985
-613.466959854937,57.5251434167986
-613.82823922384,56.5929714996772
-614.189517772501,55.6607993191536
-614.550799382351,54.7286281216601
-614.912069567689,53.7964532554483
-615.273382389881,52.8642920810796
-615.634536089172,51.932079808057
-615.996283643213,51.0000582378066
-616.652319266732,49.1157819385798
-616.936901022523,48.1589803478678
-617.219727421116,47.2016150653631
-617.503024213675,46.2444008361608
-617.786194787571,45.2871460855415
-618.069399842153,44.3299023672881
-618.352593192652,43.372655040988
-618.635798878797,42.4154111145085
-618.91896692644,41.4581571967935
-619.202273192447,40.5009398442001
-619.485064223497,39.5435862223559
-619.745999709011,38.580452362479
-619.932815161123,37.5977156291811
-620.13397917285,36.618773726863
-620.331298499615,35.6388150026484
-620.529648006612,34.6591287350399
-620.727721477644,33.6793694629032
-620.925868912306,32.6996297522735
-621.12399652841,31.7198848001438
-621.322129455115,30.7401412525073
-621.520260957977,29.7603973283979
-621.71839284561,28.7806535056868
-621.916524618003,27.8009096538555
-622.114656466581,26.8211658171066
-622.31278812566,25.8414219491484
-622.510920466552,24.8616781909447
-622.709050269692,23.8819340249327
-622.907189542026,22.9021913803994
-623.105293475335,21.9224430577593
-623.303529295549,20.942715926068
-623.501272907169,19.9629097086883
-623.836524514572,17.9948033923338
-623.968336496324,17.0044036006487
-624.097539250189,16.0135845708909
-624.227441144617,15.0228778756418
-624.357155704681,14.0321410804304
-624.486920461639,13.0414123505599
-624.616671765384,12.0506814592879
-624.74642668509,11.0599511482812
-624.876180594161,10.0692206776148
-625.005934929813,9.07849026532176
-625.135688569776,8.08775977919499
-625.265444565913,7.09702953002982
-625.395191833045,6.10629840685195
-625.52497166002,5.1155705427633
-625.654629976628,4.12483051633048
-625.784741774864,3.13413588018512
-625.913161156953,2.14327184523406
-626.045765089445,1.15282665397926
-626.113437506126,0.155882280386685
-626.170742256041,-0.842099822823225
-626.230797769636,-1.83980659415952
-626.290116219051,-2.83758714043888
-626.349632161508,-3.83534791881962
-626.409095195977,-4.83311399385178
-626.468572369354,-5.83087865017686
-626.528045895085,-6.82864368467884
-626.587519872495,-7.82640862518029
-626.646995690836,-8.82417356350698
-626.706463693773,-9.82193860453323
-626.765961117394,-10.819703236936
-626.825348673683,-11.8174694011331
-626.885146278618,-12.8152298467762
-626.943413556299,-13.8130116348411
-626.964874606329,-15.8085126476861
-626.950109884753,-16.8073129459056
-626.933140374058,-17.8061439665597
-626.916763186686,-18.8049668221362
-626.90022149514,-19.8037916155885
-626.883745496967,-20.8026168226149
-626.867171229475,-21.8014384374694
-626.850924345886,-22.8002740074376
-626.833466196005,-23.7990573491228
-626.790562732411,-24.7967425296806
-626.691655957575,-25.7920107671449
-626.605849852072,-26.7878443919979
-626.5165334328,-27.7835265217566
-626.428157599268,-28.7792492445035
-626.339529736547,-29.774961090392
-626.250969404844,-30.7706758507258
-626.162390978259,-31.7663898301365
-626.073817400182,-32.7621040187947
-625.985242522957,-33.757818151386
-625.896667993814,-34.7535322989972
-625.808093371489,-35.749246442596
-625.719518773812,-36.7449605872244
-625.630944170726,-37.7406747317465
-625.542369564629,-38.7363888756646
-625.453794975983,-39.7321030221049
-625.365220320541,-40.7278171590602
-625.276645914835,-41.7235313314332
-625.188070576982,-42.7192453716207
-625.099498717981,-43.7149599051326
-625.010913875718,-44.710672597532
-624.922377487651,-45.7063921610574
-624.833660266064,-46.7020860811912
-624.745617924358,-47.6978757037654
-624.394834035873,-50.1667178195339
-624.227790663672,-51.1513045727448
-624.061476575419,-52.1359947430799
-623.89496708868,-53.1206572052509
-623.728509911936,-54.105327082954
-623.562038893699,-55.0899950066931
-623.395570931441,-56.0746633307557
-623.229104586759,-57.0593320074885
-623.062628715794,-58.0439988732169
-622.896189332382,-59.0286726302926
-622.729613525045,-60.0133206329837
-622.563546925854,-60.998064761866
-622.395579918003,-61.9824501403679
-622.226922798391,-62.9667052427962
-621.984618740874,-63.9370576185406
-621.749774589325,-64.9088182406666
-621.512931561997,-65.8802015243119
-621.276624131819,-66.8516859154984
-621.040173188817,-67.823143215001
-620.803760699961,-68.7946077736982
-620.567337907348,-69.7660703873005
-620.330917875615,-70.7375335220881
-620.09449710412,-71.7089965172291
-619.858076530791,-72.6804595497715
-619.621655904563,-73.6519225723548
-619.385235291763,-74.6233855973731
-619.148814678151,-75.5948486226106
-618.912394054357,-76.5663116445359
-618.675973472103,-77.5377746794912
-618.439552733872,-78.5092376656387
-618.203132578012,-79.4807008339873
-617.966710248643,-80.4521633223393
-617.730296030936,-81.4236283484764
-617.493851540095,-82.3950839034698
-617.257520030125,-83.3665748052531
-617.020766869803,-84.3379337910204
-616.404415659549,-86.2346213791566
-616.087951580951,-87.1810188918752
-615.771294778662,-88.1273492485898
-615.456198140101,-89.0741935479337
-615.133202056526,-90.0184405216984
-614.755703150946,-90.9447690031091
-614.383726658745,-91.8729130356268
-614.010270440339,-92.8005705926914
-613.637210713376,-93.7283585004613
-613.264044746846,-94.656111480863
-612.890907247139,-95.5838738200323
-612.51776211971,-96.5116336514996
-612.144619036344,-97.439394155007
-611.77147540445,-98.3671544780559
-611.398331922605,-99.294914850899
-611.025188389088,-100.222675205024
-610.652044912215,-101.150435584228
-610.278901260434,-102.078195881832
-609.905758251645,-103.005956480758
-609.532612845793,-103.933715955996
-609.1594763852,-104.861479624665
-608.786306540635,-105.789227643296
-608.413261286701,-106.71703406865
-608.039751054215,-107.644622517147
-607.667707962364,-108.572898745125
-607.250200268553,-109.479861665304
-606.819073511368,-110.380440117777
-606.39155696794,-111.28271099844
-605.96307320573,-112.184528459403
-605.53484810489,-113.086467170978
-605.106555577351,-113.988374299807
-604.678274095239,-114.890286509004
-604.250015858117,-115.792209979476
-603.821653595606,-116.694083324479
-602.940382394128,-118.485660658156
-602.458543565751,-119.361774756537
-601.974370001995,-120.236764231195
-601.490822028698,-121.112055047871
-601.007106428943,-121.987265120196
-600.523435744562,-122.862496827906
-600.039753025142,-123.737722738431
-599.556073530502,-124.612950202307
-599.072393171784,-125.488177249964
-598.588713044597,-126.363404409148
-598.105032855364,-127.238631538444
-597.621352682781,-128.113858675763
-597.137672505648,-128.989085810879
-596.653992330065,-129.864312946787
-596.170312152832,-130.739540081727
-595.686631980647,-131.614767219745
-595.202951789921,-132.48999434642
-594.71927166831,-133.36522151539
-594.23559128878,-134.240448526522
-593.751911871811,-135.115676126713
-593.268228862519,-135.990901528506
-592.784559259957,-136.866135134832
-592.300839622798,-137.741338121421
-591.817306717298,-138.616655382427
-591.333076919756,-139.491546165501
-590.576935298671,-140.785791997125
-590.059231002708,-141.640197400869
-589.542788833291,-142.49537526027
-589.025929856079,-143.350297773766
-588.509475983501,-144.205469215228
-587.991818500184,-145.059900290729
-587.478428583609,-145.916956686436
-586.922843268143,-146.748055133901
-586.360223380015,-147.574826020096
-585.799441019164,-148.402727324914
-585.238166294363,-149.230325734976
-584.677023498085,-150.058005305443
-584.115845351666,-150.885663129044
-583.554676677288,-151.713326779701
-582.993505464885,-152.540988869003
-582.432334932544,-153.368651376669
-581.87116421798,-154.196313772235
-581.309993552243,-155.023976197837
-580.748822873423,-155.851638615392
-580.187652198109,-156.679301035103
-579.626481521855,-157.506963454236
-579.065310845853,-158.334625873523
-578.504140169783,-159.16228829277
-577.942969493732,-159.989950712027
-577.381798817675,-160.817613131282
-576.82062814162,-161.645275550537
-576.259457465564,-162.472937969791
-575.698286789514,-163.30060038905
-575.137116113438,-164.128262808291
-574.575945437459,-164.9559252276
-574.014774761119,-165.783587646655
-573.453604086124,-166.611250066658
-572.892433406113,-167.43891248312
-572.331262744821,-168.266574912799
-571.770092013666,-169.094237293151
-571.208921543248,-169.921899857596
-570.647750099741,-170.749561734993
-570.086582287855,-171.577226176491
-569.525400922576,-172.404881048634
-568.964270139245,-173.232571634094
-568.402950581516,-174.060128935642
-567.826986149782,-174.877346243525
-567.241864056927,-175.688097797032
-566.659301131722,-176.500656247466
-566.076052474666,-177.312730537714
-565.492987577366,-178.124934571779
-564.909873372893,-178.937103790759
-564.326772637357,-179.749282526266
-563.743667333243,-180.561458010749
-563.143180822163,-181.360934510995
-562.536638087009,-182.155986252674
-561.931910438952,-182.952364121538
-561.326696439774,-183.748386655693
-560.721612757985,-184.544504401497
-560.116494157758,-185.340596635416
-559.511384913898,-186.136695705224
-558.906273163006,-186.932792943361
-558.301162083872,-187.728890672293
-557.696050824741,-188.524988269717
-557.09093961384,-189.321085902378
-556.485828390016,-190.117183525598
-555.880717169653,-190.913281151347
-555.275605948368,-191.709378776421
-554.670494727314,-192.505476401664
-554.065383506257,-193.301574026907
-553.460272284979,-194.097671651984
-552.855161064588,-194.893769277722
-552.250049840869,-195.689866900981
-551.644938629576,-196.485964533496
-551.039827371908,-197.282062131465
-550.434716287313,-198.078159858362
-549.829604556803,-198.874257104095
-549.224495236878,-199.670356145553
-548.61937692053,-200.466448485278
-548.014292179287,-201.262565836211
-547.40927822722,-202.058735920351
-546.805387596907,-202.855742804142
-546.201348203747,-203.652638869551
-545.597348671472,-204.449564628656
-544.993338458504,-205.246482431359
-544.38933110742,-206.043402365973
-543.785322989496,-206.840321729344
-543.181315077046,-207.637241245779
-542.57730710954,-208.4341607212
-541.973299156786,-209.231080207611
-541.36929120008,-210.027999691078
-540.76528324443,-210.824919175332
-540.161275288505,-211.621838659381
-539.557267332627,-212.418758143463
-538.953259376834,-213.215677627615
-538.349251420657,-214.012597111457
-537.745243465931,-214.809516596468
-537.141235505782,-215.606436077113
-536.537227565876,-216.403355574055
-535.93321955042,-217.200275010172
-535.32921181692,-217.997194673293
-534.725203031148,-218.794113489224
-534.121198172506,-219.591035466913
-533.517178657617,-220.387945644757
-532.913213840587,-221.184899860222
-532.309044888367,-221.981689725048
-531.700718935685,-222.775158215338
-530.770258012285,-223.951043553226
-530.132244735802,-224.721122085204
-529.495518495206,-225.492197899239
-528.858447394383,-226.263006492352
-528.221468698579,-227.033886687096
-527.584465242925,-227.80474769624
-526.947468421653,-228.57561384615
-526.310469822704,-229.346478618596
-525.673471700081,-230.117343760133
-525.036473449828,-230.888208802772
-524.399475233773,-231.65907387191
-523.762477008555,-232.429938933948
-523.125478785792,-233.200803997889
-522.488480562371,-233.971669061319
-521.851482339126,-234.742534124887
-521.214484115834,-235.513399188418
-520.577485892555,-236.284264251958
-519.940487669272,-237.055129315496
-519.30348944599,-237.825994379035
-518.666491222708,-238.596859442573
-518.029492999426,-239.367724506112
-517.392494776145,-240.13858956965
-516.755496552863,-240.909454633189
-516.118498329581,-241.680319696727
-515.481500106299,-242.451184760266
-514.844501883017,-243.222049823804
-514.207503659735,-243.992914887343
-513.570505436453,-244.763779950881
-512.933507213171,-245.53464501442
-512.296508989889,-246.305510077958
-511.659510766607,-247.076375141497
-511.022512543325,-247.847240205035
-510.385514320044,-248.618105268573
-509.748516096762,-249.388970332112
-509.11151787348,-250.15983539565
-508.474519650198,-250.930700459189
-507.837521426916,-251.701565522727
-507.200523203634,-252.472430586266
-506.563524980353,-253.243295649805
-505.926526757066,-254.01416071334
-505.289528533801,-254.785025776892
-504.652530310456,-255.555890840379
-504.01553208741,-256.326755904112
-503.378533863248,-257.097620966922
-502.741535643252,-257.868486033181
-502.104537407709,-258.639351086566
-501.467539230185,-259.410216187999
-500.830540836129,-260.181081110111
-500.193543250186,-260.951946701461
-499.556542648323,-261.722809795179
-498.919553302025,-262.49368221019
-498.282521949389,-263.264519837658
-497.645595406219,-264.035444263072
-497.007433831994,-264.805345897688
-496.369149378107,-265.575145769531
-495.730897536088,-266.344972648887
-495.092636955745,-267.114792291601
-494.454378716829,-267.884613873368
-493.81611985053,-268.654434935568
-493.177861152337,-269.424256136985
-492.539602409101,-270.194077301098
-491.901343677934,-270.963898475208
-491.263084943533,-271.733719646638
-490.624826209998,-272.503540818787
-489.986567476232,-273.273361990743
-489.348308742527,-274.043183162751
-488.710050008806,-274.813004334745
-488.071791275089,-275.582825506743
-487.433532541372,-276.352646678739
-486.795273807654,-277.122467850736
-486.157015073936,-277.892289022733
-485.518756340219,-278.66211019473
-484.880497606501,-279.431931366727
-484.242238872784,-280.201752538724
-483.603980139066,-280.971573710721
-482.965721405348,-281.741394882718
-482.327462671631,-282.511216054714
-481.689203937913,-283.281037226711
-481.050945204196,-284.050858398708
-480.412686470478,-284.820679570705
-479.77442773676,-285.590500742702
-479.136169003043,-286.360321914699
-478.497910269325,-287.130143086695
-477.85965153561,-287.899964258695
-477.221392801881,-288.669785430682
-476.583134068205,-289.439606602714
-475.944875334332,-290.209427774582
-475.306616601194,-290.979248947059
-474.668357865313,-291.749070117264
-474.030099139671,-292.518891295946
-473.391840375814,-293.288712442994
-472.753581754577,-294.058533708102
-472.115322601079,-294.828354532604
-471.477065434003,-295.598177001469
-470.838800853498,-296.36799333349
-470.20056218072,-297.137831111951
-469.562167983943,-297.907540147496
-468.923654055825,-298.677150069319
-468.285167777635,-299.446782879779
-467.64667409067,-300.216409557248
-467.00818238888,-300.986037878047
-466.369690155164,-301.755665758516
-465.731198063977,-302.525293756972
-465.092705934599,-303.294921723814
-464.454213815455,-304.064549699126
-463.815721693568,-304.834177672169
-463.177229572417,-305.60380564582
-462.538737451068,-306.373433619307
-461.900245329772,-307.143061592839
-461.261753208462,-307.912689566359
-460.623261087156,-308.682317539882
-459.984768965849,-309.451945513404
-459.346276844542,-310.221573486926
-458.707784723235,-310.991201460449
-458.069292601928,-311.760829433971
-457.430800480621,-312.530457407493
-456.792308359314,-313.300085381016
-456.153816238007,-314.069713354538
-455.5153241167,-314.83934132806
-454.876831995393,-315.608969301583
-454.238339874086,-316.378597275105
-453.599847752779,-317.148225248627
-452.961355631473,-317.917853222149
-452.322863510166,-318.687481195672
-451.684371388859,-319.457109169194
-451.045879267552,-320.226737142716
-450.407387146245,-320.996365116239
-449.768895024938,-321.765993089761
-449.130402903631,-322.535621063283
-448.491910782324,-323.305249036806
-447.853418661017,-324.074877010328
-447.21492653971,-324.84450498385
-446.576434418403,-325.614132957373
-445.937942297096,-326.383760930895
-445.299450175789,-327.153388904417
-444.660958054482,-327.92301687794
-444.022465933175,-328.692644851462
-443.383973811868,-329.462272824984
-442.745481690561,-330.231900798507
-442.106989569254,-331.001528772029
-441.468497447947,-331.771156745551
-440.83000532664,-332.540784719074
-440.191513205333,-333.310412692596
-439.553021084026,-334.080040666118
-438.914528962719,-334.849668639641
-438.276036841412,-335.619296613163
-437.637544720106,-336.388924586685
-436.999052598799,-337.158552560207
-436.360560477492,-337.92818053373
-435.722068356185,-338.697808507252
-435.083576234878,-339.467436480774
-434.445084113571,-340.237064454297
-433.806591992264,-341.006692427819
-433.168099870957,-341.776320401341
-432.52960774965,-342.545948374864
-431.891115628343,-343.315576348386
-431.252623507036,-344.085204321908
-430.614131385729,-344.854832295431
-429.975639264422,-345.624460268953
-429.337147143115,-346.394088242475
-428.698655021808,-347.163716215998
-428.060162900501,-347.93334418952
-427.421670779194,-348.702972163042
-426.783178657887,-349.472600136565
-426.14468653658,-350.242228110087
-425.506194415273,-351.011856083609
-424.867702293966,-351.781484057132
-424.229210172659,-352.551112030654
-423.590718051353,-353.320740004176
-422.952225930046,-354.090367977699
-422.313733808738,-354.859995951221
-421.675241687433,-355.629623924744
-421.03674956612,-356.399251898262
-420.398257444835,-357.168879871802
-419.759765323446,-357.938507845256
-419.121273202447,-358.708135819033
-418.482781079991,-359.477763791606
-417.844288962971,-360.247391768671
-417.205796825663,-361.017019728972
-416.567304764073,-361.786647751837
-415.9288124199,-362.55627554121
-415.290321130342,-363.325904201987
-414.651825904905,-364.09552961064
-414.01334536837,-364.865167156385
-413.375133694948,-365.635026857338
-412.737743204725,-366.405565082479
-412.100137044285,-367.175925104438
-411.462588672505,-367.946332875795
-410.8250248163,-368.71672785274
-410.187465109135,-369.487126257937
-409.549904290238,-370.257523744537
-408.912343769228,-371.027921477274
-408.2747831684,-371.798319144059
-407.637222588959,-372.568716828515
-406.999662003787,-373.339114508237
-406.362101420151,-374.109512189227
-405.724540836104,-374.879909869878
-405.086980252166,-375.650307550619
-404.4494196682,-376.420705231336
-403.811859084241,-377.19110291206
-403.17429850028,-377.961500592782
-402.536737916319,-378.731898273504
-401.899177332359,-379.502295954226
-401.261616748398,-380.272693634949
-400.624056164437,-381.043091315671
-399.986495580477,-381.813488996393
-399.348934996516,-382.583886677115
-398.711374412556,-383.354284357838
-398.073813828595,-384.12468203856
-397.436253244634,-384.895079719282
-396.798692660674,-385.665477400004
-396.161132076713,-386.435875080727
-395.523571492753,-387.206272761449
-394.886010908792,-387.976670442171
-394.248450324831,-388.747068122893
-393.610889740871,-389.517465803615
-392.97332915691,-390.287863484338
-392.33576857295,-391.05826116506
-391.698207988989,-391.828658845782
-391.060647405029,-392.599056526504
-390.423086821068,-393.369454207227
-389.785526237107,-394.139851887949
-389.147965653147,-394.910249568671
-388.510405069186,-395.680647249393
-387.872844485226,-396.451044930116
-387.235283901265,-397.221442610838
-386.597723317304,-397.99184029156
-385.960162733344,-398.762237972282
-385.322602149383,-399.532635653004
-384.685041565423,-400.303033333727
-384.047480981462,-401.073431014449
-383.409920397501,-401.843828695171
-382.772359813541,-402.614226375894
-382.13479922958,-403.384624056616
-381.49723864562,-404.155021737338
-380.859678061659,-404.92541941806
-380.222117477698,-405.695817098782
-379.584556893738,-406.466214779505
-378.946996309777,-407.236612460227
-378.309435725817,-408.007010140949
-377.671875141856,-408.777407821671
-377.034314557895,-409.547805502394
-376.396753973935,-410.318203183116
-375.759193389975,-411.088600863839
-375.121632806011,-411.858998544558
-374.484072222064,-412.629396225292
-373.846511638052,-413.399793905971
-373.208951054284,-414.170191586853
-372.571390469604,-414.940589266979
-371.933829888329,-415.710986949926
-371.296269294344,-416.481384622345
-370.658708747795,-417.251782334058
-370.021148024212,-418.02217989912
-369.383587961331,-418.792578011493
-368.746025432676,-419.562974081271
-368.108472106413,-420.333377774119
-367.470884436354,-421.103753017282
-366.833096780319,-421.873962596236
-366.1933370889,-422.642538582231
-365.55396686087,-423.41143719157
-364.91449227644,-424.180249354244
-364.275045654222,-424.949084680233
-363.635591539553,-425.71791379963
-362.996139432479,-426.486744582078
-362.356686787473,-427.255574918913
-361.717234286604,-428.024405375149
-361.077781747115,-428.793235799393
-360.438329217973,-429.562066232208
-359.798876686059,-430.330896662727
-359.159424154888,-431.099727093861
-358.519971623518,-431.86855752483
-357.880519092201,-432.637387955844
-357.241066560869,-433.406218386845
-356.601614029542,-434.17504881785
-355.962161498213,-434.943879248854
-355.322708966885,-435.712709679858
-354.683256435557,-436.481540110862
-354.043803904229,-437.250370541866
-353.404351372901,-438.01920097287
-352.764898841573,-438.788031403874
-352.125446310244,-439.556861834878
-351.485993778916,-440.325692265883
-350.846541247588,-441.094522696887
-350.20708871626,-441.863353127891
-349.567636184932,-442.632183558895
-348.928183653603,-443.401013989899
-348.288731122275,-444.169844420903
-347.649278590947,-444.938674851907
-347.009826059619,-445.707505282911
-346.370373528291,-446.476335713915
-345.730920996962,-447.245166144919
-345.091468465634,-448.013996575923
-344.452015934306,-448.782827006927
-343.812563402978,-449.551657437931
-343.173110871649,-450.320487868936
-342.533658340321,-451.08931829994
-341.894205808993,-451.858148730944
-341.254753277665,-452.626979161948
-340.615300746337,-453.395809592952
-339.975848215008,-454.164640023956
-339.33639568368,-454.93347045496
-338.696943152352,-455.702300885964
-338.057490621024,-456.471131316968
-337.418038089696,-457.239961747972
-336.778585558367,-458.008792178976
-336.139133027039,-458.77762260998
-335.499680495711,-459.546453040985
-334.860227964383,-460.315283471989
-334.220775433055,-461.084113902993
-333.581322901726,-461.852944333997
-332.941870370398,-462.621774765001
-332.30241783907,-463.390605196005
-331.662965307742,-464.159435627009
-331.023512776414,-464.928266058013
-330.384060245085,-465.697096489017
-329.744607713757,-466.465926920021
-329.105155182429,-467.234757351025
-328.465702651101,-468.003587782029
-327.826250119773,-468.772418213034
-327.186797588444,-469.541248644038
-326.547345057116,-470.310079075042
-325.907892525788,-471.078909506046
-325.26843999446,-471.84773993705
-324.628987463132,-472.616570368054
-323.989534931803,-473.385400799058
-323.350082400475,-474.154231230062
-322.710629869147,-474.923061661066
-322.071177337819,-475.69189209207
-321.43172480649,-476.460722523074
-320.792272275162,-477.229552954078
-320.152819743834,-477.998383385082
-319.513367212506,-478.767213816087
-318.873914681178,-479.536044247091
-318.234462149849,-480.304874678095
-317.595009618521,-481.073705109099
-316.955557087193,-481.842535540103
-316.316104555865,-482.611365971107
-315.676652024537,-483.380196402112
-315.037199493206,-484.149026833113
-314.397746961891,-484.917857264129
-313.758294430513,-485.686687695088
-313.118841899371,-486.455518126258
-312.479389367347,-487.224348556644
-311.839936838614,-487.993178989956
-311.200484297601,-488.762009412347
-310.561031802417,-489.530839875494
-309.921579136196,-490.29967018654
-309.282127108296,-491.068501065231
-308.642672698146,-491.837329825446
-308.003227178676,-492.606166491921
-307.363748478738,-493.374973651829
-306.724393609993,-494.143890931746
-306.084576596941,-494.912397238195
-305.446471262471,-495.682425697911
-304.800320185851,-496.445299274529
-304.133928903684,-497.19017362305
-303.135596998962,-498.308606069898
-302.444414214208,-499.031460563304
-301.756663292237,-499.757363809896
-301.067992805405,-500.482450145534
-300.379568715235,-501.207755371802
-299.691078603279,-501.933001946502
-299.002606181807,-502.658264236843
-298.314129020184,-503.383522316191
-297.62565312868,-504.108781523871
-296.937176896849,-504.834040429215
-296.248700756208,-505.559299415569
-295.560224591134,-506.284558380217
-294.871748432606,-507.009817350682
-294.183272272324,-507.735076319587
-293.494796112512,-508.460335288911
-292.806319952574,-509.185594258123
-292.117843792668,-509.910853227363
-291.42936763276,-510.636112196601
-290.74089147283,-511.361371165818
-290.052415312992,-512.086630135124
-289.363939152805,-512.811889104094
-288.675462993923,-513.53714807432
-287.986986830171,-514.262407039856
-287.298510684592,-514.987666022898
-286.610034471192,-515.712924940603
-285.921558510904,-516.438184102151
-285.233081605988,-517.163442353664
-284.54460822647,-517.888704001475
-283.85612168999,-518.613952974132
-283.16768425596,-519.339249251103
-282.479063569092,-520.064368985974
-281.790831377423,-520.789862989308
-281.097268274301,-521.510221299762
-280.40336911805,-522.230255863389
-279.70955963628,-522.950376817609
-279.015726126306,-523.670474623539
-278.321899054669,-524.390578632034
-277.628070257885,-525.110680978558
-276.934241923353,-525.830783770405
-276.240413464961,-526.550886442928
-275.546585039757,-527.270989147424
-274.85275660566,-527.991091843353
-274.158928173946,-528.711194541578
-273.465099741594,-529.431297239187
-272.771271309412,-530.151399936962
-272.077442877185,-530.871502634692
-271.38361444497,-531.591605332434
-270.689786012752,-532.311708030172
-269.995957580535,-533.031810727912
-269.302129148317,-533.751913425651
-268.608300716101,-534.472016123392
-267.914472283878,-535.192118821126
-267.220643851681,-535.912221518886
-266.52681541939,-536.632324216548
-265.832986987447,-537.352426914574
-265.139158554203,-538.072529611245
-264.445330125818,-538.792632312972
-263.751501679298,-539.51273499583
-263.057673300459,-540.232837749107
-262.36384466903,-540.952940239576
-261.670016980281,-541.673043710859
-260.9761857734,-542.393143521695
-260.282367696368,-543.113256993503
-259.588500618073,-543.833319481872
-258.89481641498,-544.553572243025
-258.200449712343,-545.273114896478
-257.13865640173,-546.331277098225
-256.397108553891,-547.001311420046
-255.642838353212,-547.658130128335
-254.891615483573,-548.318113469235
-254.139576084043,-548.977248849383
-253.387755473038,-549.63661143993
-252.635876237824,-550.295913149634
-251.88401271092,-550.955231172311
-251.132144974987,-551.61454482394
-250.38027836686,-552.273859646787
-249.628411456538,-552.933174155808
-248.876544627189,-553.592488748918
-248.124677776143,-554.251803319497
-247.372810930911,-554.911117896112
-246.620944084121,-555.57043247111
-245.869077237748,-556.229747046542
-245.117210391264,-556.889061621857
-244.36534354481,-557.548376197205
-243.613476698344,-558.207690772538
-242.861609851899,-558.867005347897
-242.109743005381,-559.526319923166
-241.357876159134,-560.185634498773
-240.606009311875,-560.844949073116
-239.854142468393,-561.504263652175
-239.102275610818,-562.163578213637
-238.350408805835,-562.822892840769
-237.598541804577,-563.482207222818
-236.846675535828,-564.141522519529
-236.09480653332,-564.800834402675
-235.342947733334,-565.46015902542
-234.591050857023,-566.119436103333
-233.83929608349,-566.778890620976
-232.292070004845,-568.043420409216
-231.514444598014,-568.670734464204
-230.734525843696,-569.295154405241
-229.950332346424,-569.914064681489
-229.130598742833,-570.487291898883
-228.317548719103,-571.069109843805
-227.502707833659,-571.64862590735
-226.688346815208,-572.228758768872
-225.873857190496,-572.808726319865
-225.059402123839,-573.388738314999
-224.24493743122,-573.968737844096
-223.430476684396,-574.548742793201
-222.616009780353,-575.12873852831
-221.801563559394,-575.708765699395
-220.987040763315,-576.288676340574
-220.172803584633,-576.869021665399
-219.357500511483,-577.447744785545
-218.945701442979,-577.731331681036
-217.277212462413,-578.830048212184
-216.434099658168,-579.366447166026
-215.590259144242,-579.9017385939
-214.74661386641,-580.437327194601
-213.902915353881,-580.972834629962
-213.059234544047,-581.508369553857
-212.215536158127,-582.043875688958
-211.371890373858,-582.579469490699
-210.528051759073,-583.114741414673
-209.681865932656,-583.646094817081
-208.800311773237,-584.118403184696
-207.925502200596,-584.60197118259
-207.048885421378,-585.082522171649
-206.172752881693,-585.563881565769
-205.296490590452,-586.045024348479
-204.4202630659,-586.526225171768
-203.544026226147,-587.007410444149
-202.667791880511,-587.488599879583
-201.791556873606,-587.969788213717
-200.915322017663,-588.450976789997
-200.039087219139,-588.932165498992
-199.162852039978,-589.413353434979
-198.286618325945,-589.894544330285
-197.410379132038,-590.375724161323
-196.534160392498,-590.856945290114
-195.657865315364,-591.338012292163
-194.781855134239,-591.819654503425
-193.904781706673,-592.299150004573
-192.106260850137,-593.166081813827
-191.199854424207,-593.586353562264
-190.29334885852,-594.006425145906
-189.386869859426,-594.426550368553
-188.480383733717,-594.84666119997
-187.573899547875,-595.266775957303
-186.667414729183,-595.686889402204
-185.760930502021,-596.107004170918
-184.854444541587,-596.527114956811
-183.947964922714,-596.947240350172
-183.041461670871,-597.367311296483
-182.135046609346,-597.787585423527
-181.228302419515,-598.207101274689
-180.322571617582,-598.628951861686
-179.395101811911,-599.00071814093
-178.460577788779,-599.356232267933
-177.527909258512,-599.716021249332
-176.59474355043,-600.074664786949
-175.661711060742,-600.433615245301
-174.728642875293,-600.792483464492
-173.795584254493,-601.151373719592
-172.862523070861,-601.510258070216
-171.929462573905,-601.869144002836
-170.996401893078,-602.22802951195
-170.063341261062,-602.58691513309
-169.13028061767,-602.945800729631
-168.197219970972,-603.304686312544
-167.264159348871,-603.663571974565
-166.33109863169,-604.022457333785
-165.398038270232,-604.381343825102
-164.464976580963,-604.740226090831
-163.531919847217,-605.099124126814
-162.598844619188,-605.457963307368
-161.665838412767,-605.817022139383
-159.781282405605,-606.471289620319
-158.822562343942,-606.748791295296
-157.863306508385,-607.024556344819
-156.899612612032,-607.285693728423
-155.924596109223,-607.509533679548
-154.952260001791,-607.742202971035
-153.979205684592,-607.972506447942
-153.006343811087,-608.203443842804
-152.03343037257,-608.434211380424
-151.060530750409,-608.665024429058
-150.087627427835,-608.895825290882
-149.114725090558,-609.12662938893
-148.141822512507,-609.357432728891
-147.168919912256,-609.588235864973
-146.196017641575,-609.819040574662
-145.223114074817,-610.049839193803
-144.250215362795,-610.280660601525
-143.277298527907,-610.511396945474
-142.304449329747,-610.742450755935
-141.331347707541,-610.972319764117
-140.359146660273,-611.206415799107
-139.381954087254,-611.417083119593
-138.400649310441,-611.608448997293
-137.420274148184,-611.804178205007
-136.439649896433,-611.998738261794
-135.459092388099,-612.193611592277
-134.478516995594,-612.388400978903
-133.497946396356,-612.583212867259
-132.517374508222,-612.778018692552
-131.536802982403,-612.972826268367
-130.55623129622,-613.167632905158
-129.575659889181,-613.362441547525
-128.595087525926,-613.557243106611
-127.614518708393,-613.752070993242
-126.633936664187,-613.946800652975
-124.668318466773,-614.306098267519
-123.679114399585,-614.449668453297
-122.690356647858,-614.596743750612
-121.697185823259,-614.711055974638
-120.702510862328,-614.814233476193
-119.708218268449,-614.920241345364
-118.71382321963,-615.025490819874
-117.719455623517,-615.130943505413
-116.72508067152,-615.236341741493
-115.730707690353,-615.34175456438
-114.736334181752,-615.4471634895
-113.741960812057,-615.552573418881
-112.747587414172,-615.657983228988
-111.753213990138,-615.763392511925
-110.758840698891,-615.868804022817
-109.764466902648,-615.974207149059
-108.770094993599,-616.079641585947
-107.775716040773,-616.184959164902
-106.781363370621,-616.290712769493
-105.286650721378,-616.386638327678
-104.288933483567,-616.430641592959
-103.290441133721,-616.450077134693
-102.29043798831,-616.419785476222
-101.290820465725,-616.402189258199
-100.291099615816,-616.38119130716
-99.2914064523798,-616.361104847736
-98.2917058703755,-616.34077415487
-97.2920072761706,-616.320508904157
-96.2923081493364,-616.300226118272
-95.2926091652198,-616.279948030922
-94.2929101428622,-616.259668684604
-93.2932111307512,-616.239389675625
-92.2935121158946,-616.219110576256
-91.2938131017737,-616.198831501108
-90.294114087456,-616.178552419467
-89.2944150731898,-616.158273339579
-88.294716058914,-616.137994259168
-87.2950170446253,-616.117715179097
-86.2953180303979,-616.09743609819
-85.2956190159378,-616.077157020289
-84.2959200023475,-616.056877931197
-83.2962209855106,-616.036598883865
-82.2965219807904,-616.01631968068
-81.29682293085,-615.996041059151
-80.2971240496739,-615.975760266852
-79.2974245386606,-615.955487575976
-78.2977273782317,-615.935184650176
-77.2980214453023,-615.914994562649
-76.2983482517906,-615.894383356955
-74.3048895761319,-615.787623871091
-72.8161467907581,-615.62330259601
-71.8219471329809,-615.532278599065
-70.8277575203086,-615.441132994687
-70.3280429521723,-615.424134114934
-69.3338686844278,-615.332868728067
-68.3396054172133,-615.242352544102
-67.3456763701814,-615.14901367317
-66.3507648410671,-615.06397433289
-65.3643839373128,-614.906870825688
-64.3805378797641,-614.728353668599
-63.3960394441329,-614.555347613601
-62.4117158126795,-614.380864863262
-61.4273453425975,-614.206777792198
-60.4429874228519,-614.032584699373
-59.4586261403896,-613.858420014316
-58.4742657584574,-613.684247719949
-57.4899051371214,-613.510077455052
-56.5055445728709,-613.335906681586
-55.521184019682,-613.161735912926
-54.536823365161,-612.987565633611
-53.552463104907,-612.813393392112
-52.5681013689172,-612.639228510004
-51.5837451416035,-612.465036152514
-50.5993683553213,-612.290946337161
-49.6150682962369,-612.116473828641
-47.6552419787795,-611.726825880788
-46.6802285985273,-611.506034089769
-45.7056174626612,-611.283236019464
-44.7308985457393,-611.060975530064
-43.7562085086543,-610.838570996333
-42.7815107332779,-610.616205059022
-41.80681503123,-610.39382878036
-40.8321187741596,-610.171455270684
-39.8574226638505,-609.949081026413
-38.8827265215187,-609.726706951537
-37.9080303605165,-609.504332933675
-36.9333343062188,-609.281958518364
-35.9586378437733,-609.059585635833
-34.9839429072145,-608.837207019633
-34.0092422752566,-608.614849805328
-33.0345628990086,-608.392412717111
-32.0598041953201,-608.170273722649
-31.0853415456836,-607.947022227077
-30.116888333311,-607.701201070671
-29.1595226966362,-607.413727548641
-28.1993292051848,-607.136902300173
-27.2397591334307,-606.857635505391
-26.2805232376643,-606.577486622302
-24.3894481981248,-605.936896716765
-23.450711783072,-605.593886703722
-22.512342518538,-605.249748597005
-21.5738748764056,-604.905912761856
-20.635433594148,-604.561995934112
-19.6969852499896,-604.218100805181
-18.7585387935595,-603.874199873593
-17.8200918481172,-603.530300453818
-16.8816449709951,-603.18640078945
-15.9431983096048,-602.842500591642
-15.0047507169669,-602.498602772184
-14.0663066335875,-602.154695972769
-13.1278494444219,-601.810822714829
-12.1894411691423,-601.466824270948
-11.250850344105,-601.123293029354
-10.3129408042128,-600.778018164555
-9.3730586808915,-600.437791761881
-8.45043806513528,-600.053387726011
-7.53245014819277,-599.657127155123
-6.6132648675664,-599.263931014931
-5.69440041957272,-598.869913763007
-4.77545000473213,-598.476116527313
-3.85652262464651,-598.082260338432
-2.93758907238794,-597.688419946069
-2.01865717406618,-597.29457532082
-1.09972483217014,-596.900731830596
-0.180792610634392,-596.506888033158
0.738139648768236,-596.113044329554
1.65707187706363,-595.719200557827
2.57600419192107,-595.32535696476
3.49493619163758,-594.931512725174
4.41386936535576,-594.537670893002
5.3327981582082,-594.143820077694
6.25174330052194,-593.750002787517
7.1706274258562,-593.356060379952
8.08973926964705,-592.962584916807
9.00800125659106,-592.567366793371
10.7888719785104,-591.664705836627
11.6771470758921,-591.207850910383
12.553884473091,-590.729164750688
13.4111983567495,-590.213633701942
14.2736063182397,-589.707765793349
15.1346493256883,-589.199308654155
15.9960580714715,-588.691545297211
16.857368817958,-588.183596041866
17.7187058232966,-587.675696597877
18.5800357925237,-587.167783806866
19.4413676473446,-586.659874592584
20.3026989959016,-586.151964418407
21.1640304839203,-585.644054507083
22.0253619203565,-585.136144504244
22.8866934236606,-584.628234604612
23.7480247110758,-584.120324383667
24.6093567951787,-583.612415344763
25.4706859084199,-583.104501899011
26.3320261084201,-582.596604898611
27.193324932246,-582.088646523651
28.0547781740099,-581.580917201576
28.9156551201961,-581.072333042521
30.5867674386314,-579.981305143539
31.4091644872064,-579.415643537361
32.2298742518597,-578.847480072555
33.0512526259014,-578.2803050301
33.8716438463112,-577.711678156868
34.6903174988807,-577.140528555559
35.4778199992081,-576.523587201317
36.2699670697991,-575.913468933216
37.0608696315387,-575.301522424694
37.8521056584201,-574.690065791717
38.643252333586,-574.078477896983
39.4344229504719,-573.46692517373
40.2255871521933,-572.855363026308
41.0167530728529,-572.243803404084
41.8079185329241,-571.632243105235
42.5990841164106,-571.020682987689
43.3902496668245,-570.409122821558
44.1814152261135,-569.797562668461
44.9725807829744,-569.186002511813
45.7637463406729,-568.574442356336
46.5549118974489,-567.962882199727
47.3460774570775,-567.351322046475
48.1372430062182,-566.739761880926
48.928408594458,-566.128201761207
49.7195740367891,-565.516641470467
50.5107400236557,-564.905081817981
51.3019039782893,-564.293519783498
52.0930755173193,-563.681966638751
52.8842187509968,-563.070380317056
53.6754676216877,-562.458917813415
54.4663222496776,-561.846993214508
55.2583602548319,-561.236455662578
56.0199687588494,-560.590251465605
56.7734803597233,-559.934556859259
57.5291384657205,-559.281378078538
58.2842176761225,-558.627521174963
59.0394659637818,-557.973860937176
59.7946168380073,-557.320092159091
60.5499882887108,-556.666560876414
62.0155372388171,-555.313704951533
62.7151220608675,-554.600388725806
63.4112641024066,-553.883382964542
64.1083287043031,-553.167365878501
64.8051458452811,-552.451083627105
65.5020302695758,-551.734873361909
66.1988930215222,-551.018640317266
66.895775179545,-550.30242640421
67.5926013856105,-549.586158744255
68.2896319934291,-548.87008694031
68.9859009461925,-548.153285459223
69.6771476656688,-547.431672673519
70.337223035386,-546.680197684881
71.0026897866696,-545.93388764848
71.6667119216158,-545.186193667297
72.331121140345,-544.438870513002
72.9954266402795,-543.691447995937
73.6597599316098,-542.944052103067
74.324085776152,-542.196649076183
74.9884136164505,-541.449247961163
75.6527409205119,-540.701846332699
76.3170683737653,-539.954444846148
76.981395766488,-539.207043305391
77.6457232521416,-538.459641839544
78.3100504266022,-537.712240128262
78.9743787529038,-536.964839323807
79.6387027830343,-536.217435137481
80.3030428460084,-535.470043571813
80.9673230737792,-534.722604905385
81.6318266095195,-533.975342021339
82.2954967485852,-533.227423108524
82.961976174627,-532.481715595451
83.6013114157066,-531.714640874152
84.2210332780734,-530.93212702649
84.8455422550306,-530.153381397739
85.4687033800102,-529.373575052049
86.09246879831,-528.594243355201
86.7151648953063,-527.814073779924
87.9109660016126,-526.215667182348
88.4803568212563,-525.393747817014
89.0485764126515,-524.570911127029
89.6171098337104,-523.748320233444
90.1855591643631,-522.925663478911
90.7540310269767,-522.103024371769
91.322496852153,-521.280380536012
91.8909642951176,-520.457737967323
92.4594313043662,-519.63509505898
93.0278984306906,-518.812452242182
93.5963655224279,-517.989809398857
94.164832635438,-517.167166570098
94.7332996979436,-516.344523709599
95.3017669411945,-515.521880961494
95.8702335119686,-514.699237795554
96.4387025919047,-513.876596188561
97.0071623076697,-513.053948763614
97.575656970957,-512.231323051537
98.1440212083263,-511.408616305935
98.7128722018453,-510.586211981559
99.2799065966834,-509.762679005806
99.8497649158385,-508.940895591489
100.36800744663,-508.087010461814
101.107944246295,-506.78395827767
101.581736701507,-505.903448592273
102.053508966086,-505.021728775504
102.525822539114,-504.140333212459
102.99799106898,-503.25885076589
103.470198463044,-502.377391599692
103.942395443477,-501.495926195537
104.414595214235,-500.614462462838
104.886794237326,-499.732998282272
105.358993460761,-498.851534221716
105.831192630483,-497.970070128989
106.303391814715,-497.088606044937
106.775590994621,-496.207141958355
107.247790177322,-495.325677873219
107.719989353168,-494.444213784827
108.192188553638,-493.562749708013
108.664387662467,-492.681285588143
109.136587113235,-491.79982162892
109.608785287892,-490.918357070166
110.080988225051,-490.036894748889
110.553173388313,-489.155424077235
110.995727844542,-488.260033071951
111.407945534272,-487.350390025041
111.827852201158,-486.44435923085
112.245706839077,-485.537364346616
112.664080615712,-484.630613569834
113.082429866447,-483.723850453288
113.916522928958,-481.909027534237
114.289309780566,-480.981161454546
114.661080510387,-480.052824756159
115.03312350922,-479.124614159671
115.405093553794,-478.196369774282
115.777083146394,-477.268134442599
116.149067501145,-476.339896684992
116.521053259268,-475.411659577374
116.893038641753,-474.483422295724
117.265024123416,-473.555185060213
117.637009584006,-472.62694781418
118.00899502971,-471.698710564096
118.380980556031,-470.770473340736
118.752965774768,-469.842236014533
119.124952143226,-468.913999072976
119.496934220385,-467.985760695678
119.868932313016,-467.057527676698
120.240870635058,-466.129274660191
120.872400026959,-464.235296994119
121.187523862508,-463.28804568829
121.502531210732,-462.340755994644
121.818040907269,-461.393632174935
122.131657697876,-460.445883247297
122.4442983722,-459.497811965207
122.697000713695,-458.529946633005
122.955887860323,-457.564123772339
123.213117793411,-456.597753633074
123.470791775529,-455.631530136667
123.728346775067,-454.665267347425
123.985933655892,-453.699015086666
124.243511994152,-452.732760004809
124.501092621385,-451.766505678863
124.75867263529,-450.800251150371
125.016252813534,-449.833996676151
125.273832947751,-448.86774218739
125.531413093736,-447.90148770252
125.788993236677,-446.935233216629
126.046573380025,-445.968978730931
126.304153524788,-445.002724245479
126.561733663485,-444.036469758851
126.81931382503,-443.070215276682
127.076893901252,-442.103960777853
127.334474295916,-441.137706341203
127.592053502133,-440.171451672498
127.849637143699,-439.205197869836
128.107204232315,-438.238940835056
128.364833097382,-437.272695862706
128.622231409593,-436.306405872751
128.879881458491,-435.340165036576
129.072604661053,-434.361246608566
129.266103149788,-433.382479559371
129.459383205531,-432.403669871285
129.805066167448,-430.438332992756
129.868554140929,-429.942379883464
130.054451318203,-428.454074870148
130.178430671558,-427.46180730492
130.302189353251,-426.469496886428
130.426007163738,-425.477197950433
130.549809130712,-424.484895937712
130.673615342943,-423.492594749398
130.797420417659,-422.500293340184
130.921225797178,-421.507991990161
131.045031095002,-420.515690624276
131.1688364148,-419.523389262647
131.2926417284,-418.531087899858
131.416447044816,-417.538786537451
131.540252356167,-416.546485174673
131.664057684961,-415.554183813001
131.787862949048,-414.561882447278
131.91166845452,-413.56958109665
132.035473059156,-412.57727968969
132.159281025754,-411.584978492965
132.283076445342,-410.592676511635
132.406918691005,-409.600377458488
132.530586179379,-408.608067477215
132.654905867443,-407.615798280019
132.771562387672,-406.623004242338
132.852568006979,-405.12744822767
132.858306750241,-404.12739146148
132.866661206538,-403.127477701914
132.874314784639,-402.127525623838
132.882156162487,-401.127583813176
132.889947219544,-400.127639251369
132.897751760017,-399.127695426729
132.905552687619,-398.127751404566
132.913354583288,-397.127807435328
132.921156219558,-396.12786345191
132.928957925358,-395.12791947229
132.936759612439,-394.127975491657
132.944561304863,-393.12803151128
132.952362994635,-392.128087530891
132.960164689673,-391.128143550294
132.967966366299,-390.128199570537
132.975768111307,-389.128255587632
132.983569601199,-388.128311616481
132.991372043173,-387.128367601459
132.999170931933,-386.128423750168
133.006983081468,-385.128479287821
133.014745741117,-384.128537105969
133.022693099537,-383.128586413196
133.029951152758,-382.128667483609
133.039774037037,-381.128630366634
133.037214484677,-380.129163845365
132.978462257751,-379.132287112227
132.926807481677,-378.135082671291
132.873559342901,-377.137953989171
132.819587204079,-376.140849979588
132.730729405182,-374.645122845064
132.637477020779,-373.649554388479
132.544842010644,-372.653961878086
132.452041575572,-371.658375812891
132.359285465979,-370.662788020711
132.266517479409,-369.667200691275
132.173752675266,-368.671613237847
132.080987018393,-367.676025817643
131.988221590013,-366.680438388536
131.895456100391,-365.684850961817
131.802690627242,-364.689263534449
131.709925149444,-363.69367610729
131.617159673771,-362.698088679944
131.524394194245,-361.702501253136
131.431628728006,-360.706913824361
131.338863212472,-359.711326402919
131.246097880831,-358.715738954109
131.153331862913,-357.720151607438
131.060568406212,-356.724563879582
130.967795390918,-355.728977574329
130.875058048779,-354.733385959846
130.782187572614,-353.737814159679
130.529439688264,-351.756559541785
130.345643493075,-350.77371276824
130.160122176978,-349.791099921615
129.975063105635,-348.808424394461
129.789880176183,-347.825765662505
129.604730434412,-346.843102430288
129.419571800028,-345.860440403913
129.234415548413,-344.877778054434
129.049258658336,-343.89511579153
128.864101939339,-342.912453505427
128.678945174481,-341.929791225545
128.493788421991,-340.94712894398
128.308631665888,-339.964466662924
128.123474911869,-338.981804381518
127.938318153127,-337.999142101003
127.753161411191,-337.016479817272
127.568004606758,-336.033817545513
127.382848035505,-335.051155229082
127.197690594028,-334.068493079368
127.012536400267,-333.085830307458
126.827370085868,-332.103169857617
126.64224885528,-331.120500770627
126.449404782018,-330.139311224511
126.250632583229,-329.159257387667
126.053398151394,-328.178908945694
125.855751676145,-327.198639442926
125.658215607596,-326.218348788463
125.460649955661,-325.238063801579
125.263092230571,-324.257777296072
125.065532381489,-323.277491197478
124.867973101529,-322.297204989853
124.670413669073,-321.316918811442
124.472854277478,-320.336632625204
124.275294874935,-319.356346441063
124.077735475325,-318.37606025636
123.880176074929,-317.395774071807
123.682616674744,-316.415487887214
123.485057274502,-315.435201702632
123.287497874276,-314.454915518047
123.089938474045,-313.474629333463
122.892379073816,-312.494343148879
122.694819673586,-311.514056964295
122.497260273356,-310.53377077971
122.299700873127,-309.553484595126
122.102141472897,-308.573198410542
121.904582072667,-307.592912225957
121.707022672437,-306.612626041373
121.509463272208,-305.632339856789
121.311903871978,-304.652053672204
121.114344471748,-303.67176748762
120.916785071518,-302.691481303036
120.719225671289,-301.711195118451
120.521666271059,-300.730908933867
120.324106870829,-299.750622749283
120.1265474706,-298.770336564698
119.92898807037,-297.790050380114
119.73142867014,-296.80976419553
119.53386926991,-295.829478010945
119.336309869681,-294.849191826361
119.138750469451,-293.868905641777
118.941191069221,-292.888619457192
118.743631668991,-291.908333272608
118.546072268762,-290.928047088024
118.348512868532,-289.94776090344
118.150953468303,-288.967474718855
117.953394068069,-287.987188534272
117.755834667857,-287.006902349684
117.558275267561,-286.026616165113
117.360715867579,-285.046329980477
117.163156466424,-284.066043796084
116.965597069647,-283.085757610788
116.768037656531,-282.105471428859
116.570478304395,-281.125185234365
116.372918724677,-280.144899086763
116.175359994306,-279.164612764159
115.97779809413,-278.184327094672
115.780248023826,-277.20403898772
115.582653803838,-276.223759977508
115.385170549862,-275.24345810351
115.18646679162,-274.263407706061
114.987619119066,-273.283386961171
114.788809549062,-272.303358365512
114.58998976951,-271.32333187346
114.391172725598,-270.343304817749
114.192354948673,-269.363277913069
113.993537368159,-268.383250967921
113.794719735017,-267.403224033616
113.595902115976,-266.423197096406
113.397084493157,-265.443170159974
113.19826687135,-264.463143223333
112.999449249272,-263.483116286749
112.800631627267,-262.503089350149
112.601814005242,-261.523062413554
112.402996383223,-260.543035476957
112.204178761202,-259.563008540361
112.005361139181,-258.582981603764
111.806543517161,-257.602954667168
111.60772589514,-256.622927730572
111.408908273119,-255.642900793975
111.210090651099,-254.662873857379
111.011273029078,-253.682846920783
110.812455407058,-252.702819984186
110.613637785037,-251.72279304759
110.414820163016,-250.742766110994
110.216002540996,-249.762739174397
110.017184918975,-248.782712237801
109.818367296954,-247.802685301204
109.619549674934,-246.822658364608
109.420732052913,-245.842631428012
109.221914430892,-244.862604491415
109.023096808872,-243.882577554819
108.824279186851,-242.902550618223
108.62546156483,-241.922523681626
108.42664394281,-240.94249674503
108.227826320789,-239.962469808434
108.029008698769,-238.982442871837
107.830191076748,-238.002415935241
107.631373454727,-237.022388998644
107.432555832707,-236.042362062048
107.233738210686,-235.062335125452
107.034920588665,-234.082308188855
106.836102966645,-233.102281252259
106.637285344624,-232.122254315663
106.438467722604,-231.142227379066
106.239650100581,-230.16220044247
106.04083247857,-229.182173505872
105.842014856512,-228.202146569284
105.643197234631,-227.222119632658
105.44437961209,-226.242092696171
105.24556199201,-225.262065759164
105.046744362748,-224.282038824102
104.84792676775,-223.302011881779
104.649109044881,-222.321984966555
104.450291799231,-221.341957950197
104.251472772577,-220.361931311273
104.052660392719,-219.381903263748
103.853823206681,-218.401880473196
103.655078598569,-217.421838063349
103.455988484932,-216.441868873712
103.258182905794,-215.461627463421
102.943247285809,-213.995148609889
102.841567002875,-213.505598539245
102.625727264441,-212.529217963368
102.400346729009,-211.554934316586
102.177241472463,-210.580150710294
101.953526556778,-209.60550106775
101.729974998766,-208.630815529727
101.506379669198,-207.656139609869
101.282796068183,-206.681461112831
101.059209324511,-205.706783306347
100.835623422912,-204.732105314829
100.61203729568,-203.757427372891
100.388451228906,-202.782749417668
100.164865145933,-201.808071466004
99.9412790673003,-200.833393513387
99.7176929875046,-199.858715561026
99.4941069080199,-198.884037608596
99.2705208284543,-197.909359656184
99.0469347489013,-196.934681703769
98.8233486693789,-195.960003751346
98.5997625897216,-194.985325798959
98.376176510573,-194.010647846437
98.1525904295248,-193.035969894419
97.929004355566,-192.061291940519
97.7054182551492,-191.086613993642
97.4818322534751,-190.111936020558
97.2582458832883,-189.137258145277
97.0346608884096,-188.162579904993
96.8110707608112,-187.187903026916
96.5874997887831,-186.213221065015
96.363857327194,-185.238558076202
96.0296022893028,-183.776303988295
95.9161102882293,-183.289354742537
95.4122359252374,-181.355169810544
95.153313692532,-180.389869978744
94.8933575625221,-179.424844594732
94.6336890196174,-178.459742684721
94.3739040255965,-177.494672430917
94.1142972489351,-176.529552078283
93.854094053952,-175.564600464763
93.5838396285922,-174.60249416131
93.2703866956465,-173.652616409843
92.9678698581599,-172.699642889217
92.6624227027267,-171.747498877436
92.3577607236209,-170.795132599431
92.0528883571522,-169.842825877481
91.7480723638075,-168.890503197533
91.4432412653298,-167.938184793519
91.1384142142602,-166.985865243771
90.8335860786911,-166.033546001022
90.528758233712,-165.081226676013
90.2239303108724,-164.128907373045
89.9191024088848,-163.176588064174
89.6142745013497,-162.224268756871
89.3094465951526,-161.2719494492
89.0046186891511,-160.319630141435
88.699790781029,-159.367310834415
88.3949628811937,-158.414991524507
88.090134950332,-157.462672225404
87.7853071352888,-156.510352885971
87.4804788879983,-155.558033697052
87.1756522538783,-154.605713946408
86.8708195993237,-153.653396292149
86.566009413337,-152.701070814076
86.2611153735131,-151.748774534875
85.9565342804702,-150.796369283998
85.6507852541407,-149.844370720954
85.1574014130976,-148.428650327086
84.8174552253328,-147.488559609848
84.4762426129515,-146.548909876261
84.1353693382162,-145.609141981387
83.7944051375133,-144.66940574801
83.4534653030353,-143.729661029933
83.112518929625,-142.789918589158
82.7715743457188,-141.850175523873
82.4306291427287,-140.910432679329
82.0896846265699,-139.970689576329
81.7487379821699,-139.030947286413
81.4077991639035,-138.091202002619
81.0668311693441,-137.151467881251
80.725972053823,-136.211692104055
80.3847065984415,-135.272071787747
80.0382999387863,-134.334418436269
79.6501959036693,-133.412718014603
79.2713771707791,-132.487465144538
78.8900704486557,-131.563164150153
78.5094303812381,-130.638608101449
78.1286116842305,-129.714120394343
77.7478408508773,-128.789614375161
77.3670571924965,-127.865113262685
76.9862769705715,-126.940610835461
76.6054958278511,-126.016108760523
76.2247149318563,-125.09160659119
75.8439339697544,-124.167104447149
75.4631530253555,-123.242602296336
75.082372076252,-122.31810014732
74.7015911282637,-121.393597997888
74.3208101805191,-120.469095848322
73.9400292306844,-119.544593699709
73.5592482889664,-118.620091547418
73.1784673168716,-117.695589408885
72.7976864581675,-116.771087219
72.4169051762775,-115.846585220764
72.0361254737402,-114.922082507281
71.6553398769782,-113.99758246314
71.2745762777623,-113.073072456877
70.8937305825865,-112.148599629762
70.2758212452766,-110.783341996811
69.8493815293002,-109.879517528553
69.4209072247906,-108.976614473091
68.9929780866275,-108.073464525818
68.5649028716119,-107.170380732992
68.1368667976597,-106.26727921419
67.7088202363064,-105.364182444845
67.2807764834939,-104.46108440365
66.8527319839193,-103.557986700397
66.4246876628526,-102.654888917227
65.9966433745163,-101.751791115781
65.5685987767505,-100.848693467355
65.1405553839723,-99.9455952251248
64.7125074806731,-99.0424992050936
64.2844764144701,-98.1393948900701
63.8563825104036,-97.2363215328168
63.4285231206949,-96.3331326394747
62.9997885114184,-95.4303749327177
62.573857924147,-94.526235793556
62.1146082806399,-93.6385116553782
61.6386711638467,-92.759008785188
61.166967889708,-91.8774200656614
60.6941301608493,-90.99639024778
60.2215964082166,-90.1152106726541
59.7489812053996,-89.2340712248609
59.2763878270938,-88.3529210249813
58.8037886009276,-87.4717737061147
58.3311909416916,-86.5906256152826
57.8585928625953,-85.7094777312995
57.3859948960101,-84.8283297918858
56.9133968992409,-83.9471818673455
56.4407989106963,-83.066033938742
55.9682009194375,-82.1848860115183
55.4956029308109,-81.3037380828384
55.0230049343695,-80.4225901586036
54.5504069665553,-79.5414422180446
54.0778088920472,-78.6602943383372
53.6052112156871,-77.7791462315475
53.1326120534291,-76.8979989722356
52.660018436615,-76.0168485500948
52.1874041239228,-75.1357099317917
51.7148670492992,-74.2545272609668
51.2420417182793,-73.3735089963911
50.2506992536606,-71.6379865906008
49.7433052754662,-70.7766844596192
49.2346863888164,-69.9160809518329
48.7263957153981,-69.0552902485257
48.2180170975094,-68.1945497041071
47.7096620442705,-67.3337957196548
47.2013006769028,-66.4730453364487
46.6929410014008,-65.6122939882915
46.1845808725649,-64.7515428986922
45.6762208651987,-63.8907917398129
45.1678608252875,-63.0300405994954
44.6595007940866,-62.1692894542106
44.1511407605896,-61.3085383102335
43.6427807275665,-60.4477871659928
43.134420694944,-59.5870360214988
42.6260606602452,-58.7262848782814
42.1177006334513,-57.865533730211
41.6093405771137,-57.0047826002761
41.1009806310461,-56.1440314026522
40.5926202734425,-55.2832804576489
40.0842614517126,-54.4225285698522
39.5758968980238,-53.5617802006084
39.0675537362971,-52.7010186999462
38.559130738681,-51.840306206405
38.0510056926603,-50.979410815798
37.5417686761473,-50.119198006333
37.0287333218016,-49.2613170961465
36.4789142158071,-48.4260166213072
35.9350496347151,-47.5870629041643
35.3897460271913,-46.7489845444567
34.8442440004923,-45.9110579973112
34.2966194151978,-45.0745301797996
33.7279064082656,-44.251955434168
33.1627476858301,-43.4270288634502
32.5966365957031,-42.6027324623867
32.0307806918455,-41.7782672077922
31.4648564106015,-40.9538471976678
30.8989504526337,-40.1294150631937
30.3330395789476,-39.3049861816481
29.7671300448587,-38.4805564127383
29.201220068099,-37.656126940357
28.6353105224253,-36.8316971692259
28.0693996950785,-36.0072682965653
27.5034935633383,-35.1828361287729
26.9375699308447,-34.3584162430369
26.3717116057582,-33.5339505242071
25.8056095517964,-32.7096558556958
25.2402971451605,-31.8848070081605
24.6639133267535,-31.0677281409466
24.0819415861508,-30.2545709095995
23.5013958148999,-29.440412924779
22.9204679564804,-28.62652309092
22.3396424773837,-27.8125614066884
21.7587895681643,-26.9986189729857
21.1779440001129,-26.1846713875401
20.5970964975122,-25.3707251585371
20.0162493919407,-24.5567786555067
19.4354026328016,-23.7428318921431
18.8545540909039,-22.9288864441397
18.2737123336081,-22.1149359950287
17.6928452206631,-21.3010042349883
17.1120727457132,-20.4870027197728
16.5309470744324,-19.6732615361868
15.6531445698916,-18.4572553052139
15.049481367038,-17.6601259368044
14.4484703901467,-16.86104168319
13.8467487547719,-16.0624812369653
13.2452175273686,-15.2637804463864
12.6436353265629,-14.4651172258349
12.0420666113954,-13.6664440695279
11.4404949270775,-12.8677730862157
10.8389216337227,-12.0691033466796
10.2373577456661,-11.2704264590444
9.63575784545368,-10.4717769200294
9.03429258856647,-9.67302513463286
8.43232477053409,-8.87465498614202
7.83056002870074,-8.07613062484496
7.21291416275532,-7.28966613195167
6.59616897579503,-6.5025176780248
5.9791824526433,-5.71555249089295
5.36226059527221,-4.92853819761462
4.74532141097,-4.14153706212716
4.12838686861161,-3.35453240162274
3.51145108540907,-2.56752868339526
3.20143931293189,-2.17523708337563
1.2165,0.24
