688.8854535685621,-428.83156730000553,-4.6543906474117796e-20
689.5670188009657,-428.0998099401193,0.0006515759211069133
690.2481332734528,-427.3676329937575,0.0010825018653196896
690.9284652851933,-426.63472895025524,0.0014190933289857188
691.6076915591582,-425.90079996249267,0.002331828180018735
692.2854440662387,-425.16551002379657,0.00108071527176235
692.9615403815585,-424.42869643627034,0.007784775908636225
693.6349843894942,-423.68945699555604,-0.014686923164308925
694.3103586711425,-422.95199391424075,0.015268862479314988
694.9768939443309,-422.20650269107097,0.002723772130343164
695.6408256807823,-421.45871399639884,0.0024218205686450697
696.3026342556084,-420.70904173838426,0.005400529157403532
696.9606893570424,-419.9560720070169,0.005586320187470703
697.6144493687682,-419.1993699108454,0.0061208815907937445
698.2635856259526,-418.43869777855593,0.006576960459001767
698.9076995273869,-417.6737681214628,0.007053801141605967
699.5464030148447,-416.9043151297863,0.007528344741609756
700.1792952711022,-416.1300752032457,0.00800547052085918
700.8059691449567,-415.3507935322504,0.008483782562109608
701.4260092322929,-414.56622335805815,0.008962606992677013
702.0389925676316,-413.77612747641217,0.009443109541692555
702.6444881942452,-412.98027880584783,0.009918106126129604
703.2420591980906,-412.17846275662606,0.010411120773877435
703.8312575862766,-411.37047429990446,0.010820538606503508
704.411692532364,-410.55616771147027,0.011044311959752725
704.9830938999158,-409.7354967902862,0.011286474021604669
705.5452064776106,-408.9084363985783,0.011423664078110372
706.097798348756,-408.07498326254586,0.011965595041169813
706.6405120596946,-407.23506863769745,0.01101439160798516
707.1734388429578,-406.388899143258,0.015632451179904198
707.6949649612636,-405.53567934826697,-0.0004758407967339554
708.2139096465278,-404.6808131608527,0.012968905277549774
708.721730667954,-403.81941019502494,0.024371143003723814
709.2109150467804,-402.947201476758,0.01011778352693202
709.6896816453781,-402.06927093690484,0.01422704022769375
710.1563413261514,-401.18482900292776,0.013452511049943144
710.6109219937752,-400.29412723014855,0.01384641386332986
711.0532460106689,-399.39726487846025,0.01444707788042573
711.4822314469185,-398.4939691456508,0.013040422819495206
711.9007890976984,-397.58574811192926,0.0043637164025758825
712.312932378113,-396.6746134849391,0.026308468779740794
712.70403223204,-395.75429845951857,0.015228874673301763
713.0792357936904,-394.82733925359656,0.01535200926265282
713.4407013812208,-393.8949621128317,0.015024572988669667
713.787706665377,-392.95709093625413,0.01748680435179126
714.11938610756,-392.0137121875685,0.009075990483765551
714.440771525577,-391.0667176887312,0.016026619918266802
714.7469401465991,-390.11476762993215,0.022161796968412036
715.0334915279558,-389.15668830006473,0.013999765051189522
715.3055860978317,-388.19442436349595,0.01623194059725224
715.5623351553579,-387.2279419905903,0.0157116281528727
715.8036749464318,-386.2575064545885,0.015782005121208025
716.0301663638251,-385.2834828698105,0.012887986224744762
716.2432612391696,-384.30643385583096,0.018353268925260634
716.4389858762817,-383.3257813013136,0.016406441240928455
716.6182906976547,-382.34198316212746,0.015824888143116677
716.7820591875861,-381.3554858097507,0.01609523380745149
716.9299250021709,-380.36647786159944,0.016010458415542994
717.061909837489,-379.3752244273428,0.016397923358884323
717.1777270103103,-378.3819577139472,0.015345999307267127
717.2781589429783,-377.3869982579515,0.01576413850844191
717.3628563350444,-376.3905818537702,0.0173880465853053
717.4306600889104,-375.3928826001727,0.015936368146475376
717.4822803620407,-374.39421552310245,0.01637096075240039
717.5176219215505,-373.3948397286728,0.016301222148073117
717.5366474047397,-372.3950202574638,0.01636650413185493
717.5393027011216,-371.39502326911554,0.016462255010813852
717.5255301056235,-370.3951179132908,0.016349378504223508
717.4953941073925,-369.3955567080507,0.016347734471841163
717.448916766822,-368.3966275155877,0.016515018435527298
717.3859420714925,-367.39861381038736,0.016747183186210178
717.306274360204,-366.4017912304062,0.016793820579765528
717.2098741306623,-365.40644805599015,0.01692193680023753
717.0966435557483,-364.41287897383216,0.016973463125975967
716.9665770255765,-363.4213728236429,0.017244761286003444
716.8193593314257,-362.43226658565635,0.01777711941147199
716.6547457309099,-361.4458892502511,0.016308696762062758
716.4738362079175,-360.46238219661655,0.017379665827317106
716.2759950010648,-359.48215017599534,0.017665751658120087
716.0608438605675,-358.50556779994605,0.01772899550682903
715.8284099881846,-357.5329549447607,0.01797507842501179
715.5785591712819,-356.56467063874186,0.01782307436485863
715.3113960780338,-355.60101729872355,0.019014066280153837
715.0260905821272,-354.6425758142962,0.01848558861228024
714.7231542858694,-353.68953873307356,0.016506995419965833
714.4038648942163,-352.74188219972945,0.019212369991972122
714.0669173118641,-351.8003576373176,0.01859205557808601
713.7123939273882,-350.8653096438791,0.018820503740547695
713.3403640086981,-349.9370880859373,0.01886361714141637
712.9508987848292,-349.01604589273205,0.0188526369814691
712.5440862543995,-348.10253399249547,0.01925160881985385
712.1199067287691,-347.19693740393785,0.018448100107641405
711.6790757468559,-346.2993267946658,0.01840438286257026
711.2217147947491,-345.4100493657486,0.01941016285694709
710.7472631845776,-344.5297651878733,0.01925502312744402
710.2559262902407,-343.6587946307311,0.01944745072344935
709.7477447219708,-342.79754467060843,0.019481784130834696
709.2229271626916,-341.9463258224315,0.019398290306624214
708.6815397676285,-341.1055580599854,0.019673169602443006
708.1243903222171,-340.27513268854017,0.014640412802100284
707.5539565254203,-339.4537511420357,0.0213218047058935
706.9665210418013,-338.64449406131394,0.020579583574993753
706.3624706887114,-337.84753567148965,0.019058710612873175
705.74332612037,-337.06226509032797,0.01933269599017329
705.1090845139195,-336.28911902120296,0.020072256651235864
704.4595681537252,-335.5287906925238,0.017347127905517144
703.796914236361,-334.7798170270933,0.016691136739270335
703.1215406665908,-334.0423280490274,0.025046034696844147
702.4293637037206,-333.32060479374155,0.019129611939402564
701.7227523468061,-332.6129988560776,0.019911095200964825
701.0022371797473,-331.9195566669333,0.0211236732301642
700.267692711412,-331.2410051522617,0.01674435922801853
699.5211439991035,-330.5756148991286,0.02071858630534059
698.7610304706168,-329.92583087036627,0.023293608083213364
697.9863403512203,-329.29347835210103,0.020300906692939207
697.1987480915678,-328.6772882854374,0.021425782336477947
696.3981923400391,-328.0780173799251,0.021354018835464148
695.5849922131846,-327.4959867620289,0.02156450851384368
694.7594140287077,-326.9316858582216,0.022381248502939963
693.9215298154087,-326.38584853904416,0.0213207821578617
693.0718377316025,-325.8585500538004,0.026750393205799965
692.2088912199121,-325.35327556305356,0.022993068238197793
691.3344975952926,-324.867944007924,0.01937275168736606
690.4504054562124,-324.4006757478693,0.02445647213228867
689.5555480158835,-323.95427403153093,0.023838091055801276
688.6497798901509,-323.53058133606277,0.030744508434243503
687.7321816913197,-323.1329803807194,0.014585805170068467
686.8079434362957,-322.75108360474724,0.022850599276857675
685.8757817055018,-322.3890749990659,0.023534745110648687
684.9353537515082,-322.04908818752307,0.02043191628806524
683.9877393359857,-321.72963156901,0.029596739264794992
683.0318439282332,-321.4360211143531,0.01933820920154377
682.070320834166,-321.1610664793113,0.013627477048429582
681.1048707677702,-320.90056481460323,0.021177763007157267
680.13429786764,-320.65971157953857,0.018276715012789685
679.1594497873351,-320.43687767924143,0.01757429267225063
678.1808416385838,-320.23108626731363,0.018396332351902262
677.1985641662143,-320.0437642121023,0.020216386486442573
676.2128146427136,-319.8754025315026,0.00847817764269318
675.2253279014451,-319.71763640227306,0.01536944372659592
674.2357483817788,-319.5736824605502,0.013746495538288432
673.2442293915594,-319.44370454617837,0.013174954931993136
672.2510975306532,-319.3267091600027,0.01236558406395568
671.2565912971529,-319.22202815117146,0.011625478694969335
670.2609360433557,-319.12891128144446,0.01089097598448409
669.2643255702988,-319.0466444737664,0.010157277706076566
668.2669303191298,-318.9745112390123,0.009490184197290218
667.2688971245714,-318.9118272486243,0.008641927983647647
666.2703542040431,-318.8578419340553,0.008503784720239393
665.2714033018539,-318.81210922149705,0.005873900803673824
664.2721585792107,-318.77306359257494,0.012194290022022457
663.272564874571,-318.7450703549112,0.00733362511115695
662.2727671593495,-318.72430202139947,-0.0014406510267337559
661.2729680592032,-318.70436397471497,0.006842829341592963
660.2730736963955,-318.68976291764375,0.0038639363362396144
659.2731263918473,-318.6795205688798,0.004430209786186609
658.2731439770849,-318.67357160869784,0.004064877470791547
657.2731456558889,-318.67172762671595,0.003960600916691961
656.2731478384524,-318.67383294435945,0.0037863466763209844
655.2731651851041,-318.67972810469223,0.0036336968111735793
654.2732105502813,-318.6892559174099,0.0034752461738028952
653.2732950873497,-318.70226041029616,0.00332782424115038
652.2734283745265,-318.7185880287068,0.0031500796476775362
651.2736184642744,-318.73808636560807,0.0031288131240275593
650.2738747777344,-318.7607271475104,0.0032400687711531297
649.2742096270262,-318.7866041780734,0.003343971009293881
648.2746366172506,-318.81582470675363,0.003450654781179234
647.2751703856768,-318.848494123349,0.003557708604658314
646.2758267104984,-318.8847192418263,0.0036655235506833205
645.2766225347259,-318.924607274889,0.0037740597887810255
644.2775760170077,-318.9682661298379,0.0038833081335057783
643.2787065751365,-319.01580430383297,0.003993269705615152
642.2800349324256,-319.06733089402456,0.0041039348541626495
641.2815831638638,-319.12295557039334,0.004215295356564486
640.2833747428639,-319.18278855538756,0.004327339296465543
639.2854345882545,-319.2469405974648,0.004440052704281991
638.2877891115028,-319.3155229420143,0.004553418849977393
637.2904662640358,-319.3886472984751,0.004667418291936055
636.2934955845514,-319.46642580377915,0.004782028692718254
635.2969082461865,-319.54897098188087,0.004897224702580419
634.3007371034053,-319.63639569924214,0.0050129778196554035
633.3050167384467,-319.7288131161086,0.005129256264791
632.3097835071708,-319.82633663343427,0.00524602483493126
631.3150755841149,-319.92907983530046,0.005363244832409138
630.320933006576,-320.0371564267235,0.005480873719358945
629.327397717481,-320.15068016659734,0.005598865820557504
628.3345136069191,-320.26976479611614,0.005717169140827619
627.34232655174,-320.39452396083834,0.005835736678705647
626.3508844542985,-320.52507113274004,0.005954483690513544
625.3602372751187,-320.6615195081703,0.00607344704351373
624.3704370776828,-320.8039819711356,0.006192187694848271
623.3815380161585,-320.95257078828183,0.00631203329549009
622.3935965225729,-321.1073982790879,0.006427645048490943
621.406670735854,-321.26857382599775,0.006558779621211807
620.4208227401474,-321.43621450025444,0.006630484154582899
619.4361103179242,-321.61040493032976,0.006925610489177872
618.4526177395284,-321.79134620928005,0.006373543364986296
617.4703411879976,-321.978800932237,0.009028678736220533
616.4896151141494,-322.17415755562257,-0.00047832133376641157
615.5090727105265,-322.37055544101054,0.005525468233555191
614.5297042515425,-322.5725474325446,0.01724624969586519
613.5532572082292,-322.78834176762433,0.00486457430304516
612.5782956454176,-323.0106999119215,0.008280205534421409
611.6050926207965,-323.2406527866961,0.00751955087085276
610.6336777111101,-323.4780387565933,0.007860237097139788
609.6641500518701,-323.7230210677419,0.007908558331396537
608.6965927193776,-323.9756721972927,0.008021230797392054
607.7310903510443,-324.2360663686012,0.00802617781994936
606.7677085284151,-324.504199428164,0.008008822668953142
605.8065048547976,-324.7800390504606,0.007997757284593243
604.8475389213179,-325.0635596935897,0.007973208095540057
603.8908605748052,-325.3547080601031,0.007996504578121887
602.9365529287747,-325.65352932404727,0.007812078284278305
601.984567323053,-325.95968366079757,0.008488164514593177
601.0353563643272,-326.2743011217774,0.005578049246655578
600.0873237045928,-326.59250922022744,-0.0051198415014906025
599.1386890799056,-326.9089043812214,0.023513219895373447
598.1961077707696,-327.2428113127316,0.006814232958695792
597.2568411052123,-327.5860279414023,0.007709153446890904
596.3199737907802,-327.93570321348636,0.007294749438474724
595.3857578664091,-328.292414300029,0.007290527796419563
594.4541465409046,-328.6558693964154,0.007162975336198912
593.5251682285483,-329.0260038018003,0.007071790998433884
592.5988292190672,-329.40269460723516,0.006973504658498219
591.6751395184162,-329.78583597392947,0.006867872617199585
590.754104794087,-330.17531654344697,0.006803145611771183
589.8357336842,-330.5710364029343,0.006585575587976035
588.9200169618272,-330.97286187197716,0.006943284337685479
588.0070038061486,-331.38078932686574,0.005156021180492437
587.0965179908491,-331.7943354426001,0.011375381029275678
586.189219150997,-332.21481670632375,-0.012250568516604029
585.2792913652396,-332.6296446811151,0.00906512852224267
584.3730689349683,-333.0523357912404,0.01900047972688198
583.4738669525577,-333.4899232014191,0.0025680034210188094
582.576554059145,-333.9312995827677,0.006878927645244938
581.6820865030426,-334.37843880358406,0.005603270326669725
580.7901973665194,-334.83069089507006,0.005834927612888537
579.9009458963443,-335.28811019943055,0.005660946450034206
579.014302673195,-335.75056413455934,0.005597609634815011
578.1302607236113,-336.2179717814106,0.005505464629557808
577.2488058350658,-336.6902400203738,0.005422245481279197
576.3699245821155,-337.1672806595282,0.00533759380091876
575.4936021210102,-337.6490056596991,0.005254844396453869
574.6198232417082,-338.1353290864602,0.005171206753512794
573.7485706272355,-338.62616406301174,0.005094004013696366
572.8798308811297,-339.1214327611596,0.00499844044966899
572.0135728137349,-339.62103014292717,0.0049696883020940745
571.149826793539,-340.12495611821635,0.004717097590044017
570.2883956520687,-340.6328337468942,0.005214765575186413
569.4299024007838,-341.1456549526328,0.003140013868001018
568.5718215216879,-341.65916783447665,-0.011034163154420906
567.7102190968852,-342.16677731561657,0.019952110230741917
566.8567619026381,-342.6878870181628,0.005693142943489947
566.0074881309912,-343.21586219860836,0.003644186982551861
565.1598698472252,-343.7464611008683,0.004081449714968471
564.3144931977578,-344.28063433178147,0.0037628524346424237
563.4711153433956,-344.8179544841653,0.003671173413319858
562.6297200324336,-345.358374891903,0.0035122974047857194
561.7902269856121,-345.90174525914,0.0033733766757261738
560.9525719657277,-346.4479449536659,0.0032288213393603274
560.1166848365863,-346.99684632221573,0.0030861045349394236
559.2824956733505,-347.5483247476022,0.002943064271992975
558.44993316014,-348.10225585476394,0.002800324178183209
557.6189251029426,-348.6585162422067,0.0026577040857794993
556.7893983597013,-349.21698324287064,0.0025152417263788135
555.9612789247336,-349.77753494364435,0.002372942680400376
555.1344919783404,-350.3400501452812,0.0022306958767746975
554.3089619051119,-350.9044082803326,0.002088870311561848
553.4846124611306,-351.47048954549916,0.0019460463559794997
552.6613663646752,-352.03817420355085,0.0018073561164930673
551.8391468965574,-352.6073447828827,0.0016500755214090353
551.0178666403193,-353.17786975318234,0.0014536261001706404
550.1974165044861,-353.74958784710077,0.0012455787783649454
549.377679132061,-354.32232744047315,0.0010395365089142623
548.5585375801082,-354.89591886275747,0.0008328156996634931
547.7398740066691,-355.4701922773533,0.0006261410618498089
546.9215701661113,-356.0449781727168,0.0004192884493985593
546.1035073949104,-356.62010711751407,0.00021229494472828876
545.2855667347486,-357.19540971366894,5.124045231609158e-06
544.4676290176528,-357.77071649413,-0.0002022411705369148
543.6495749612169,-358.34585783461483,-0.00040982324464128853
542.8312852613492,-358.92066386106984,-0.000617642851213977
542.0126406864239,-359.49496435832583,-0.0008257203094996934
541.1935221722655,-360.06858867900365,-0.001034074650370747
540.3738109185842,-360.64136565345154,-0.0012427232046376925
539.5533884872153,-361.21312350112805,-0.0014516815852094152
538.7321369023626,-361.7836897436265,-0.0016609615488824344
537.9099387538909,-362.352891120839,-0.0018705767951091522
537.0866773014621,-362.9205535068793,-0.0020805195385883426
536.262236589354,-363.48650184059426,-0.0022908444737083553
535.4365015370357,-364.0505600179704,-0.002501357775852556
534.6093581366752,-364.6125509445122,-0.0027127594704345775
533.7806932719898,-365.172296014679,-0.0029224340719305347
532.9503959630782,-365.7296167428169,-0.0031399614795290394
532.1183536515109,-366.2843289047006,-0.0033149348641251446
531.284479348012,-366.83628329022577,-0.0033926325301811703
530.448738146315,-367.38540682395495,-0.0034367762494664934
529.6111144686577,-367.9316545493977,-0.003488493106287657
528.7715903678401,-368.4749769993443,-0.0035379234732259984
527.9301492394072,-369.0153258203419,-0.0035894604050989405
527.0867740988377,-369.55265096873734,-0.0036354649986367147
526.2414506596992,-370.0869060546049,-0.0037019123452279937
525.3941568448907,-370.6180298353637,-0.0036929262346858554
524.5449016671602,-371.14601479214997,-0.003964712658157944
523.693580505598,-371.67065176651323,-0.0031919678178420584
522.8405145086676,-372.1924816505041,-0.006309671653851926
521.9844397410409,-372.7092474726592,0.00507587792182758
521.1300062874058,-373.2291256015829,-0.037623941588066916
520.2591784309204,-373.7202650162674,0.08562429047603824
519.3968925112982,-374.22663253378926,-0.02719363405885237
518.5336281655742,-374.7313964678927,0.002155147963589808
517.6680359139698,-375.23214383297125,-0.005797346891658505
516.8004603168978,-375.7294494610692,-0.003723361652564703
515.9307970953716,-376.2230949486168,-0.004345965951113457
515.0590612918386,-376.71307114233105,-0.004242559706083384
514.1852373541246,-377.19931360339297,-0.004334679206402387
513.3093185256655,-377.68177209735404,-0.004374133389611748
512.4312965656438,-378.1603924414901,-0.004427177639157139
511.551164456993,-378.6351212770327,-0.0044784051642170405
510.66891566713855,-379.10590473302096,-0.0045226278866171195
509.7845445599453,-379.5726892167987,-0.004596132829647106
508.8980455930443,-380.03541972876843,-0.004558496160294012
508.0094160465382,-380.4940455787013,-0.004936309939191638
507.11864663775225,-380.94850065532296,-0.0037587412006639185
506.22575395766745,-381.3987715676434,-0.008400701495570791
505.3306695764733,-381.84466463431636,0.00873137726809887
504.43361585250767,-382.28659549007097,-0.05561790484989486
503.52926712833784,-382.7133105988239,0.016167310249190908
502.62975683706753,-383.1502534814891,-0.010498420499483005
501.7263918468497,-383.5791280192418,-0.0034581214066517537
500.82137657585855,-384.00450418967534,-0.005393598971314612
499.9141238299553,-384.4250915742611,-0.004941523012446834
499.00479305250747,-384.84116486630006,-0.005111639843337365
498.09334845131644,-385.2525879976796,-0.005210782585215584
497.1797690190874,-385.65924814851485,-0.005514311741898456
496.26395967383843,-386.0608617896264,-0.00588814907470343
495.34580461556675,-386.4570820057667,-0.006095981689677396
494.42524033187135,-386.8476761035832,-0.006901567971950566
493.5020410729235,-387.2319901468898,-0.0054739113583996395
492.5766144482396,-387.6109319649672,-0.012388271311030015
491.64703392743695,-387.9795702827973,0.011853039500638792
490.72045158130123,-388.3555969509818,-0.058560825606451844
489.78680831033563,-388.7137984310118,0.005249502427629314
488.8502068371567,-389.0641961591422,-0.012213202783719427
487.91063910486594,-389.40655868820124,-0.00789877967928608
486.96806668178255,-389.74056083440485,-0.009467171231546428
486.0224884442117,-390.0659554893687,-0.008938581178902887
485.0739075557685,-390.3824908153856,-0.010935014618741945
484.12232282480136,-390.6898762854539,-0.004948542189367821
483.16779670464894,-390.9880055119979,-0.028267765495665977
482.2101372893581,-391.2759182517679,0.057191787410577295
481.25454813697166,-391.5702153130368,-0.03800742184768337
480.2899521684034,-391.83439203932124,-0.003514887728086109
479.3240284890247,-392.0930620198726,-0.013208913491534236
478.35486695935333,-392.3395455277846,-0.010816568148417074
477.38307121434224,-392.5753562470132,-0.01201607080328345
476.4085301636432,-392.799553325531,-0.011059552500931585
475.4315323539475,-393.0128487075366,-0.014450656548249893
474.45165071900226,-393.21235599667284,-0.002305300921900363
473.47112498397524,-393.4087714703019,-0.036670702504378774
472.4872071957195,-393.5873163145031,-0.005883020455872723
471.5010316686291,-393.75306821723285,-0.013183115296922053
470.5130517454331,-393.9076293023673,-0.01134831881234627
469.52330818485825,-394.050494669513,-0.01179843475079749
468.53196553305685,-394.1817922993135,-0.011709272252933093
467.5391504995076,-394.30145278885715,-0.011675244709912805
466.54500198447107,-394.4094784052493,-0.011940055126927225
465.54965068503986,-394.50578075934646,-0.011008203302008999
464.55324811380285,-394.59055259379613,-0.014529015793425264
463.5558379413074,-394.6624417608891,-0.010122087435068348
462.55770598092755,-394.7235133530224,-0.012256303141645367
461.5589087697391,-394.77256541600696,-0.011710668801879877
460.5596043219268,-394.80985777377487,-0.011929168662863017
459.5599272814929,-394.83523660736756,-0.011854384785408064
458.5600158157739,-394.84878708476566,-0.012175989846600397
457.5600252378371,-394.8500463215499,-0.011327252884379625
456.5600499023361,-394.8404438732594,-0.014467833806776359
455.5604187004011,-394.81445866119174,-0.009146751804894515
454.56110887201277,-394.7771318400982,-0.011702460501901974
453.5621849070723,-394.730950990543,-0.012427674831130539
452.56394095977146,-394.6716328075025,-0.012234501324996289
451.5664913813836,-394.6002752976818,-0.012554412242946887
450.5700137976495,-394.5164338684306,-0.011985592040423413
449.57463316222925,-394.4203594754078,-0.014429766459913567
448.5806404411717,-394.31107470327635,-0.00575577647492289
447.58773296827366,-394.1918258607332,-0.03833018355659772
446.59815741103927,-394.0479596481517,0.012819147674201115
445.6085729135578,-393.9040671840319,-0.01890034291797486
444.62121278784014,-393.7455111938872,-0.010029443957697066
443.635689417156,-393.5759988086851,-0.01197520007771359
442.6522073620715,-393.39498165809925,-0.011053473438820162
441.67080811661583,-393.20301424936173,-0.010800670534123105
440.6915157972402,-393.0005411711357,-0.010715165934896728
439.71451703619124,-392.7873531630336,-0.009187273692387919
438.739284286687,-392.5660254912152,-0.013551684048153862
437.76797943737597,-392.32840619005015,-0.003019488013950803
436.7984572737256,-392.0834181286316,-0.009112042317415843
435.82991099228195,-391.83460833574287,-0.008649508572701225
434.8639027482681,-391.57608107182983,-0.008384023326976004
433.9000006007426,-391.30983076033954,-0.007992542231179182
432.9382831974259,-391.0357854579994,-0.007652405536531423
431.97868397635006,-390.7544157418353,-0.00729435427815477
431.0211647336902,-390.46604613134895,-0.0069466112433596554
430.06567080964277,-390.1710354946246,-0.00658348934145653
429.11214178135054,-389.8697340872241,-0.0062774016070769835
428.1605158971895,-389.56247558691945,-0.005766258000652153
427.21070443554197,-389.2496508915448,-0.006025238376779751
426.26269291385216,-388.9314192201914,-0.0034251992389837853
425.31616242303664,-388.60879555257003,-0.011463014234417535
424.37208966234164,-388.27906152343627,0.0019423531976833217
423.4283153854631,-387.94847486632347,-0.005888190591060916
422.48618171339297,-387.61323414123257,-0.0033459128790057757
421.54526425985796,-387.27459946314764,-0.003602545637523116
420.6055481559873,-386.9326433576126,-0.003105449002521408
419.6669053652206,-386.5877526277648,-0.0028139348206140478
418.729235014498,-386.24022658872855,-0.0024669681819316815
417.7924251383977,-385.89038767576517,-0.0021641214245249874
416.8563781287956,-385.5385127000478,-0.001983276589644938
415.92103172283976,-385.18477960340334,-0.0018281849019974568
414.9863333401615,-384.8293377131369,-0.0016667770463870309
414.05222877083355,-384.47233819467397,-0.0015074264894034586
413.11866340210616,-384.11393101727003,-0.0013478408379177188
412.18558196868076,-383.7542658388565,-0.001188614340007082
411.2529287022179,-383.39349182903294,-0.001029557198353062
410.3206473734006,-383.0317577759227,-0.0008706902907417784
409.38868136105856,-382.66921211980593,-0.0007119758695031932
408.45697371289486,-382.30600300783965,-0.0005533907784058782
407.5254672073811,-381.9422783446229,-0.0003949068490472319
406.59410441444123,-381.578185845095,-0.00023649638840313742
405.66282775584517,-381.2138730875148,-7.813121308691731e-05
404.73157956485966,-380.8494875678806,8.021829702749084e-05
403.8003021468751,-380.48517675153437,0.00023857611695379563
402.8689378356984,-380.1210881358633,0.000396991589875912
401.9374290650801,-379.7573692737098,0.0005554039700244747
401.0057183865412,-379.3941679358747,0.0007142168173061783
400.0737486790156,-379.03163177822876,0.0008718956875523095
399.14146268251733,-378.6699097569068,0.0010330430960326668
398.2088061552963,-378.30914417809925,0.0011265020916372134
397.27574662036693,-377.94942219274213,0.001160172587568169
396.3422697723025,-377.590784527233,0.0012064608679204947
395.40836108407046,-377.23327289975305,0.0012493692204332244
394.47400641502986,-376.87692846802634,0.0012932239347952794
393.5391917053847,-376.5217926343319,0.0013368534256629559
392.6039030623158,-376.167906839271,0.0013805727851044546
391.6681267455501,-375.81531261516875,0.001424294934401982
390.7318491787735,-375.4640515727517,0.0014680416091077658
389.7950569545301,-375.1141654046201,0.0015118039163405897
388.85773684077134,-374.765695884467,0.0015555851771272607
387.91987578734313,-374.4186848663668,0.001599369287346015
386.98146093157357,-374.0731742865618,0.0016432069257315794
386.0424796075116,-373.7292061550817,0.0016868921666627844
385.10291934296197,-373.38682258118894,0.0017312072877382805
384.16276789776975,-373.04606568431154,0.0017732356118385169
383.2220130063549,-372.70697832542174,0.0018290686936653995
382.2806386575502,-372.3696145187346,0.0019005075120623889
381.3386250064019,-372.034039960654,0.0019689197038416997
380.395952409755,-371.70032094924267,0.0020383306722887304
379.4526015466134,-371.36852409541956,0.0021076620849213943
378.5085534522957,-371.0387162742271,0.002177211166586756
377.56378952734764,-370.71096464643125,0.0022469037588175294
376.61829155270414,-370.38533666324525,0.0023167652048456484
375.6720417038733,-370.0619000741876,0.002386793443016064
374.72502256576786,-369.74072293356295,0.00245699315554045
373.77721714783814,-369.4218736065088,0.002527367189745901
372.8286088995832,-369.10542077438396,0.002597916250565602
371.87918172643225,-368.7914334394932,0.002668645327382632
370.92892000597874,-368.47998092919505,0.0027395421528049694
369.9778086046862,-368.1711328989524,0.0028106559683971433
369.02583289451087,-367.8649593361878,0.0028818042461102216
368.07297877187585,-367.5615305566336,0.0029536638747882783
367.1192326686943,-367.2609172281147,0.0030237097984921447
366.1645815978916,-366.9631902776037,0.003101334961024177
365.2090130617627,-366.66842126427576,0.003151543809969436
364.25251550663006,-366.3766808981997,0.0033046986556675775
363.2950766372688,-366.0880448251467,0.0030749613661705463
362.3366900346161,-365.80257122262697,0.0042734294836198165
361.3771903899991,-365.5208605789718,0.003290542159229641
360.4167581906526,-365.2423431854272,0.003218845339331337
359.4554273775863,-364.9669482364731,0.003676966955151655
358.49309659407766,-364.69506639650433,0.003646729328497009
357.5297791608125,-364.42670204493453,0.003747462938424784
356.5654632046813,-364.1619478807475,0.0038132742515831655
355.6001445795909,-363.9008732949368,0.003888545734387382
354.63381807799516,-363.64355424648494,0.003961397953359794
353.6664798103803,-363.39006525031203,0.00403496742840486
352.6981265993094,-363.14048148653217,0.004108476330865388
351.72875615646205,-362.894878275544,0.004181818745568123
350.75836711087965,-362.6533309691835,0.004256105928855921
349.78695885002463,-362.41591580261615,0.004326864751324848
348.81453226030095,-362.1827064689489,0.004410903096831586
347.84108704782693,-361.95378687513374,0.004444806317985374
346.86663187375365,-361.7292032726034,0.0046674518706018905
345.8911465100795,-361.5091433617712,0.004178155201952535
344.9147236449903,-361.29326552821396,0.006373695946184091
343.93697047081025,-361.08352983651383,0.006320458809026272
342.9579537846262,-360.8797275671965,0.00026768192266660455
341.978486798917,-360.6781232191388,0.006124973113876709
340.9980397182009,-360.4813401189657,0.004654587614854832
340.01662606115514,-360.2894360412614,0.005137325127988578
339.03425510865185,-360.1024940284139,0.0051037618343665984
338.05094009727367,-359.92058315775597,0.00516370056672076
337.0667003381987,-359.7437440082598,0.005171673217164108
336.0815587316319,-359.5720000245029,0.00519619018488516
335.09553846761713,-359.40537460064127,0.005204940192824467
334.10866299562645,-359.2438916046152,0.005256044667834458
333.1209586409056,-359.08755802733907,0.005078829331178295
332.13245501232433,-358.9363619108489,0.0055554823082160825
331.1431907484661,-358.7902213862958,0.0036503988835889646
330.1531691563285,-358.64931287742826,0.011636092498027904
329.1619185178405,-358.5173352538988,0.0022293439759386124
328.1703007330926,-358.3880834139626,0.002954700909198613
327.1783214426127,-358.2617045726312,0.005510388217169789
326.1856656851471,-358.1407210076624,0.004788871612814566
325.19244148837345,-358.0245110045606,0.004935047471921594
324.1986557897532,-357.91319932051164,0.004851315538203003
323.2043418603295,-357.8067112964453,0.004828497255726191
322.20952530869386,-357.7050252428894,0.004789517925689733
321.2142331546995,-357.608105113316,0.00475479400949438
320.2184914106691,-357.51591846816683,0.004719076752757232
319.2223257249947,-357.428431797514,0.004683176134743607
318.22576123057434,-357.34561141252794,0.004649120607876003
317.2288225230456,-357.26742462922243,0.004608026774326614
316.2315339144984,-357.1938342249725,0.004593515796838568
315.23391845688906,-357.1248195209085,0.004479862133299978
314.2360016148706,-357.0602976366556,0.004736758675391211
313.23779756546156,-357.00041758261875,0.0036109347345794417
312.23936036368536,-356.9444623679094,0.007642696179542074
311.24055800562536,-356.89569729647616,0.005913605138404515
310.2414802071207,-356.85261557074085,-0.001996251252849597
309.2423928722021,-356.80991768719645,0.006024044819534544
308.2431208991995,-356.7717561276033,0.0038274586737880477
307.2436970962409,-356.73781855256277,0.0043730219083812786
306.24413741553224,-356.70814434511607,0.004182546179991331
305.24446169728424,-356.6826800684277,0.0041899031760510436
304.2446882038272,-356.66139674338433,0.004144229052616792
303.2448350629797,-356.6442590368824,0.00411312152385203
302.2449198965915,-356.6312333090072,0.004077975303498687
301.2449599151978,-356.62228657522314,0.004051552508122252
300.2449718914407,-356.6173914846458,0.004026413135495985
299.24497226375854,-356.61652275531816,0.004001072852933939
298.2449771643085,-356.61965512030326,0.0039759221089510945
297.24500242260126,-356.6267633639951,0.003950859501321138
296.24506356884507,-356.6378223178003,0.003925915909586998
295.2451758374035,-356.65280686767875,0.0039010864233281354
294.2453541702743,-356.6716919584865,0.0038763756257835197
293.24561322060845,-356.6944525988943,0.0038517853761581653
292.24596735625846,-356.7210638659501,0.0038273181710324136
291.2464306633542,-356.751500909516,0.003802976004491042
290.2470169499018,-356.78573895653335,0.0037787615741540458
289.24773974940166,-356.82375331511753,0.003754674553811818
288.24861232448194,-356.8655193784991,0.0037307260496736317
287.24964767055246,-356.91101262890703,0.003706884870188111
286.25085851941384,-356.9602086404618,0.003683272961935138
285.25225734317775,-357.01308308682206,0.0036594471218209398
284.2538563566433,-357.0696117236797,0.0036370528434338228
283.2556675270022,-357.12977048958123,0.003610017141199521
282.25770256127913,-357.19353524068845,0.0036018938358561054
281.2599743574531,-357.2609032662342,0.0036555912876254956
280.2624990068483,-357.3319169487382,0.0037045952606302324
279.265293600107,-357.4066256921859,0.0037552793102664074
278.26837579033406,-357.48507888064444,0.0038075013880559954
277.2717638581307,-357.56732650559593,0.0038544424018120225
276.27547659533633,-357.65341793202737,0.003923130591490694
275.2795338175797,-357.74340645930647,0.003913514385432159
274.2839543967823,-357.8373312433546,0.004194374219191718
273.28876413019384,-357.9352889260309,0.003407216465807048
272.29396479227927,-358.0371512674673,0.006555528050124447
271.299655592387,-358.1436726395497,-0.004786130507148229
270.3051380028204,-358.24832751657624,0.005458978047598061
269.311210800223,-358.3582463673064,0.010465128894558504
268.3183193718868,-358.47732559199414,0.0026816392227239252
267.32586186973066,-358.5998947829008,0.0048770056562789325
266.33398095355636,-358.7270718938302,0.004349784950896199
265.34267231661175,-358.8586265891373,0.004565563657484467
264.3519717906401,-358.9946878991706,0.004579744660338682
263.3619056305867,-359.13529006291566,0.004647870135898221
262.3725032897682,-359.2804900908794,0.004682490965410822
261.3837914681374,-359.4303198583954,0.00470017503386753
260.39579482928934,-359.5847953195835,0.004720476764649072
259.4085383880474,-359.7439328231009,0.004740452439382605
258.42204742824316,-359.90774860725264,0.004760899115412835
257.4363475597733,-360.07625912237523,0.004781603029219556
256.4514647136476,-360.24948095211766,0.004802607659873724
255.46742513984503,-360.42743078062693,0.004823938000387141
254.48425545380624,-360.6101255659591,0.004845476115561523
253.50198249046858,-360.7975818642564,0.0048675379787739455
252.52063386206189,-360.9898182670184,0.004889399879133984
251.5402359539226,-361.18684650311195,0.004912113143518052
250.56082125083614,-361.38870382328315,0.004937492582838988
249.58240164799042,-361.5953348849031,0.004938775123425044
248.60506590920593,-361.8070229215692,0.005084797162177482
247.62861705676283,-362.0227853422073,1.339327128024565e-05
246.65251044839832,-362.2400962861974,0.009562041831691655
245.67830143489206,-362.4657129012186,0.0060294642676396734
244.70558947095796,-362.69774350698333,0.004867979931418739
243.73399637293724,-362.93439570467973,0.005216864710675058
242.763656574509,-363.1761427052494,0.005155503325405079
241.79457449668183,-363.42288058938914,0.005197479518187521
240.82678892324623,-363.6746569223784,0.005244262837725553
239.86033433649627,-363.93149360013626,0.005168767630041878
238.8952304108648,-364.1933631848379,0.005579384504936901
237.93156285675101,-364.46046127062624,0.004167946454286398
236.96917078908183,-364.7321413175414,0.009570015253925633
236.00918781054295,-365.01216853840015,0.006481524463273547
235.05100122594797,-365.2983445809855,0.0008457091825384668
234.09348603230143,-365.58672020553377,0.006680559340358746
233.13766360431472,-365.8806681624744,0.005158375364084934
232.18343813207514,-366.1797554557529,0.005596482608110233
231.23088823433633,-366.48413704223515,0.005524977098352357
230.28001864877487,-366.79373270334565,0.005552201656272541
229.33095887022927,-367.108816349042,0.005644515598505102
228.38340795706827,-367.4284577145218,0.005578086186355897
227.4387458407213,-367.75641465491856,0.02370000484813494
226.50026868519257,-368.1017890508591,-0.008758134334441626
225.56014353217967,-368.4426334700781,0.003939822288365558
224.62061071098412,-368.7850801013245,0.006226377536664161
223.68341341414006,-369.1338866849716,0.00571947768417676
222.74817382865555,-369.4878990042504,0.005845563290147496
221.81503741661737,-369.8474238387043,0.00592146027883577
220.8840019948047,-370.212347551181,0.004848933969809666
219.9548916880832,-370.5821648698422,0.0076068767805910435
219.0280619329113,-370.95760401004213,-0.004019234389018836
218.1018872472642,-371.33483195842274,0.03885369296230235
217.18719575552925,-371.7387790692724,0.002301657596843421
216.2734985951028,-372.14517265749123,-0.024317632036813648
215.35273681405036,-372.53534528993424,0.011371752580182432
214.4348784338357,-372.9322511143461,0.0016588754814904798
213.51809527849042,-373.33163544810026,0.003911373194728836
212.60277220427952,-373.73435649727895,0.0030102121605976224
211.68869410076593,-374.13989436570716,0.002939924138224058
210.77580471954948,-374.548101492239,0.002650569171140826
209.86400248145617,-374.95873106053983,0.0024190348087409427
208.95319572885467,-375.37156403409193,0.002172346528328265
208.04328807761613,-375.7863749041379,0.0019302494961896505
207.1341827844129,-376.2029413117826,0.0016861248179424826
206.22578117727497,-376.6210399686305,0.0014476604852832948
205.3179857848386,-377.04045343017395,0.0011904024497296113
204.41069045253403,-377.460946803853,0.0010072867442020305
203.50381829565563,-377.8823549897726,0.0005434011917048539
202.59717960547687,-378.3042539108521,0.0011523259363532576
201.6910076965516,-378.7271981846473,-0.0023104417111459996
200.7839448233613,-379.1480669754151,0.009650621478802959
199.88060737698083,-379.5775435603872,-0.03655538793694294
198.96277012330378,-379.97352796854307,0.09526783772583798
198.05460698045053,-380.39177208066945,-0.02328591683812134
197.14927653572545,-380.8165897637398,0.005310095464116926
196.2427909855498,-381.2387988959986,-0.002667210752805053
195.3360870209156,-381.66057378442594,-0.0008367795824384536
194.4287892354155,-382.08106058081404,-0.0016166495279076425
193.52087688107594,-382.5002211300791,-0.0017036545853734418
192.61223482258032,-382.9177968806173,-0.001972471344733882
191.70277563933547,-383.3335901259681,-0.0021882919289213398
190.79240676913463,-383.7473878043951,-0.0024306566266895585
189.88103837937885,-384.15897943541086,-0.0026108245919142965
188.96858682338382,-384.56816413436263,-0.0030033078782044356
188.05495273043232,-384.97470204343205,-0.0026077354817948956
187.14010985086014,-385.3785098697214,-0.005108700752301545
186.22377392898804,-385.77893186758797,0.0033808007996890496
185.30691246985435,-386.1780847395713,-0.025770769333088937
184.3865242798124,-386.56937076631885,0.08432717013977642
183.48030688514484,-386.99181333996586,-0.0627736606940877
182.5592622659009,-387.3816666075446,0.016216630648025233
181.6413633465983,-387.77839253288386,-0.004662129168469499
180.7225518768044,-388.17311405277195,0.0019084935391386342
179.80422955388855,-388.56894124564116,0.0009273380469580247
178.88635076646423,-388.965803646722,0.0020227019303624676
177.96925469288175,-389.36446957957503,0.00254696295734285
177.0531834344827,-389.7654851758012,0.003228402784957268
176.13840918063204,-390.16945073358926,0.003868764433622854
175.2252076902737,-390.57695878456593,0.004524194290530328
174.31384914439158,-390.98857322758664,0.005153322499669104
173.40466352406364,-391.40496177980737,0.0059498150173286435
172.49781472440534,-391.8264241670828,0.005877084491366087
171.5940796595566,-392.2545061411252,0.010003498608488228
170.69218450003774,-392.6864673989666,-0.02097240473454605
169.78550302544556,-393.10841274892687,0.02752022986800848
168.88926437228108,-393.5517458910741,0.018106547067385466
168.00166924497626,-394.01247436358,0.008227394308505546
167.1180786458861,-394.48071908829854,0.016035823050247283
166.24165151547814,-394.9622130712114,0.005361659000963089
165.36837926596945,-395.449595999891,0.012675779671316726
164.5017584527999,-395.9484688021159,0.036482674791259426
163.6502450077184,-396.4728304873909,0.014434280280418424
162.80887574755448,-397.01327611910676,0.023434623945244124
161.97926998377275,-397.5716387600965,0.019353280565602756
161.1615359483203,-398.1473095320835,0.026667835789007447
160.35940123100391,-398.74444860679284,0.03162453410342853
159.5763314510071,-399.36640187543554,0.029818418253123
158.81205556999032,-400.01137388924997,0.02509994768842014
158.06497170570265,-400.67611049250183,0.029847635482230912
157.3398202715406,-401.3646726206868,0.04895419745782852
156.64488466129356,-402.0837705106541,0.025419192574775998
155.969326287622,-402.8212083622442,0.025130520961208245
155.3130708693384,-403.5757813538811,0.04504989092034313
154.69052906387864,-404.3582056461119,0.03915544437620968
154.09828034122566,-405.1641794853246,0.010913369305116152
153.52284208973558,-405.9820237696122,0.04221123131794205
152.9763181325102,-406.81946396550626,0.029222161660691935
152.45883529372762,-407.67517793632766,0.04846252470210266
151.97829335268216,-408.5520973165903,0.02915216271666104
151.52380681918007,-409.4430542090036,0.024770573363480375
151.0929625085568,-410.3453992748094,0.03645229821425063
150.694069464862,-411.2624558066503,0.03459904839524224
150.32807176714843,-412.1930256443037,0.03950477956830341
149.9976870786881,-413.136956783019,0.026878342319220518
149.69453120302302,-414.08997037010533,0.0344826208550373
149.42344761927868,-415.05249047409995,0.03586002322608426
149.1874638313656,-416.0242755433235,0.03846863855547882
148.9885604791381,-417.0042917433408,0.03654613038012358
148.82550191136755,-417.99102794353195,0.03262694683743524
148.69727928845708,-418.98275706683927,0.045864090884431614
148.6114796138309,-419.97913561795406,0.036327445491247744
148.56245764905387,-420.978021829405,0.03686939651681667
148.5506351131611,-421.97795670530667,0.04709531905639322
148.58524845735488,-422.97730403633466,0.043706328488713586
148.66303273055752,-423.9744394141056,0.028278065772960565
148.77590857401918,-424.9680413298795,0.05646190481485016
148.93940914697293,-425.9547099844451,0.05093376110196702
149.15253820911502,-426.9318391324114,0.03642326461736254
149.40081161294904,-427.90058879736506,0.015515669777964878
149.66987021622546,-428.8637229405928,0.03516902790552814
149.97685272518686,-429.81540051324413,0.07949936385813663
150.3425046801073,-430.74596495747585,0.012757702479628858
150.7246943132534,-431.67058650063734,0.04280698725190428
151.14374807634016,-432.57783553589536,0.05316173463560537
151.60828810182394,-433.4639123886842,-0.016820070911479138
152.07631889801183,-434.347600267807,0.046923695933778334
152.57459575766575,-435.21462688154037,0.032206349560993046
153.10122523831564,-436.0647241431369,0.02301296919262687
153.65549892792131,-436.89706186529236,0.07381143043943071
154.25544328720142,-437.69693765665374,0.017209733245214753
154.87085139988167,-438.48547909817785,0.013245085214038495
155.4977307087328,-439.26444806507607,0.036641436918791036
156.15159960449537,-440.02113109825984,0.029458499643629142
156.82776428848203,-440.75785422516964,0.030436653906708647
157.52595845665167,-441.47377410916425,0.029092591521604618
158.24470298548607,-442.16904626045414,0.028348187170756652
158.98286103928695,-442.8436766007536,0.027410644409122074
159.7392336564445,-443.4978188028972,0.026510765623936162
160.51268071104562,-444.13168150767484,0.025595595092100472
161.30209774479474,-444.74554058134913,0.0246891359889756
162.10642924827172,-445.3397233896246,0.023792683499280123
162.92467001284842,-445.91460120748195,0.022912480572299818
163.7558678287336,-446.470580272156,0.022052133144500694
164.59912425113478,-447.00809416164094,0.021214836150791498
165.45359458493718,-447.5275968529921,0.020402878401020334
166.31848703915776,-448.0295566495483,0.019617910375055208
167.19306129493557,-448.51445090508753,0.018860995570812628
168.07662662516532,-448.9827615135036,0.01813271372736732
168.96853970186407,-449.4349711029351,0.017433247435153166
169.86820219888452,-449.8715598717976,0.016762776926131876
170.77505828046304,-450.2930029981516,0.0161214891282035
171.68859204651557,-450.6997685468311,0.015507581044288028
172.60832496160225,-451.0923158854591,0.014921351671067718
173.53381344612546,-451.4710941508615,0.014357986749934193
174.46464604455312,-451.83654256920056,0.013829744208849767
175.40044204943675,-452.189086690078,0.013265197642636128
176.34083328942597,-452.5291841593236,0.01272015918162813
177.2854704300937,-452.85730121817465,0.012035227218527804
178.23399885124846,-453.1740010801742,0.011803247414640648
179.1861725858109,-453.4795446661806,0.0101448281853001
180.1414537431539,-453.77528203286533,0.012886808965911009
181.10039092986906,-454.05884645274506,0.002717758454668861
182.05978027805594,-454.3410080768656,-0.009063752306642801
183.01768993530462,-454.62814988529755,0.03349617285880289
183.98288873415683,-454.88940377383875,0.010433593265643097
184.95165906947136,-455.13751207604975,0.006793373098630128
185.92188881693593,-455.3796327558381,0.006887022127784561
186.89387593624716,-455.61470930611335,0.008994349679139977
187.86772935303645,-455.84185020795724,-0.002083754464959774
188.84130248539142,-456.07029816899194,-0.0004799099503196426
189.8149550858435,-456.2982849905756,0.025512904530884464
190.79250405543408,-456.50896859514097,0.0010535101393204975
191.7711522586609,-456.7145314552738,0.004641893686324677
192.75054428081995,-456.91648986535193,0.0033700910000246053
193.7306598461448,-457.11492197644066,0.0029901695125128212
194.71135746078124,-457.31045116687187,0.0027412499997415056
195.69259333146067,-457.50326236641223,0.0027361077866558513
196.67436069381108,-457.6933532581075,0.0032684639214733613
197.65674350880047,-457.88023354103876,0.0035037537463616063
198.63972270603665,-458.0639512577933,0.0016145034539639985
199.62304836195767,-458.2458044271078,0.001898574822011396
200.60670512472564,-458.42585821594236,0.0016553797970250551
201.59065039172242,-458.6043290064762,0.0011609472519172122
202.57485279789935,-458.7813756927849,0.0024590633565314945
203.55927794343953,-458.95717900135213,-0.0035167767283976444
204.54384428844332,-459.13219918939853,0.017413818010656862
205.5302730489573,-459.2963730423734,-0.00318268051726279
206.51627059932417,-459.46309993407124,-0.007069599462755107
207.5012396705314,-459.6358540577569,0.0023038918636887847
208.48646591622565,-459.80710697202113,-0.0006012187395297944
209.47163059155073,-459.9787200341853,-4.281575421163546e-05
210.45677555003536,-460.1504444553222,-0.00045833738235239753
211.44184531838675,-460.32260017895254,-0.0006041220123227491
212.4268098292245,-460.4953569487536,-0.0008268805073002107
213.41163144630946,-460.66892649870994,-0.0010303249047321121
214.396273604492,-460.843511211142,-0.001241011429906346
215.38069835298893,-461.0193176905709,-0.0014515624235098587
216.3648668480382,-461.19655306211513,-0.0016639334646404054
217.34873905978517,-461.3754258521211,-0.001877514547997178
218.33227368572352,-461.5561456455082,-0.002092390779657531
219.31542800782594,-461.7389230593708,-0.0023084506905433925
220.29815776354621,-461.9239696237315,-0.00252562852794212
221.2804170125968,-462.1114976771182,-0.002743837713675796
222.26215800487245,-462.30172024757456,-0.002962988193790186
223.24333104871786,-462.4948509260932,-0.0031829810522376197
224.22388438043953,-462.69110372980936,-0.0034037092831754353
225.20376403556597,-462.8906929548831,-0.003625056912874257
226.1829137225458,-463.09383301833975,-0.003846898590613571
227.16127469954333,-463.30073828835265,-0.004069099072699528
228.1387856552404,-463.51162290246333,-0.004291512808429457
229.11538259391244,-463.7267005732418,-0.004513983397195462
230.09099872771293,-463.9461843811716,-0.004736343743440039
231.0655643692508,-464.17028655378056,-0.004958413562484984
232.03900685525588,-464.39921823332656,-0.0051800082545292074
233.01125064007084,-464.6331881952206,-0.005332375528080963
233.9822360569643,-464.8723268764667,-0.005327398062848208
234.9519336992017,-465.11663495730613,-0.005322088019233129
235.9203173946728,-465.36610035658464,-0.005316745561780128
236.88736104620114,-465.6207108863014,-0.0053103284398208946
237.85303906505962,-465.88045300628045,-0.005306982159034023
238.8173248449053,-466.145316621798,-0.00529017934218103
239.7801965910977,-466.4152767587018,-0.005325789922180253
240.7416150612136,-466.69036365768727,-0.005151903582832174
241.7016086656897,-466.9703948816741,-0.00580784239833069
242.6599483589315,-467.2559988356134,-0.0031776737247351523
243.61738905805916,-467.5447065751584,-0.013527944766327214
244.57085711423406,-467.8461021716795,0.018624372831972914
245.52458916658207,-468.1467515440004,-0.011638564925159698
246.47710637556867,-468.4512345686651,-0.0034293610771739935
247.42791996541823,-468.7609993311674,-0.005794528611167978
248.37710811649944,-469.0757079979249,-0.005102017238583541
249.32462593518395,-469.3954109741066,-0.00528933040022033
250.27045430418258,-469.7200779244668,-0.005224175580551035
251.21456948705688,-470.0496935584879,-0.005230706346750272
252.1569487805209,-470.3842398362609,-0.00521698774598466
253.0975696571962,-470.7236986846363,-0.005208338598308978
254.03640982397224,-471.0680518244264,-0.005198567728815337
254.97344727558195,-471.41728063189305,-0.005187305465646719
255.90866016372962,-471.771366483782,-0.00518154923705453
256.8420273353444,-472.1302894475312,-0.005155945240015795
257.7735259672964,-472.49403407572413,-0.005196662394535644
258.7031418879033,-472.8625641880136,-0.005015223097063089
259.6308253960646,-473.2359308700375,-0.0055552650676447286
260.5565789521275,-473.6140583158905,-0.004895054047062451
261.48048913008915,-473.99666689717395,-0.005202728344736624
262.40239161983976,-474.38408922677695,-0.005113237443916658
263.322302597989,-474.7762162666779,-0.005120220608223624
264.2401932616837,-475.1730496318114,-0.005103892155888452
265.1560467547189,-475.57456216062855,-0.005092405743804059
266.0698435927018,-475.98073367740324,-0.005081695492719177
266.9815649320692,-476.3915427803527,-0.0050626665776088535
267.891193532054,-476.806965276159,-0.005075852881926133
268.7987068944536,-477.22698811653083,-0.004965299081760749
269.70410322567244,-477.6515563310313,-0.005325791461687871
270.60730639855575,-478.0807674069089,-0.0038920591584798644
271.508512384017,-478.514162745049,-0.009284096577474716
272.4067080186841,-478.95375708463564,-0.0015971305488934832
273.303481460898,-479.3962442327218,-0.005896580897649354
274.19784363340034,-479.8435895823261,-0.004738223801705662
275.09002169825123,-480.295272650326,-0.0049765298201988025
275.979955371697,-480.75136284374145,-0.0048403425673794595
276.8676672135061,-481.2117622014205,-0.004802841993009178
277.7531585704995,-481.6764180415433,-0.004739852900694711
278.6364373238716,-482.1452662125335,-0.004684235254055236
279.51751024488055,-482.61824662497946,-0.004626290065028911
280.3963855993087,-483.09529810899204,-0.004572805444337914
281.2730702349353,-483.57636349450394,-0.00450547736186358
282.14757864773975,-484.0613742144613,-0.004493372704169671
283.0198990083726,-484.55030767627136,-0.004269210070503228
283.8901216743489,-485.0429701437673,-0.0048668272472059074
284.7579526390623,-485.5398185937326,-0.0022956952690085988
285.62455369044665,-486.03885227467833,-0.011927999876668581
286.48545445819354,-486.54758574456025,0.017117841579679428
287.3467463633728,-487.05569428096476,-0.009806797297764642
288.20626742792587,-487.56679411200207,-0.0025000007960135906
289.0636189705687,-488.08152575560223,-0.004474639243431027
289.91890262052556,-488.5996857046739,-0.003883310720140049
290.77210076221746,-489.1212726640692,-0.004002497505788657
291.6232227780065,-489.6462405579036,-0.003925284969723244
292.4722725710774,-490.1745533801915,-0.0039021771878461676
293.31925571727413,-490.7061731097781,-0.003864111174671005
294.16417793523493,-491.24106228869357,-0.003830108734235809
295.00704538433365,-491.77918351290776,-0.0037949517791899404
295.8478646006491,-492.3204995341383,-0.003760078585076768
296.68664249727135,-492.86497325267686,-0.003725107820834148
297.52338635572033,-493.412567724935,-0.0036901507040894917
298.35810381767624,-493.9632461701898,-0.0036551838466223337
299.19080287715343,-494.51697197630347,-0.0036202287791515055
300.02149187272244,-495.0737087052119,-0.003585260580853948
300.85017947874803,-495.63342009946956,-0.003550391791640498
301.6768747014636,-496.19607008203343,-0.003515238115549594
302.50158685520273,-496.76162278270164,-0.0034812366113637903
303.32432561978715,-497.33004245446034,-0.003443127457699907
304.1451007722859,-497.90129383059815,-0.0034203015702078477
304.96392321237454,-498.47534072991084,-0.0033412901558825783
305.7808009008958,-499.0521515500915,-0.0034699749851130465
306.5957546295852,-499.6316779063889,-0.002830735175202139
307.40875708702157,-500.2139371393907,-0.005036216900312302
308.2199664587701,-500.79869597597923,0.0033109174647403504
309.02883647719614,-501.3866756581038,-0.02861982214100319
309.83223008169625,-501.9821057474096,0.006516478512562355
310.6388113913417,-502.5732367930082,-0.005717926848438428
311.4422407383814,-503.1686380683258,-0.0023931757107770843
312.2441757687588,-503.7660484309872,-0.0032425105384191583
313.04418809747364,-504.3660324059878,-0.0029709401435413533
313.84240918724055,-504.9683968367064,-0.003000840257613031
314.63882053328905,-505.5731521877829,-0.0029497011835976227
315.43344416007835,-506.1802545459586,-0.0029205060683309587
316.22629146508206,-506.78967489402777,-0.0028855021265248642
317.01737695266974,-507.40138050342574,-0.002852179668969976
317.80671453620545,-508.0153399348578,-0.0028185180173372505
318.5943185250519,-508.63152169411006,-0.0027850656171307265
319.3802033521824,-509.24989459347216,-0.002751675996748061
320.1643836406726,-509.8704276542249,-0.002718390595669379
320.94687417917703,-510.4930901324064,-0.002685199765029589
321.7276899220604,-511.1178515112107,-0.0026521075175602385
322.5068459830588,-511.74468150217854,-0.002619114036327049
323.2843576308193,-512.373550043872,-0.0025862201871605524
324.06024028418267,-513.0044273009511,-0.0025534271759000563
324.8345095073639,-513.6372836633701,-0.002520733417587583
325.6071810065491,-514.2720897439248,-0.0024881472336229712
326.3782706217019,-514.9088163815094,-0.0024556400181490433
327.1477943367544,-515.5474346225953,-0.0024233177206366367
327.91576822223027,-516.1879157829093,-0.002390794135030754
328.6822086287131,-516.8302312115421,-0.0023594782611204737
329.44713146471025,-517.4743531414206,-0.0023237096839888636
330.2105560440669,-518.1202501255906,-0.002265754294029652
330.9725157270186,-518.7678745918537,-0.002192515821304271
331.7330535676842,-519.4171682065987,-0.002121705143036803
332.49221211147625,-520.068073967654,-0.0020500605202861265
333.2500346422645,-520.7205347107205,-0.001979846462425039
334.0065639526192,-521.3744944907182,-0.0019055132904955898
334.76184565114477,-522.0298948295408,-0.001846316244009184
335.51591624623313,-522.6866881057338,-0.0017333936713264588
336.2688467491195,-523.3447884536731,-0.0018129993524928876
337.0205827250703,-524.0042517669992,-0.001207044222587908
337.771530087721,-524.6646163460539,-0.0030360681130747486
338.52027639023794,-525.3274676295902,-0.005083255210819613
339.26613881013566,-525.9935703881079,0.004109327315065328
340.0134711199708,-526.6580209064815,-0.0019156236037097105
340.76027027007717,-527.3230703506877,-0.0011272715405262084
341.5061296983875,-527.9891738582803,-0.001221937788322847
342.2512234356534,-528.6561335680055,-0.0011155127524327892
342.9955601647004,-529.3239380769749,-0.0010534275533622516
343.7391962021967,-529.9925227285667,-0.000982229704424275
344.4821743514655,-530.6618384047265,-0.0009128753186344839
345.2245413927992,-531.3318318198793,-0.0008433425433689429
345.9663430782827,-532.002451131357,-0.0007739188431381028
346.707625545446,-532.6736443262038,-0.0007045910509543028
347.44843490427183,-533.3453596638045,-0.0006353396122293269
348.18881734314675,-534.0175455346091,-0.0005661701010162211
348.92881908803037,-534.6901504841499,-0.0004970747687302253
349.66848640334126,-535.363123190218,-0.0004280510210846936
350.407865581276,-536.036412453152,-0.00035909431482366325
351.147002934552,-536.7099671823663,-0.00029020051638353663
351.88594478838485,-537.3837363838257,-0.00022136572791984433
352.62473747266324,-538.0576691473725,-0.00015258420689930014
353.3634273147564,-538.7317146334307,-8.38569037622306e-05
354.10206063007263,-539.405822062238,-1.5160220967567002e-05
354.8406837214362,-540.0799406934673,5.3440428785570665e-05
355.5793428456453,-540.7540198418724,0.00012220233986127648
356.3180843028831,-541.4280087583091,0.00019021417606879108
357.05695407546455,-542.1018570047916,0.00026098174470463224
357.79600014319925,-542.7755118944413,0.0003445937789701595
358.5352783869709,-543.448911982512,0.00043411149055599756
359.2748488841555,-544.1219910866212,0.0005229364009277611
360.01477126041846,-544.7946833475597,0.0006119474954365398
360.75510514966663,-545.4669226900005,0.0007009050981087318
361.495910033655,-546.1386429630425,0.0007898856340708484
362.2372452692442,-546.8097778750802,0.000878880031356958
362.97917006601136,-547.4802609829416,0.0009678875577675461
363.7217434693684,-548.1500256752973,0.0010569597249636875
364.4650243700824,-548.8190051257147,0.001145937117307325
365.20907140232146,-549.4871323727688,0.0012354141737477402
365.9539432516225,-550.1543399326343,0.0013233116761823508
366.69969746182187,-550.8205611230995,0.0014169918175382787
367.44639471735735,-551.4857251442717,0.001490572538570384
368.194083176896,-552.1497749052719,0.0016348146981170154
368.9428553563969,-552.8126021276489,0.001532787806557317
369.692641594744,-553.4742828055515,0.002286305751073903
370.443958316248,-554.1342239762088,8.452418819059084e-05
371.1950491382601,-554.7944234794368,-0.002870357167526577
371.94493290773596,-555.455994313499,0.009299055816144406
372.6994035740105,-556.1123235194917,0.0016517241750695739
373.45585197233,-556.7663789672763,0.0023138585483661205
374.21358863102995,-557.418938657062,0.002305350813135429
374.97288410737474,-558.0696849682911,0.0024134472330302353
375.73373368797434,-558.7186131617467,0.0025075894755621584
376.496211727214,-559.36562730117,0.0026014441591290884
377.26036947374973,-560.0106567103229,0.002697026364074249
378.0262643458118,-560.6536225451848,0.002792321930770448
378.79395156035105,-561.2944472912483,0.002888284993017233
379.5634864882925,-561.9330520295886,0.002984574585356977
380.33492396538384,-562.5693571734829,0.00308132659775274
381.1083184612331,-563.2032822256675,0.003178513284006291
381.88372400500737,-563.834745812242,0.0032761582839681484
382.66119417744346,-564.4636656401641,0.0033742675473124643
383.4407820823581,-565.0899584773359,0.003472850740645555
384.2225403218411,-565.713540127731,0.0035719146546710242
385.0065209683458,-566.3343254093317,0.003671465085633261
385.7927755355054,-566.9522281328321,0.0037715061873659747
386.58135494711837,-567.5671610817866,0.003872040579699298
387.3723095044113,-568.1790359941331,0.0039730691644306254
388.165688851489,-568.7877635452683,0.004074591279808736
388.9615419390179,-569.393253332665,0.004176603801474319
389.75991698585506,-569.9954138625457,0.004279104055306367
390.56086143956566,-570.5941525372632,0.004382078709554061
391.36442193220194,-571.1893756489806,0.0044855442362864055
392.1706442447708,-571.7809883594443,0.004589397496759165
392.9795732303163,-572.368894741728,0.004693966117632072
393.7912528820779,-572.9529976020159,0.004797976896557963
394.6057258522823,-573.5331991321082,0.004906061630641736
395.42303500796316,-574.1093984802209,0.0050009913039469
396.24321739048236,-574.6815008132071,0.005146512212760332
397.0663264638577,-575.2493835847548,0.00510599356064471
397.89234895545275,-575.8130222607955,0.005758405069962135
398.7215144953942,-576.3720218343166,0.003834033234863015
399.5529397181233,-576.9276678573705,0.004748342979764046
400.3870558834291,-577.4792532971885,0.009009468641378889
401.22541502278375,-578.02437271928,0.0048605976699873455
402.06684375511446,-578.5647402825696,0.006108412542353541
402.91144385617264,-579.1001381618354,0.00591106223657323
403.75922400543436,-579.6304859046191,0.006100552461562252
404.6102158441235,-580.1556648319687,0.006186559199681253
405.464442507105,-580.6755655766439,0.006300142728984475
406.32192708502663,-581.1900752304056,0.006406196404836673
407.1826902240233,-581.6990809250176,0.006514017771292305
408.0467506928483,-582.2024689297461,0.006621036821813798
408.91412513625085,-582.7001249846023,0.006727857646752087
409.7848280511471,-583.1919343030916,0.006834194724184489
410.6588717068783,-583.6777816623485,0.006940133821120672
411.5362660620201,-584.157551518017,0.007045157620846075
412.4170187605635,-584.631127955797,0.007150703981789487
413.3011348063812,-585.0983953340285,0.007251227636715794
414.1886175047141,-585.5592362500537,0.007366170954734328
415.07946447263674,-586.0135399666334,0.007425642299098046
415.97368285090363,-586.461170156088,0.007678475115217264
416.8712299328163,-586.9020907167869,0.007238036934070616
417.77224501341016,-587.3358744273107,0.010992226362880426
418.6775083822624,-587.7607294004353,0.006005241729926723
419.58548186215114,-588.1797708990615,0.007124989450905951
420.4963384758493,-588.5924876513861,0.008035350132140599
421.41049420185794,-588.9978533109222,0.007823844540736152
422.32778957818186,-589.3960598418531,0.00790570455455851
423.2482055395961,-589.7870005990378,0.00790963512468226
424.17168452509367,-590.1706494836338,0.007933189854581753
425.09817808276404,-590.5469601224199,0.007950646880286669
426.02763421025355,-590.9158927587321,0.007968783921582403
426.9600007483487,-591.277407123963,0.007985736776827707
427.8952244881959,-591.6314644060902,0.008002141709659091
428.8332514555194,-591.9780266836894,0.00801718752280702
429.77402676463106,-592.3170574325133,0.008033366487811711
430.7174950273661,-592.6485202647606,0.008041443273239395
431.66359897693616,-592.9723836712303,0.008075582605584022
432.61228441292945,-593.2886043341606,0.007996038887037892
433.56347614599235,-593.5972071251925,0.008211726314385267
434.51714085612144,-593.8980725847027,0.007245083329238327
435.47306084213216,-594.1917146911436,0.010628183950887087
436.4319024011206,-594.4756275246835,0.00871437897013878
437.3931680726297,-594.7512904551025,0.003314757478726381
438.35575833572454,-595.0222450556678,0.009072639506927632
439.320504798441,-595.2854294042182,0.007473075689682022
440.2872610955916,-595.5411279816498,0.007868850924900004
441.255980923198,-595.7892855572926,0.0077252416078848465
442.22659391495745,-596.0299314919777,0.007729668701406753
443.1990367203207,-596.2630733227736,0.007695572150269371
444.17324527115187,-596.4887230666444,0.007673611686320905
445.14915661637724,-596.7068908077697,0.007649997717873924
446.1267084411775,-596.9175862027432,0.007628560120141086
447.1058391325444,-597.1208181221654,0.007607909969414818
448.0864877219022,-597.316594707412,0.0075897772693783155
449.0685938544476,-597.5049233392859,0.007568567285047107
450.05209773186243,-597.6858107738807,0.0075647021630426406
451.0369402218786,-597.8592621278574,0.007503308503408108
452.02306203601233,-598.0252863179608,0.0076585491876179305
453.0104075188272,-598.1838695671852,0.007027222043360064
453.9989071466937,-598.3350963489851,0.009277191237793194
454.98867149368743,-598.4778074364345,0.006932159136502791
455.97941453779,-598.6135993378145,0.006322983309130495
456.9710121410518,-598.7429453493447,0.00779096375122409
457.9635734619794,-598.86469844743,0.00737419150912628
458.957009095122,-598.9790889968928,0.007482990820643521
459.951272051405,-599.0860540513834,0.007447478546822459
460.94630426123643,-599.1856079853546,0.007453587268327238
461.942050827406,-599.2777434855302,0.007454109513203235
462.93845660441474,-599.3624528155759,0.0074699320060220625
463.9354673568319,-599.4397167124755,0.0074861764781209445
464.93302858609013,-599.5095146603581,0.007503915078157531
465.93108548719823,-599.5718247393008,0.007522237357973295
466.9295828597584,-599.6266264600913,0.007542306900144378
467.9284652155081,-599.6738912961531,0.00756541123197103
468.92767628348753,-599.7136151739461,0.007566497566398549
469.92716055514813,-599.7457076275904,0.007713716939417221
470.92685785368974,-599.7703714739243,0.006098771558124063
471.9266983598268,-599.788469797553,0.008413485082304268
472.9266484286897,-599.7983383639842,0.00801017063019397
473.9266478191735,-599.8001308090213,0.007614232852903508
474.92663053908416,-599.7943111480295,0.007765671491017726
475.92653849926387,-599.7807267279129,0.007759292956708416
476.9263107236765,-599.7593836451022,0.007799824000418326
477.9258861450175,-599.7302433743101,0.007828283122510502
478.92520278930704,-599.6932789573252,0.007861426870724676
479.9241979706836,-599.6484596321925,0.007894939351252704
480.9228081602527,-599.5957547563778,0.007928360605072082
481.92096912126914,-599.5351339627805,0.007967819879287267
482.91861532075114,-599.4665627058156,0.007990025621809676
483.9156819349324,-599.3900198463606,0.008078794050496394
484.91209733548664,-599.3054328055428,0.00793361723464158
485.90781055604316,-599.2129160468636,0.008631100146579942
486.90269027945243,-599.1118953418285,0.00631467911962747
487.8969303705538,-599.0046247525852,0.005611147367045977
488.8904922462749,-598.8913435998617,0.01344680816388929
489.88269595512327,-598.7667298001325,0.007287134769628746
490.87380868039816,-598.6336978708999,0.008571628292898075
491.8637875967481,-598.492485095258,0.008304989122457779
492.8525479541967,-598.3429747134217,0.008428856255519411
493.840016134868,-598.1851565652248,0.008455854400515349
494.8261136711345,-598.0189886703085,0.008508218345194163
495.81076194963987,-597.8444382997789,0.008555237706381008
496.79388080775334,-597.6614700304301,0.008604729814455033
497.7753889029504,-597.4700492306652,0.00865417080504784
498.755203610822,-597.2701412337783,0.008706151457210862
499.7332409108055,-597.0617112159396,0.008752621828226934
500.7094158457541,-596.844725907281,0.008822912570289254
501.68364065632016,-596.6191470558125,0.008808098451684253
502.6558317900788,-596.3849565644147,0.009112707117244595
503.6258833156487,-596.1420616527299,0.008232733305176437
504.59376718204254,-595.89065300655,0.011762879390226633
505.559155727514,-595.6298567652638,-0.0011215294039827427
506.5240145301578,-595.3669928442074,0.01039898948749682
507.48608924626745,-595.0943067506437,0.01607843826019406
508.4441012833216,-594.8075322685871,0.007179955795979004
509.399742608435,-594.5130173627539,0.009529489483364253
510.35261601126274,-594.2096428035447,0.008834444684175807
511.30274925651173,-593.8978006501513,0.008942150418792835
512.250062440897,-593.5774912018798,0.008833646859620027
513.1945073946409,-593.248821768518,0.008782172095023785
514.1360300318587,-592.9118719821272,0.008714642746357243
515.0745804113476,-592.5667297392553,0.00865069912983945
516.010110021924,-592.2134814600374,0.008585204657991053
516.9425724626934,-591.8522145398953,0.008519482075525437
517.8719233004028,-591.4830167260611,0.00845375642897079
518.7981198070141,-591.1059756189046,0.008386175541041301
519.7211219856357,-590.7211807699991,0.008324303460410784
520.6408885454853,-590.3287152793926,0.008240049809336767
521.5573917877198,-589.9286868346978,0.008238593583907458
522.470561881501,-589.5211114905974,0.007927953570986225
523.3804945750087,-589.1063468911467,0.008768054391043383
524.2866765221117,-588.6834765742838,0.005331032261200006
525.1910280321223,-588.2566561359229,-0.0010299250215795302
526.09494172122,-587.8289363744598,0.020525057737000606
526.9916890987544,-587.3864268077775,0.006879932589448625
527.8842736126011,-586.9355319966337,0.00798085897259139
528.7735203104479,-586.478109404172,0.007613784032510813
529.6591813654951,-586.0137752440216,0.007625494864942677
530.5412964758015,-585.542741915996,0.00754073982564843
531.4198291095065,-585.0650593696387,0.007480831092526494
532.2947651547717,-584.5808209069597,0.007415261833729074
533.1660860342025,-584.0901071716435,0.00735126311081278
534.033776036178,-583.5930014554509,0.007288693664892215
534.8978200001968,-583.0895850834752,0.007221667005161977
535.7582048750035,-582.5799401408511,0.007173728458078597
536.6149155242866,-582.0641429941239,0.007057366339935383
537.4679498655486,-581.5422875802166,0.007196901956230068
538.3172615178914,-581.0143974507307,0.006391962639784787
539.1629766349004,-580.4807584870402,0.00908309075728924
540.0045729441728,-579.9406594061901,-0.0011458286097619941
540.8455904564482,-579.3996193738059,0.00733831818240114
541.68260933402,-578.8524797043251,0.01427175029725542
542.5127824224636,-578.2949579878624,0.004671608714927603
543.3396617839791,-577.7325847783974,0.007201313015549697
544.1626601479269,-577.1645388133281,0.006443588053627599
544.9819280139502,-576.5911284958592,0.006578144460877937
545.7974210480982,-576.0123613337521,0.006471709883875974
546.6091470792653,-575.4283229783633,0.006431225092152957
547.417101986725,-574.8390785425945,0.0063745681965133374
548.2212816260801,-574.2446923305981,0.006321980349810618
549.0216966051788,-573.6452455673885,0.006267348721527342
549.8183038860064,-573.0407494088489,0.006244962919127496
550.6112604825271,-572.4314688924853,0.004943251615055701
551.4009445202062,-571.8179503256961,0.007424925736308828
552.1862275757671,-571.1988156881463,0.006197564342838532
552.9675626544947,-570.5747024327413,0.005681692919505334
553.7453554509161,-569.94618224545,0.00568064702837147
554.5195616354987,-569.3132485066167,0.005531167560366785
555.2902558028068,-568.6760433146467,0.005426593206697985
556.0574810505142,-568.0346655412023,0.005300726191199551
556.8212942034529,-567.3892279778447,0.00521254999077983
557.5817382815532,-566.7398248772678,0.004999041179856509
558.3389061062315,-566.0866034050518,0.0052402680792841974
559.0927132873026,-565.4295105687876,0.0038267231073636546
559.843741317314,-564.7692329110088,0.008435493021186511
560.5895116365995,-564.1030442067781,0.006490989675560211
561.3311093715337,-563.4321879125799,-0.0021033562337921044
562.0724322754909,-562.7610405328375,0.006169007135151213
562.8106645018604,-562.0864933095033,0.00377526962025558
563.5460487304229,-561.4088430891999,0.0042818060433126
564.2786071679101,-560.72813886703,0.004000239039621567
565.0084137311178,-560.0444851582911,0.00393347593705428
565.7355319062655,-559.3579728187765,0.0038086298565561116
566.4600282456377,-558.668694150959,0.003700632590331755
567.1819695832606,-557.9767398667701,0.003586374076906783
567.9014235302965,-557.282199697874,0.0034823020383112323
568.6184580408263,-556.5851620212155,0.003346388572118508
569.3331432347161,-555.8857157059524,0.003328103030784676
570.0455423318868,-555.1839412767475,0.0028800467063538446
570.7557529121402,-554.4799514579297,0.004010067899632374
571.4637258247608,-553.7737135323521,-0.0006447205221680881
572.170036948042,-553.0658067010545,0.015905957702512557
572.8683237093243,-552.3500002894492,7.491083297713408e-06
573.566358313585,-551.633932244358,-0.005098639372966408
574.2671162901381,-550.9205330410454,0.004602218836856463
574.9652461725086,-550.2045608358936,0.0017844161772249654
575.661906194474,-549.4871598871664,0.0024243676620521798
576.356879906864,-548.7681245468156,0.0021105402969764484
577.0503187444564,-548.0476091094539,0.0020598393038841565
577.7422764665871,-547.3256710586696,0.0019368736698644393
578.4328332979255,-546.6023929233244,0.0018339528156436748
579.1220628695728,-545.8778498901415,0.0017256331509381017
579.8100410188885,-545.152118485879,0.0016189311823433595
580.4968433596976,-544.4252742455972,0.001511695014597664
581.1825462401251,-543.6973926864346,0.0014052461872559895
581.8672250502168,-542.9685477568944,0.0013114473415709342
582.5509462324093,-542.2388044134256,0.0012337767769236025
583.2337667703573,-541.5082182680882,0.0011533000239152122
583.915744221435,-540.7768450676749,0.0010733768484163663
584.596936267055,-540.044740294568,0.000993092245074943
585.2774009353105,-539.3119594018541,0.0009126972024887078
585.9571965252259,-538.578557767594,0.0008321244461077495
586.6363816092169,-537.844590722937,0.0007513930246533844
587.3150150153806,-537.1101135614213,0.0006704981609166647
587.9931558152446,-536.3751815535926,0.0005894412429331964
588.6708633102721,-535.6398499606322,0.0005082217209651681
589.3481970188489,-534.9041740486128,0.00042683927600132876
590.0252166632341,-534.168209102899,0.00034529351220909745
590.7019821567302,-533.4320104429293,0.0002635830400994329
591.3785535904449,-532.6956334368003,0.00018170993872565665
592.0549912216461,-531.9591335174969,9.966184213138983e-05
592.7313554565698,-531.2225661942089,1.7483221783942196e-05
593.4077068527447,-530.4859870817536,-6.500549485592615e-05
594.0841060522393,-529.7494518667484,-0.00014710710393580622
594.7606139587489,-529.0130164978966,-0.0002314904178526919
595.4372909569561,-528.2767364968784,-0.00029594811653377507
596.1141790855613,-527.5406505904625,-0.00029493790772570027
596.7912850613591,-526.8047650711638,-0.00030131436998740785
597.4686125286283,-526.0690834130015,-0.0003057006272960044
598.1461649195629,-525.333608901155,-0.0003106219706115329
598.8239457168138,-524.5983448731205,-0.0003153980138244301
599.5019583851879,-523.863294656087,-0.0003202113548110662
600.1802063889131,-523.1284615828815,-0.00032501237591945053
600.8586931867324,-522.3938489875537,-0.0003298139147946815
601.5374222327532,-521.6594602062446,-0.0003346120195133269
602.2163969758004,-520.9252985766802,-0.00033940724451226483
602.8956208591561,-520.1913674380199,-0.0003441989348348985
603.5750973202007,-519.4576701306117,-0.00034898676026727293
604.254829790078,-518.7242099957706,-0.00035377029780067013
604.9348216933541,-517.9909903755469,-0.0003585491531333706
605.6150764476776,-517.258014612498,-0.0003633229204925114
606.2955974634405,-516.5252860494564,-0.000368091198279327
606.9763881434382,-515.7928080292982,-0.0003728535806432411
607.6574518825303,-515.0605838947083,-0.00037760966456872535
608.3387920673002,-514.3286169879469,-0.0003823590444268626
609.0204120757182,-513.5969106506124,-0.0003871013164017629
609.7023152768021,-512.8654682234061,-0.0003918360738421858
610.3845050302792,-512.134293045893,-0.00039656291235634693
611.0669846862494,-511.4033884562628,-0.00040128142684193254
611.7497575848491,-510.67275779109235,-0.0004059912118241589
612.4328270559154,-509.942404385102,-0.0004106918617150311
613.1161964186507,-509.2123315709155,-0.00041538297356098444
613.7998689812898,-508.4825426788183,-0.00042006414132526393
614.4838480407665,-507.75304103651297,-0.0004247349617439495
615.1681368823822,-507.0238299688761,-0.0004293950320675937
615.852738779476,-506.2949127977141,-0.0004340439493631023
616.5376569930944,-505.56629284151757,-0.0004386813106993009
617.2228947716648,-504.83797341521546,-0.0004433067169471662
617.9084553506689,-504.10995782992893,-0.00044791976629400646
618.5943419523181,-503.3822493927246,-0.0004525200601953251
619.2805577852305,-502.6548514063676,-0.0004571072028669107
619.9671060441095,-501.9277671690733,-0.0004616807884695612
620.6539899094256,-501.20099997426064,-0.00046624044909085406
621.3412125470926,-500.4745531102973,-0.0004707857001223339
622.0287771081797,-499.7484298602788,-0.0004753164675218093
622.7166867284881,-499.0226335016731,-0.00047983121619526396
623.4049445286656,-498.2971673064807,-0.0004843336765216514
624.0935536122557,-497.5720345394125,-0.0004888086303795919
624.7825170717082,-496.8472384636878,-0.0004933090167440219
625.4718379637995,-496.1227823175565,-0.000497642984989699
626.161519402525,-495.3986694032187,-0.0005024966423666531
626.8515642013213,-494.6749027445412,-0.0005054117671457245
627.5419762428533,-493.9514863977043,-0.0005151753735475151
628.232755232214,-493.2284204310941,-0.0005004139439580191
628.9239167694582,-492.5057201307431,-0.0005729826010777878
629.6154156214685,-491.78334258683833,-0.0003346159553712135
630.3074387406592,-491.0614670542007,-0.0012015039349293401
630.9992846202771,-490.3394227198085,0.0027826935970545375
631.6909642640221,-489.6172207929838,-0.0020736050036918763
632.3844230438256,-488.89672301850317,-0.0001556770172504619
633.0779230568165,-488.176266841396,-0.0006537002333154518
633.771912649371,-487.45628167062847,-0.0004911596247220433
634.4662503567424,-486.7366323898396,-0.0004917566505527458
635.1609433798106,-486.0173260422505,-0.0004491084762120617
635.8559589622895,-485.2983313727343,-0.00041786078396917716
636.5512750404629,-484.57962729391477,-0.0003836452198151999
637.246866763879,-483.86118999403755,-0.0003502407905098833
637.9427100804133,-483.1429963718595,-0.0003166519330251988
638.6387807779623,-482.42502312446925,-0.000283139968979385
639.3350547360867,-481.7072469927666,-0.00024963512839601924
640.0315078553365,-480.98964469853644,-0.0002161548864046805
640.7281160724456,-480.27219296367167,-0.00018269370026384885
641.4248553526361,-479.5548685074828,-0.00014925206275060487
642.1217016880083,-478.8376480498216,-0.00011582895814997497
642.8186310943381,-478.12050831266845,-8.242340123303994e-05
643.5156196081725,-477.40342602199684,-4.9035732387817324e-05
644.2126432843006,-476.6863779099915,-1.566092919610878e-05
644.9096781914327,-475.96934071552505,1.7685889896431132e-05
645.6067004146668,-475.25229119119393,5.106494489632765e-05
646.3036860326295,-474.53520608584273,8.425479082347653e-05
647.0006111891012,-473.8180622185026,0.00011808682926901565
647.6974518122371,-473.1008362113487,0.0001494574895498441
648.3941846483602,-472.3835054945777,0.00018996785902735804
649.0907833919425,-471.666044566571,0.00019627618138501186
649.7872331095698,-470.94843895448105,0.00033030385945056936
650.4834764139733,-470.2306331392811,-1.278380068555392e-05
651.1796142725815,-469.512724853603,0.0014260389554967836
651.8749078855625,-468.7939993492682,0.00048018994936982115
652.569867646195,-468.0749505859618,-0.0009556338188345848
653.265229975238,-467.3562912596863,0.0007682310891564158
653.9602159796002,-466.63726797976585,0.00034861972919597215
654.6549041372377,-465.91795695391147,0.0005031397640953998
655.34924292607,-465.19830867098716,0.0005038567917351639
656.0432156413901,-464.4783073733171,0.0005457712578835112
656.7367962053929,-463.7579283051537,0.0005766428354940394
657.4299610094816,-463.0371491751955,0.0006104685329807641
658.1226857369361,-462.3159470869773,0.0006434985895375963
658.8149462111282,-461.5942993641462,0.0006767383632136458
659.5067181649488,-460.8721833319652,0.0007099190069250484
660.1979772995429,-460.1495763787309,0.0007431129425560803
660.8886992648032,-459.4264559415052,0.0007763016542485277
661.578859663748,-458.7027995148994,0.0008094887849601803
662.2684340398137,-457.978584643541,0.0008426802228087411
662.9573979087743,-457.2537889569226,0.0008758498006657405
663.6457266299086,-456.5283900516818,0.0009090589834139755
664.3333959507848,-455.80236601300487,0.0009346649573233889
665.0203875909104,-455.07570069334304,0.000945250662646307
665.7066918913117,-454.34838617596904,0.0009576589243393894
666.3922993979149,-453.62041478436004,0.0009695907793179256
667.0772007364156,-452.8917789654658,0.0009816629149913705
667.7613864725256,-452.16247115762144,0.0009937102413629408
668.4448471488339,-451.43248382621266,0.0010057772839613132
669.127573274406,-450.7018094544554,0.0010178523526893691
669.8095553270397,-449.9704405461953,0.001029938823217431
670.4907837521386,-449.2383696255025,0.0010420360227194117
671.1712489624981,-448.5055892371328,0.0010541443560045014
671.8509413378531,-447.77209194676647,0.0010662639290117176
672.5298512244972,-447.03787034131733,0.0010783949200309098
673.2079689348893,-446.3029170292322,0.0010905374783399208
673.8852847472708,-445.5672246408043,0.0011026917521912028
674.5617889052862,-444.83078582849186,0.0011148578808920352
675.2374716176125,-444.09359326724666,0.0011270359968003313
675.9123230575912,-443.3556396548499,0.0011392262239011944
676.5863333628679,-442.61691771225617,0.0011514286812357684
677.2594926350424,-441.8774201839494,0.0011636434723876988
677.9317909393061,-441.13713983829155,0.001175870719366011
678.6032183041542,-440.39606946794004,0.0011881104408007239
679.2737647208514,-439.65420189004755,0.0012003630050273848
679.9434201438502,-438.91152994731596,0.0012126274203570634
680.6121744876921,-438.1680465059064,0.0012249077935699401
681.2800176370392,-437.4237444651072,0.001237188966724789
681.9469394078159,-436.6786167232229,0.0012495282769894405
682.612929690613,-435.9326563066902,0.0012617104442575033
683.2779779150062,-435.1858558910378,0.0012744544787867723
683.9420753544522,-434.43820986313983,0.0012358730388438701
684.6052608025554,-433.68975473833353,0.0010581095347039116
685.2676494595024,-432.9405943812106,0.0008985221099491793
685.9293778182504,-432.19085065433893,0.0007118352206194825
686.5905243781208,-431.44059403165755,0.0006150391956164457
687.2513880324497,-430.690087574969,0.00018603708465338191
687.9114271605503,-429.938857643734,0.005221623154648632
688.8854535685621,-428.83156730000553,-4.6543906474117796e-20
