<class_libraries>
<library path="novatel_oem7_driver">
    <class name="Oem7ReceiverTcp" type="novatel_oem7_driver::Oem7ReceiverTcp" base_class_type="novatel_oem7_driver::Oem7ReceiverIf">
        <description>
            Oem7 Receiver TCP interface.
        </description>
    </class>

    <class name="Oem7ReceiverUdp" type="novatel_oem7_driver::Oem7ReceiverUdp" base_class_type="novatel_oem7_driver::Oem7ReceiverIf">
        <description>
            Oem7 Receiver UDP interface.
        </description>
    </class>

   <class name="Oem7ReceiverFile" type="novatel_oem7_driver::Oem7ReceiverFile" base_class_type="novatel_oem7_driver::Oem7ReceiverIf">
        <description>
            GPS file produced by Oem7 receiver.
        </description>
    </class>

    <class name="Oem7ReceiverPort" type="novatel_oem7_driver::Oem7ReceiverPort" base_class_type="novatel_oem7_driver::Oem7ReceiverIf">
        <description>
            Oem7 Receiver serial port interface
        </description>
    </class>



    <class name="Oem7MessageDecoder" type="novatel_oem7_driver::Oem7MessageDecoder" base_class_type="novatel_oem7_driver::Oem7MessageDecoderIf">
        <description>
            Standard Oem7 Message Decoder
        </description>
    </class>

    <class name="BESTPOSHandler" type="novatel_oem7_driver::BESTPOSHandler" base_class_type="novatel_oem7_driver::Oem7MessageHandlerIf">
        <description>
            Standard BESTPOS Handler. 
        </description>
    </class>

    <class name="INSHandler" type="novatel_oem7_driver::INSHandler" base_class_type="novatel_oem7_driver::Oem7MessageHandlerIf">
        <description>
            Standard INS/IMU Handler. 
        </description>
    </class>
    
    <class name="ALIGNHandler" type="novatel_oem7_driver::ALIGNHandler" base_class_type="novatel_oem7_driver::Oem7MessageHandlerIf">
        <description>
            ALIGN  Handler. 
        </description>
    </class>
    
    <class name="TimeHandler" type="novatel_oem7_driver::TimeHandler" base_class_type="novatel_oem7_driver::Oem7MessageHandlerIf">
        <description>
            Time-related messages. 
        </description>
    </class>
    
    <class name="RXSTATUSHandler" type="novatel_oem7_driver::ReceiverStatusHandler" base_class_type="novatel_oem7_driver::Oem7MessageHandlerIf">
        <description>
            Receiver Status (RXSTATUS) messages. 
        </description>
    </class>
    
    <class name="NMEAHandler" type="novatel_oem7_driver::NMEAHandler" base_class_type="novatel_oem7_driver::Oem7MessageHandlerIf">
        <description>
            NMEA 0183 messages. 
        </description>
    </class>
    

</library>

</class_libraries>
