-1.032028290905555,-2.4675012922249895
-1.6694260064430788,-1.737027630017494
-2.3290333869056785,-0.9854254183229969
-2.9886407673682824,-0.2338232066285031
-3.648248147830888,0.5177790050659885
-4.3078555282934845,1.2693812167604879
-4.967462908756101,2.0209834284549713
-5.627070289218655,2.772585640149507
-6.2866776696814775,3.5241878518438146
-6.946285050143148,4.2757900635391035
-7.605892430609676,5.027392275230252
-8.265499811056005,5.778994486938618
-8.925107191585472,6.5305966985761215
-9.584714571775358,7.282198910503071
-10.244321953342222,8.033801121256316
-10.903929329361183,8.785403336738476
-11.563536727611242,9.53700553327132
-12.22314403719827,10.288607805378659
-12.882751698937362,11.040209777319003
-13.544885396201321,11.789595475060707
-14.212081324462337,12.53444797594685
-14.878155276942529,13.28031592260952
-15.54453071214533,14.025911616289251
-16.210825208143067,14.771580445136815
-16.877141448540137,15.517229629277821
-17.543451845705647,16.262884092627207
-18.20976381380484,17.00853713671864
-18.8760753588135,17.754190562960687
-19.542387020327993,18.499843884330794
-20.20869863944273,19.24549724247571
-20.87501031491281,19.991150555749556
-21.541321793680087,20.736804022960236
-22.207634054278408,21.482456877106813
-22.885905410015983,22.216924287635308
-23.594346942367515,22.922807324311464
-24.29653408283367,23.634659322688158
-25.00033464580169,24.344974601833982
-25.703954091371635,25.05545869834981
-26.410971694617622,25.76263248198999
-27.122542319544415,26.4652455276426
-27.83616967040316,27.165767389699546
-28.549538962445702,27.866551356268694
-29.26294241780274,28.567300889793646
-29.976346094930513,29.268050059518792
-30.689747200549963,29.968801896510872
-31.403149668554725,30.669552330010777
-32.11655159021281,31.370303325040197
-32.829953709937364,32.071054116719424
-33.543355751864844,32.771804988290185
-34.256757859345896,33.47255579230474
-34.970159804565476,34.17330676398845
-35.68356229222035,34.874057174550856
-36.39696291447157,35.57480951659315
-37.110369928641745,36.27555523319519
-37.82375520754335,36.976323507928484
-38.53721369454523,37.67701568491676
-39.25042848061209,38.37796166766674
-39.96444259368022,39.07807310891883
-40.6760432902922,39.780710609130196
-41.76484587868228,40.812222126731434
-42.5026269226331,41.48725638141258
-43.238068440895674,42.16477777351876
-43.97426357039214,42.841497297379576
-44.71016581384566,43.518529289137064
-45.44635161047522,44.195256929600944
-46.18185199360465,44.872722817600994
-46.91985375541677,45.547483006526974
-47.66340354463945,46.216179613216006
-48.40962291220329,46.881846465495016
-49.15606847460502,47.54725629304811
-49.90245256745099,48.21273600494654
-50.648853377880066,48.87819671342183
-51.39524964064578,49.543662591553684
-52.141647140922245,50.20912706293441
-52.88804430439784,50.874591917175266
-53.634441559374956,51.54005666740754
-54.38083879019335,52.205521445078006
-55.12723602473385,52.87098621860852
-55.87363326898959,53.53645098075502
-56.62003047032766,54.20191579295734
-57.36642783453233,54.86738041528677
-58.11282458677475,55.53284575092434
-58.85922363713669,56.19830840829578
-59.60561405635376,56.86378112284726
-60.352036896736976,57.52921606569254
-61.09833793217999,58.19479288653646
-61.84509662146239,58.85983666591553
-62.60286022645728,59.51199328733293
-63.38624328541374,60.133766250352636
-64.16259766198296,60.76392969811546
-64.94085041482069,61.391830648589355
-65.71859094860079,62.020342432517495
-66.49646977337451,62.64868929889192
-67.2743112504669,63.27708071179507
-68.05216283391599,63.905460068153495
-68.83001161621569,64.53384276866473
-69.60786142550769,65.16222423562873
-70.3857099257219,65.79060729551277
-71.16356272035145,66.41898511337827
-71.94139930010766,67.04738272871523
-72.71929777981316,67.67570476483516
-73.50271513846815,68.2972068593682
-74.29122198759799,68.91220048382807
-75.08145654581294,69.52490891638453
-75.87149662575715,70.13787744707113
-76.66155592032572,70.7508196243719
-77.45161888334022,71.36375725202774
-78.24167848624732,71.97669922991538
-79.03173968263245,72.58963912799413
-79.82180006907456,73.20258009259399
-80.6118614609256,73.81551971496891
-81.40192000196726,74.42846316444428
-82.19198813757004,75.04139370561916
-82.98202359917317,75.65436829497474
-83.77216954687951,76.26719357943281
-84.56194584350808,76.88051985054764
-85.35294226475645,77.4921862801197
-86.14224974680786,78.1061759692382
-87.37213783299075,78.96461320851733
-87.78570071134274,79.24558631657283
-88.608446836147,79.81391684727501
-89.43164349970286,80.38161899779128
-90.25469462745303,80.94952487643417
-91.07779196145614,81.5173658900033
-91.90087294368195,82.08522997002027
-92.72396676652855,82.65307570803645
-93.54702809114654,83.22096816932424
-94.3702028755939,83.78869733810407
-95.60376444599328,84.64204077813702
-96.4307136889353,85.20432235322559
-97.25749181117357,85.76684588371668
-98.08424245926837,86.32941203610895
-98.91102010289492,86.8919380285456
-99.73778525340393,87.45448248312985
-100.56455516081594,88.01701992732436
-101.39132341599023,88.57955980284572
-102.21809221506007,89.14209887875394
-103.04486084129036,89.70463820860655
-103.87162952110202,90.26717745974838
-104.69839818445345,90.82971673514822
-105.52516685383887,91.39225600134185
-106.35193551542396,91.95479528028477
-107.17870420890316,92.51733450758786
-108.00547275582511,93.07987396791194
-108.83224195748119,93.64241240079468
-109.65900831193703,94.20495525920632
-110.48578679935501,94.76747939477232
-111.31251438125939,95.33008164003891
-112.13945293657282,95.89236163961053
-112.96552578080164,96.45595895677253
-113.79630742351821,97.0124168216431
-114.63342637982623,97.55925067518282
-115.46957078132122,98.10755166470405
-116.31991458034565,98.63305004762056
-117.18982036969928,99.12664042627708
-118.05515713379279,99.62774036655154
-118.9217381131387,100.12679675165884
-119.78798078584441,100.62640941769902
-120.6543154561068,101.12587071681727
-121.52062511590191,101.62537319673038
-122.38694157385441,102.12486447559027
-123.2532561843754,102.6243588004227
-124.11957129669631,103.12385229738362
-124.98588627339586,103.62334601818159
-125.85220128405211,104.12283968311704
-126.7185162972528,104.62233334291929
-127.58483126205103,105.12182708648355
-128.45114643224994,105.62132047538933
-129.31746077611987,106.12081529086112
-130.1837784182194,106.62030441232625
-131.05008295202825,107.11981616199382
-131.91643938049586,107.61923830919906
-132.7825986078061,108.11900068916299
-133.64992990671095,108.6167318871513
-134.51864349595462,109.11203915339405
-135.38704979002472,109.60788798780999
-136.25554237048345,110.1035848946449
-137.12401079158707,110.59932434984523
-137.9924859659978,111.09505191218506
-138.86095925702864,111.59078279114955
-139.72943306821168,112.08651275465445
-140.59790675231937,112.58224293984057
-141.46638040439777,113.07797318929822
-142.3348543221709,113.573702941494
-143.2033271873624,114.06943465691083
-144.0718040740791,114.56515888127957
-144.9402656410464,115.06091161045023
-145.8087855325171,115.55655592930663
-146.67708343007857,116.0526124129677
-147.5462256083643,116.54710228261362
-148.41341699874044,117.04520845349103
-149.30549471674067,117.49662005635986
-150.20050060136327,117.94243954227801
-151.09466442365223,118.38986944689897
-151.98926820142782,118.83645774359286
-153.33247294182274,119.50381371297323
-154.23459846681504,119.93532009372655
-155.13593004239763,120.36844173221724
-156.03752964110578,120.80101554263061
-156.939042623637,121.23376697477872
-157.84058278140114,121.66646255295734
-158.74211459483007,122.09917531059386
-159.64364892888284,122.5318828719322
-160.5451825112421,122.96459198451238
-161.44671631543244,123.39730063891946
-162.34825005480687,123.83000942729129
-163.24978381267206,124.26271817742739
-164.15131756633878,124.6954269362351
-165.05285131745848,125.12813570036275
-165.95438508142007,125.56084443775589
-166.8559188035886,125.99355326213103
-167.75745265351964,126.42626182064555
-168.65898613343677,126.85897114892748
-169.56052059524285,127.29167843543613
-170.46205288186874,127.72439024021367
-171.3635877281141,128.1570967583922
-172.26513376324988,128.5897798035743
-173.16656060259066,129.02271166610097
-174.0690883062839,129.45334155629794
-174.974088329817,129.8786865818757
-175.8810230196882,130.29976714376696
-176.78772283401855,130.7213699867601
-177.69448440375396,131.14283565797837
-178.6012465779653,131.56429988048734
-179.50793964041242,131.98591806017518
-180.4149155845605,132.40690612578064
-181.32155544148083,132.82863769362518
-182.2450252899511,133.21231443070795
-183.16838945200632,133.5962345585747
-184.09178199100796,133.98008933074692
-185.01516691072777,134.36396165241945
-185.93855387623236,134.7478292616783
-186.8619402924435,135.1316981363159
-187.78532685613914,135.5155666711758
-188.70871338023613,135.89943529727043
-189.63209991496234,136.28330389887395
-190.55548644684728,136.66717250702357
-191.4788729794431,137.05104111353992
-192.4022595120579,137.43490971999222
-193.3256460438281,137.8187783284726
-194.2490325791673,138.20264692840232
-195.17241910029492,138.5865155623755
-196.09580567761128,138.97038406175142
-197.01919203351537,139.3542530915085
-197.94257925945445,139.73812003713869
-198.86596307409985,140.12199515428034
-199.78926064979836,140.50607671217682
-200.71246456978776,140.89038217399582
-201.63569553109988,141.27462301919877
-202.55891879854246,141.65888225158469
-203.48214424797558,142.04313626950585
-204.40536908047704,142.4273917617665
-205.32859408693793,142.81164683830065
-206.25181904446686,143.195902031772
-207.17504401572882,143.58015719242428
-208.09826898314444,143.96441236226855
-209.02149395163525,144.34866752954332
-209.9447189198262,144.73292269753466
-210.8679438881005,145.11717786532677
-211.79116885635142,145.50143303317475
-212.7143938246095,145.8856882010058
-213.63761879286426,146.26994336884454
-214.56084376112415,146.65419853667117
-215.4840687293676,147.0384537045369
-216.40729369767075,147.42270887226027
-217.33051866575235,147.80696404051224
-218.2537436346592,148.19121920679538
-219.1769686004909,148.57547438041482
-220.10019357778208,148.9597295266957
-221.02341851236648,149.3439847748612
-221.94664360611176,149.72823964332076
-222.86986810669453,150.11249592686892
-223.79309482024087,150.49674693101736
-224.7169402182176,150.87950181997232
-225.6416116397659,151.2602565802462
-226.56607807153063,151.6415078634351
-227.4906006167907,152.02262326491638
-228.41510780984797,152.4037758383634
-229.33961920161875,152.78491824702158
-230.26412944552771,153.16606343421296
-231.1886400030954,153.54720786225255
-232.1131504751169,153.92835249731797
-233.03766096995605,154.30949707716036
-233.96217146064808,154.69064166707545
-234.88668194451768,155.0717862733499
-235.81119246061868,155.45293080220333
-236.7357028520267,155.83407563060925
-237.66021371955316,156.21521931519288
-238.58472277152003,156.59636736155173
-239.50923874840254,156.97749877075802
-240.43418312956948,157.35759648995906
-241.35965977723936,157.73640085803618
-242.28496474807326,158.11562351279025
-243.21031867232517,158.49472699113974
-244.13565869928124,158.87386430917905
-245.06100265988755,159.25299204935322
-245.98634551028732,159.63212249275165
-246.91168867322742,160.01125217515374
-247.83703174838672,160.39038207129107
-248.7623748481484,160.7695119075248
-249.68771794102804,161.14864176051526
-250.61306103582933,161.5277716088268
-251.5384041300952,161.90690145844212
-252.4637472245089,162.28603130769744
-253.38909031888528,162.6651611570436
-254.31443341325755,163.04429100639985
-255.23977650768748,163.42342085561523
-256.16511960188325,163.80255070540244
-257.0904626969839,164.18168055298037
-258.01580578860387,164.56081040905568
-258.9411488935981,164.93994023248277
-259.86649194724544,165.31907018124502
-260.7918351978725,165.6981996492224
-261.71717769338886,166.07733096014204
-262.64252308155574,166.4564552116022
-263.5678573958802,166.8356064867814
-264.4932314986181,167.21466066752834
-265.41835867617783,167.59431725406378
-266.34335366496197,167.97429624431544
-267.2683811000006,168.35419611167862
-268.19339965112863,168.7341176421281
-269.1184206336418,169.11403324414806
-270.0434409510299,169.49395046783945
-270.968461450223,169.87386724828804
-271.8934819000922,170.2537841489912
-272.8185023616826,170.63370102108297
-273.7435228280207,171.01361788175393
-274.6685432581802,171.39353483000707
-275.59356384786247,171.77345139181267
-276.51858376286475,172.1533695887004
-277.4436064884827,172.5332809716745
-278.3686176317853,172.9132204381168
-279.2936760606701,173.29304518104135
-280.2186918018698,173.67297275629846
-281.1453750047714,174.04879711587796
-282.072012390517,174.42473470496589
-282.998662345518,174.80064122641636
-283.92530885412305,175.1765562679511
-284.85195630726935,175.55246897402742
-285.7786035016653,175.92838231998985
-286.70525076691354,176.30429549070828
-287.6318980127686,176.68020870940035
-288.5585452639298,177.05612191496476
-289.4851925136401,177.43203512411915
-290.4118397637468,177.80794833229248
-291.33848701374507,178.1838615407342
-292.265134263773,178.5597747491027
-293.1917815137929,178.93568795749096
-294.11842876381485,179.31160116587407
-295.04507601383636,179.6875143742583
-295.9717232638576,180.06342758264333
-296.8983705138809,180.43934079102303
-297.82501776389665,180.8152539994221
-298.7516650139412,181.19116720774738
-299.67831226387324,181.5670804163602
-300.60495951424105,181.9429936238605
-301.53160676292543,182.31890683565518
-302.4582540181064,182.69482003089007
-303.38490124824057,183.07073328992323
-304.31154857485,183.4466463033852
-305.23819553019024,183.8225602612853
-306.1648439130937,184.19847058991084
-307.0914868112071,184.5743948544573
-308.0181507659799,184.9502656453979
-308.9447339334981,185.3263414782144
-309.87162676120886,185.70163157066588
-310.79735561571863,186.07987132786792
-311.7302625904934,186.43982729097624
-312.6665049630923,186.7912051624608
-313.6019228519102,187.14470901537607
-314.5375667372433,187.4976302324709
-315.47314872888717,187.8507110876647
-316.40874769383515,188.20374814902118
-317.34434190346497,188.55679749976304
-318.27993783695496,188.90984233477369
-319.2155316812702,189.2628928101122
-320.15113228029884,189.61592492111134
-321.0867074088769,189.9690262621711
-322.022379721117,190.32186365491702
-322.96062343597384,190.6676657305989
-323.9035404814209,191.00058419276317
-324.84773262923824,191.32999125729566
-326.27054718992997,191.80482599761683
-327.21859647243764,192.12283379095282
-328.166726721496,192.44060065392867
-329.1148341946032,192.7584353718579
-330.0629507606534,193.07624280712474
-331.0110556979829,193.39408547848058
-331.9591912305612,193.71183544567225
-332.9072413477263,194.02984318218085
-333.85550786182364,194.34720288073328
-334.8033533256245,194.66579027660606
-335.75177811107335,194.9827192882459
-336.7124054341434,195.2594656684846
-337.67802687098975,195.51956310374845
-338.6422124736108,195.78450364266638
-339.6068472470238,196.04792065870384
-340.57134445723136,196.3118064245349
-341.53588317252473,196.57555026586772
-342.50040940744435,196.83933692004106
-343.4649397543759,197.1031093754451
-344.42946738756496,197.36689140642423
-345.3940010501421,197.63065184146862
-346.358514910386,197.89448345692048
-347.32309625518894,198.15807195874802
-348.2874486395235,198.4224873013114
-349.2528724335484,198.68299149377088
-350.2209782269528,198.93334258127632
-351.19052699914545,199.17847368977922
-352.6660948987434,199.4473751929685
-353.15884329495054,199.53205358236104
-354.14331635826284,199.70740608854783
-355.12795794832766,199.88188075395936
-356.1125435017159,200.05664970925952
-357.09714698925586,200.2313239817753
-358.08174488591385,200.40602788515042
-359.06634450384945,200.58072263684886
-360.050943557036,200.7554204080598
-361.03554293770594,200.930116393135
-362.02014168485675,201.10481589763077
-363.0047424020942,201.27950439321813
-363.989336706965,201.4542288793736
-364.9739515890053,201.62883723464773
-365.95850214487893,201.8038113509486
-366.94324616309297,201.97767286326575
-368.4204469917235,202.23734613761155
-369.4090257535372,202.3875943636864
-370.39734377749505,202.53904797705667
-371.38580049153825,202.68950872573663
-372.3742194265052,202.84023768904606
-373.36263912004154,202.99097726826133
-374.35109876147806,203.14136762952216
-375.3393907207428,203.29319523215264
-376.3308974464415,203.41779780062052
-377.32949450765796,203.47695805082267
-378.32671266539285,203.54964230735595
-379.32431397104494,203.6185737213478
-380.3218100609721,203.6885458257575
-381.31933511397733,203.75822961807188
-382.31685220429665,203.82799321247347
-383.3143714833965,203.89773475088663
-384.3118901543743,203.96748239961303
-385.3094090422376,204.03722800136342
-386.30692759168267,204.1069766681784
-387.3044476228079,204.17671078988934
-388.30196073324623,204.24651651707427
-389.2995047958519,204.31598826399716
-390.2969346102009,204.38769498382254
-391.79497250692714,204.46148571174479
-392.29406584175933,204.4915827356843
-393.2927052844642,204.54284311617977
-394.2913985130625,204.59298022232738
-395.2900729545503,204.64354382916582
-396.2887560075338,204.69384023831685
-397.2874289912882,204.7446417089311
-398.28612407970877,204.7939237681179
-399.7846710926402,204.8498414857629
-400.7843103170213,204.81033140182046
-401.7834608289142,204.7689745996782
-402.7823398833416,204.72213452562576
-403.7812336436921,204.6757294181361
-404.7801340158471,204.6294017605835
-405.77902983072624,204.58300138192
-406.77792761591627,204.53663441042076
-407.7768246724217,204.49025475393
-408.77572197894517,204.4438795125746
-409.7746192003491,204.39750275962302
-410.77351646155387,204.35112669575284
-411.77241366511896,204.3047496929783
-412.7713110443091,204.25837547528323
-413.7702078227363,204.2119918763763
-414.7691066672959,204.16564001744203
-415.76799844908186,204.11918176048658
-416.7669141704315,204.07307562763424
-417.7657495444643,204.02582315769558
-418.7648459078829,203.9821669126536
-419.7621434813851,203.91665626438598
-421.25155300371716,203.73995809763218
-422.2431804145218,203.6126701700947
-423.23272264542476,203.46771541236427
-424.22245524594234,203.32489887207387
-425.2120408384868,203.1809980335069
-426.20167035378233,203.03741729737078
-427.19128692382264,202.89374285767937
-428.18090728098593,202.75009565421578
-429.1705265381707,202.6064405818585
-430.16014611297146,202.46278777114702
-431.1497655965361,202.3191343133493
-432.13938510616987,202.17548103988602
-433.12900460847663,202.03182771442806
-434.1186241124542,201.88817440211477
-435.10824361762775,201.74452109291667
-436.09786311570565,201.600867753819
-437.0874826429849,201.4572145446956
-438.0771020531259,201.3135607958394
-439.06672193035394,201.16990926164544
-440.0563399527015,201.02624871454788
-441.045965314675,200.8826245985039
-442.03556172201786,200.7388540800263
-443.02527197525296,200.59566900717874
-444.0145349269958,200.4501534422177
-445.00531531615724,200.31265977320317
-445.9829219722968,200.10707944741966
-446.95249949217066,199.86268682701385
-447.9242223601664,199.6284889198324
-448.89511158501807,199.39033437041945
-450.3480022194658,199.01812880448017
-451.31221701443934,198.75295859679704
-452.27672005276247,198.4889018579339
-453.24116360477603,198.2246112349082
-454.20561834435847,197.96036600203962
-455.1700713597449,197.69611323646146
-456.1345244959265,197.43186124880285
-457.09897769113456,197.1676093849738
-458.0634308461583,196.9033573993276
-459.02788401803076,196.63910546860262
-459.99233718543024,196.3748535226716
-460.9567903477845,196.1106015605099
-461.921243536407,195.8463496843451
-462.8856966246344,195.58209747908825
-463.85015008802975,195.31784650367797
-464.8146021520913,195.05359094140135
-465.77905943469375,194.78935248355867
-466.7434972560292,194.5250502441616
-467.70800765327255,194.26098584249104
-468.67224739716744,193.99603455872068
-469.63749647450436,193.73439040530494
-470.5975410771582,193.45569109567157
-471.55157222111063,193.15722310559676
-472.5103754494495,192.87442715888673
-473.92016659654786,192.3693668930721
-474.8380686203062,191.97096889890673
-475.7615585661763,191.58776786472535
-476.68324614543684,191.19977416028684
-477.60549905091705,190.813257496189
-478.52757845917176,190.42629339329466
-479.44971025818967,190.0394630222363
-480.37182643830533,189.65259311012022
-481.29394722699595,189.265734786241
-482.2160666673823,188.87887309124747
-483.1381864994079,188.49201237075107
-484.06030621845457,188.10515137028182
-484.9824259695999,187.7182904491212
-485.9045457127926,187.33142950820206
-486.8266654540141,186.94456856306115
-487.74878521034,186.5577076528463
-488.670904912836,186.17084661797566
-489.59302479781735,185.78398600522092
-490.5151440729929,185.39712398416526
-491.437265357396,185.01026659371033
-492.3593801384891,184.62339425575277
-493.28151547563357,184.23656899088581
-494.203587959777,183.84960056335927
-495.1258432579215,183.46304508204108
-496.04760923549003,183.07540156600737
-496.97014727490546,182.68935213030375
-497.8810533338786,182.27879749990188
-498.7545494226241,181.79169242866408
-499.63420183272535,181.3171596534212
-500.51198410385484,180.8388225810031
-501.3903264871881,180.3616208004263
-502.268503076881,179.8840839112429
-503.1467283176312,179.4066451147979
-504.024939251829,178.92917757981147
-504.9031548752687,178.45171926326518
-505.78136717051586,177.9742550190806
-506.6595874639779,177.49680403553612
-507.53778047964903,177.01930867064763
-508.4160696775844,176.541967851974
-509.2940197848386,176.06408942110932
-510.173470534898,175.58849977997312
-511.05137044501987,175.10977146998124
-512.3405469158249,174.3441597967864
-513.194725923584,173.8246167997013
-514.0490210010562,173.3052274792584
-514.903267618463,172.78576969478004
-515.7575319449185,172.2663376569046
-516.6117902437519,171.74689670907077
-517.4660505059644,171.22745869471623
-518.3203101476369,170.70801974622088
-519.1745699808832,170.18858108774688
-520.0288297571617,169.66914234254762
-520.8830895457304,169.14970361659
-521.7373493482921,168.6302649100645
-522.5916090821629,168.11082610599857
-523.4458690721406,167.59138766496466
-524.3001281259408,167.07194790145212
-525.1543905930719,166.5525129414096
-526.0086406309276,166.0330605614944
-526.8629358728596,165.51367125804947
-527.7170669294105,164.9940539396085
-528.5717926762431,164.4752581509208
-529.4223796628596,163.95057733702464
-530.1913690058001,163.31043997613165
-530.9709049756298,162.68487217266386
-531.7473876835844,162.05509907209935
-532.5247515279748,161.4265343263105
-533.3018622391396,160.7976236200155
-534.0790453941822,160.1688116156219
-534.8562079519805,159.53997162345104
-535.6333761101935,158.91113922950106
-536.4105435970725,158.28230590432682
-537.1877080412842,157.65346853848018
-537.9648846738469,157.02464742189102
-538.7420184030459,156.39576897989917
-539.519300753916,155.76708962071768
-540.2960574954686,155.13770477804866
-541.4422165247124,154.16984483397587
-542.1888590039591,153.5050211598896
-542.9317472641919,152.83621141008328
-543.6752673080316,152.16807258340745
-544.4186771254741,151.49981608676956
-545.1621007865308,150.83157460635954
-545.9055249082774,150.1633334899234
-546.6489477986136,149.49509111013853
-547.3923713132508,148.82684937857758
-548.135794582473,148.15860739111233
-548.8792179380034,147.49036549383914
-549.6226412656738,146.82212356741664
-550.366064599508,146.15388164744007
-551.1094879410523,145.48563973556986
-551.8529112463771,144.8173977856544
-552.5963346812787,144.14915597182525
-553.339757663625,143.48091368277375
-554.0831822162226,142.81267304235675
-554.8266013518462,142.14442671563086
-555.5700390518198,141.47619987197982
-556.3134136242817,140.8079067944304
-557.0570008575371,140.13983677233574
-557.7998798535025,139.47102422139696
-558.5450696882734,138.80463440741448
-559.5914884549744,137.73408366172313
-560.2245133473753,136.95881786464815
-560.8710659762718,136.1965135557565
-561.5135054992256,135.43030755608083
-562.1571779043522,134.6652610182341
-562.8004851134474,133.8998733699769
-563.4438994752454,133.1345852391363
-564.0872826453951,132.36926827737665
-564.7306748349081,131.6039596184144
-565.3740644312229,130.83864858066428
-566.0174547694519,130.0733382214005
-566.6608448963311,129.30802766937666
-567.30423508319,128.54271717192597
-567.9476252530844,127.777406659073
-568.5910154277624,127.01209615055481
-569.2344056010952,126.24678564081972
-569.8777957748057,125.48147513142574
-570.52118594841,124.71616462193603
-571.1645761220447,123.95085411247359
-571.8079662956693,123.1855436030022
-572.4513564693028,122.42023309353876
-573.0947466429097,121.6549225840517
-573.7381368166161,120.88961207465263
-574.3815269899443,120.12430156491934
-575.0249171647085,119.35899105645488
-575.6683073340231,118.59368054317602
-576.3116975240127,117.82837004815889
-576.9550876355862,117.06305948389178
-577.598478044493,116.29774918215344
-578.2418673262999,115.53243788542841
-578.8852608794582,114.76713035872922
-579.5286382497441,114.0018085509449
-580.1720769166482,113.2365408274297
-580.8152834637244,112.47106832861137
-581.1298298009003,112.08240315622706
-582.0967877046971,110.93584869319542
-582.7220160532322,110.15523213192603
-583.3344443456249,109.36490414829385
-583.9379316084515,108.56817967754378
-584.540858515801,107.77106088467704
-585.1447708617395,106.97462487532596
-585.7460840534648,106.1764037637258
-586.3544843990582,105.38302794543827
-587.1646182637082,104.1226732436103
-587.6643723392124,103.25615378507047
-588.1713965577181,102.39434729634834
-588.676173812819,101.53109895130453
-589.1816334476116,100.66828465399048
-589.6868887280713,99.80534124815625
-590.1922045329785,98.94243586849036
-590.6975025744445,98.07951937981557
-591.2028057897917,97.21660611423485
-591.7081075085828,96.35369191946418
-592.2134096553461,95.49077798964473
-592.7187116881778,94.62786398954732
-593.2240137276967,93.76494999307471
-593.7293158371963,92.90203604214713
-594.234617750044,92.03912195893659
-594.7399200365874,91.17620815527943
-595.2452223078776,90.31329412897213
-595.7505194737048,89.4503778622213
-596.2558549795688,88.58748143266365
-596.7609753399115,87.72446811117788
-597.2671675864392,86.8620512535765
-597.7680476868691,85.99664061845928
-598.2474683426536,85.11936463902933
-598.7178811545454,84.23729825376964
-599.1889382965596,83.3558058097768
-599.6594245934507,82.47399079103067
-600.129861331457,81.59216957486947
-600.6012116681231,80.71076685519213
-601.0691735778604,79.8278034362686
-601.5439014661658,78.94790812749758
-602.1068243555887,77.55919118370417
-602.457673961582,76.62285566521658
-602.8081959393396,75.68636593987821
-603.1587659683382,74.74990212829951
-603.509333774567,73.81343549812864
-603.8598993190719,72.87696851639707
-604.2104662359183,71.94050192567794
-604.5610325795205,71.00403515058
-604.9115991318454,70.06756844623686
-605.2621656134595,69.13110171720884
-605.6127321179854,68.19463499633086
-605.9632986153083,67.25816827285703
-606.3138651148467,66.32170155018926
-606.6644316137161,65.38523482727638
-607.0149981127818,64.44876810443571
-607.3655646118025,63.51230138157876
-607.7161311107882,62.57583465870765
-608.066697609953,61.63936793590712
-608.4172641084722,60.702901212852225
-608.767830609265,59.766434490693754
-609.1183971020978,58.82996776539385
-609.4689636226663,57.89350105105368
-609.8195300470991,56.95703429866906
-610.1700968027199,56.02056767757642
-610.5206624255593,55.08410060649122
-610.8712318898768,54.14763506519989
-611.2217884618487,53.21116437421708
-611.5723877467219,52.2747108091954
-611.9228478310092,51.33820115884538
-612.273751848668,50.401871552434265
-612.6231427727564,49.464925621447236
-612.9613608932045,48.52375323897547
-613.4249690325323,47.097678714792565
-613.736774625145,46.14799140658782
-614.0485005953437,45.19827670553855
-614.3602184607387,44.24856058233743
-614.6719458747998,43.29884720439428
-614.9836696616414,42.34913208715224
-615.2953956092697,41.399420373301105
-615.6071009268355,40.44969209496357
-615.7770885625259,39.97946435709968
-616.2297237854582,38.54993643093614
-616.4971607183209,37.58863190001805
-616.662462574749,36.601272958919935
-616.852110525383,35.61980717238225
-617.034298312475,34.6365675033156
-617.2187369916221,33.65385371174508
-617.4025050399783,32.67098533143594
-617.5864708963895,31.688162034280708
-617.7703788928043,30.705325674600978
-617.9543036952526,29.722493078428442
-618.1382236462644,28.739659403367583
-618.3221449882717,27.756826035897724
-618.5060659358269,26.773992581283412
-618.6899870077027,25.791159155018626
-618.8739079080789,24.80832568860664
-619.0578297083474,23.82549242285682
-619.2417467927098,22.84265813407367
-619.4256866674317,21.859828713241406
-619.6095220270668,20.876977188602567
-619.7938202886264,19.89422290030162
-619.9758836522693,18.91100377599924
-620.1475105010447,17.925782216213243
-620.3706126089266,16.442668446034688
-620.5202897238169,15.454141017983183
-620.6700863292889,14.465627202647198
-620.8198050023325,13.477103714997902
-620.9695568757887,12.488584431409251
-621.119296564111,11.500063590513179
-621.2690403426363,10.511543275089988
-621.4187829970144,9.523022814685863
-621.5685253190968,8.534502312013569
-621.7182699915215,7.5459821098367765
-621.8680067530436,6.5574608998863955
-622.0177682541953,5.568942823235817
-622.1674558525355,4.580415470543651
-622.3173499704804,3.5919136534390788
-622.4667334209637,2.6033507322262213
-622.6170161601715,1.6148848489693979
-622.7626257027903,0.6259841009769832
-622.8142093352762,-0.3722836384075844
-622.8560321072603,-1.3713830192553726
-622.9011200128141,-2.370224415514217
-622.9451501717249,-3.369146006966398
-622.9895127919974,-4.368043200750165
-623.0337731603399,-5.366947717865773
-623.078064510248,-6.365850057494692
-623.1223464816662,-7.364753051394217
-623.1666313991827,-8.36365581936144
-623.2109159549199,-9.362558715103367
-623.2551944116507,-10.36146159932575
-623.2995140265142,-11.360363425842923
-623.3436139356538,-12.359273128844714
-623.3887803736293,-13.358138698977525
-623.4284287765245,-14.357249330294362
-623.4457307758855,-15.857112146628488
-623.4521883984468,-16.856818262336017
-623.4582962345645,-17.856540613090417
-623.4646443498787,-18.85626106273452
-623.4708872354273,-19.85598163379511
-623.4771873069453,-20.85570160778655
-623.4833505645488,-21.85542364593951
-623.4901818115281,-22.855140849024295
-623.4932461161027,-23.854848554152245
-623.4496447479479,-24.852350579846625
-623.331813709694,-25.846125711557598
-623.2349498061724,-26.841146047567435
-623.1315895042292,-27.835758274330843
-623.0302053751727,-28.830501062822314
-622.9282286267502,-29.825203272812406
-622.8264275878396,-30.819917862024163
-622.724574933034,-31.81462873095343
-622.6227373242431,-32.80934070486698
-622.5208953579627,-33.80405235370868
-622.419054646936,-34.798764097454026
-622.3172135749815,-35.79347581357396
-622.2153726101889,-36.7881875380602
-622.1135316001604,-37.78289925870655
-622.0116906552912,-38.7776109855797
-621.909849507037,-39.77232269245268
-621.8080090676489,-40.767034469591415
-621.7061661425075,-41.76174599865797
-621.6043319046571,-42.75645840119749
-621.5024674484987,-43.75116773947671
-621.4007075300483,-44.74588778223536
-621.2985882845771,-45.74057060995008
-621.1976948584249,-46.73538208387848
-621.0920884527943,-47.72968905170232
-620.8902395692828,-49.21602800782256
-620.7492993313876,-50.20572714688201
-620.6083890085558,-51.195398838354265
-620.4675214680728,-52.185086251994065
-620.3266282402958,-53.174767071343275
-620.185746133829,-54.1644503754798
-620.0448581629327,-55.154132501573
-619.9039787311435,-56.14381621832446
-619.7630734896711,-57.13349516986229
-619.6222568184444,-58.123190551066166
-619.481133474058,-59.11282867828742
-619.3410681675457,-60.10266575316566
-619.1973724842577,-61.0918139192745
-619.0557833550188,-62.081441796494175
-618.804951105333,-63.04967209798973
-618.5602290804193,-64.01915522262243
-618.3143414826948,-64.98842224836508
-618.0686359962854,-65.95771575845686
-617.8229165291112,-66.92701066989488
-617.5771915100809,-67.89630294330614
-617.3314704630138,-68.86559652860299
-617.0857476879924,-69.83488960078955
-616.8400255532479,-70.80418285362646
-616.5943031997077,-71.77347604656723
-616.3485809169182,-72.7427692584715
-616.1028586138852,-73.71206246512268
-615.8571363089209,-74.68135567086372
-615.6114140367044,-75.65064888665978
-615.3656916284433,-76.6199420614531
-615.1199697547313,-77.58923539580229
-614.8742457935432,-78.5585281122643
-614.6285299652868,-79.5278232176367
-614.3827825099636,-80.49710909876418
-614.137157834371,-81.46643055451932
-613.8910572498289,-82.43561495751885
-613.6467984730908,-83.40532672561335
-613.2148335999898,-84.84116035941054
-612.9282998414006,-85.79870407389939
-612.6419723131114,-86.7562733532553
-612.3575514232236,-87.71446095962895
-612.0637009154012,-88.66961332803021
-611.6885722140364,-89.59683402609599
-611.3186418429784,-90.52582295246431
-610.947618435714,-91.45446133584367
-610.5768054932678,-92.38316066716916
-610.2059582497279,-93.31185256538954
-609.8351142806758,-94.24054407653438
-609.4642710191349,-95.16923632891087
-609.0934271443102,-96.09792821228199
-608.7225835442447,-97.02662023886998
-608.3517398520326,-97.95531221990773
-607.9808961497977,-98.88400419816037
-607.6100526016855,-99.81269624190645
-607.239208463389,-100.74138803301358
-606.8683664447068,-101.67008073419008
-606.4975168694237,-102.59877018112866
-606.1266941614535,-103.52747123640563
-605.7557761668579,-104.45613097300236
-605.3851951951667,-105.38493743255835
-605.013425881732,-106.31322420813851
-604.6454718984202,-107.24318301550697
-604.2103397016338,-108.14250637914937
-603.7521357062204,-109.03111231703326
-603.2992559585305,-109.92219988988899
-602.8451476675762,-110.81271762313298
-602.3913162508691,-111.70336325018114
-601.9374263892635,-112.59398231879851
-601.4835409730754,-113.48460230676527
-601.0296804329466,-114.37523765152986
-600.5757326160142,-115.26581869940838
-599.8969482748761,-116.60311826492153
-599.4176295382207,-117.48073663758993
-598.9359549707171,-118.35708780254089
-598.4547965549202,-119.23371552341672
-597.9735289559264,-120.11028526787817
-597.4922828038746,-120.98686623436244
-597.0110329962511,-121.86344534968869
-596.5297836079791,-122.74002465149033
-596.0485342573838,-123.61660398624308
-595.5672848565052,-124.49318328995805
-595.0860354798551,-125.36976260793298
-594.6047860938666,-126.24634192051391
-594.1235367110255,-127.12292123489719
-593.6422873275626,-127.9995005489183
-593.1610379428877,-128.87607986228105
-592.6797885632673,-129.75265917840954
-592.1985391668575,-130.62923848535854
-591.7172898240947,-131.50581782158673
-591.2360403151354,-132.3823970673416
-590.7547912993982,-133.25897658054623
-590.2735409169343,-134.1355553575596
-589.7922938665795,-135.01213590466472
-589.31104097956,-135.888713491897
-588.8297852533965,-136.76528851091018
-588.3486319733925,-137.6419237644164
-587.859940591924,-138.51430487802406
-587.363597061003,-139.38221434244517
-586.8650601052038,-140.2487804152296
-586.3671106269637,-141.11570512431496
-585.8695079569455,-141.98284545229245
-585.369857542296,-142.8487205825991
-584.8771594915511,-143.7188993548428
-584.3344331131127,-144.55812645912937
-583.7675291371529,-145.3821091094775
-583.203386727796,-146.20772341651434
-582.6389523705425,-147.0332056900421
-582.0744746089044,-147.85864097115763
-581.510041050723,-148.68411093615128
-580.94558691936,-149.50956568977756
-580.3811406393704,-150.33502610506656
-579.8166916289364,-151.1604845784231
-579.2522435180367,-151.98594368596784
-578.6877951211159,-152.81140259307705
-578.1233468128894,-153.6368615620666
-577.5588984776675,-154.4623205122855
-576.9944501505445,-155.28777946812068
-576.430001821019,-156.11323842229356
-575.8655534921995,-156.93869737695405
-575.3011051631744,-157.7641563314726
-574.736656834209,-158.58961528603243
-574.1722085052265,-159.41507424058045
-573.6077601762495,-160.24053319513223
-573.0433118472664,-161.06599214967957
-572.4788635183065,-161.89145110424357
-571.9144151892413,-162.71691005873316
-571.3499668606441,-163.542369013551
-570.7855185300219,-164.36782796695547
-570.2210702079924,-165.19328692633655
-569.6566218500288,-166.0187458607911
-569.0921736406035,-166.84420489805754
-568.5277248229619,-167.6696635151033
-567.963278476268,-168.4951238367538
-567.398822157432,-169.32057728791307
-566.8344058561818,-170.14605827926965
-566.2698297522481,-170.97142940023764
-565.4227730996909,-172.20934796473992
-564.8481973972333,-173.02776346072602
-564.2719817829397,-173.84499147089804
-563.6968661650903,-174.66301474401598
-563.1212671791259,-175.48068949996735
-562.5459010551547,-176.29853264283022
-561.9702475224294,-177.1161661650641
-561.3954681639701,-177.9344392072502
-560.8169075709388,-178.74994358325128
-560.2132088197222,-179.54701733739012
-559.6029437715254,-180.33925536928754
-558.995104476817,-181.13329125210458
-558.3864932849399,-181.92675284147208
-557.7781215720157,-182.72039313708535
-557.1696769414121,-183.5139788986109
-556.561254193339,-184.30758105443385
-555.9528249537129,-185.10117833996895
-555.344397621801,-185.89477705842404
-554.7359697336215,-186.68837535865117
-554.1275420065776,-187.48197378012742
-553.5191142331162,-188.27557216665133
-552.9106864729729,-189.06917056320987
-552.3022587089845,-189.8627689568695
-551.6938309462403,-190.65636735146842
-551.0854031826258,-191.44996574540778
-550.4769754210205,-192.24356414087322
-549.8685476528926,-193.03716253138327
-549.2601199064993,-193.83076093840526
-548.6516920884369,-194.62435929098282
-548.0432645026697,-195.41795782001225
-547.4348361812486,-196.21155579030244
-546.8264101153115,-197.00515547337693
-546.2179774608051,-197.79875015447396
-545.6095625682854,-198.59235831402464
-545.0011134377445,-199.385940531737
-544.3929621201266,-200.17974874838143
-543.7851688920884,-200.97382871481503
-543.1772578959343,-201.7678193620506
-542.5693885207238,-202.56184157163756
-541.9615052962432,-203.35585328005925
-541.3536265052879,-204.1498683499613
-540.7457463327505,-204.94388237240565
-540.1378665822875,-205.7378967148372
-539.5299867048284,-206.53191096099204
-538.9221068651234,-207.32592523576776
-538.3142270143007,-208.11993950211567
-537.7063471667364,-208.91395377093335
-537.0984673181874,-209.70796803900527
-536.4905874700507,-210.50198230738738
-535.8827076213913,-211.29599657538193
-535.2748277741097,-212.09001084438825
-534.6669479229015,-212.88402511053937
-534.0590680820767,-213.67803938411006
-533.4511882183615,-214.4720536420116
-532.8433083808964,-215.26606791353862
-532.2354286663576,-216.06008230163656
-531.6275476685082,-216.85409562973734
-531.0196745378797,-217.64811524657748
-530.411760557629,-218.44210268559675
-529.8040419164317,-219.23624271544332
-529.1952636264791,-220.0295619867062
-528.579660222239,-220.81754027390167
-527.9478414144974,-221.59262563168437
-527.3109861966855,-222.3635913308366
-526.6736342373549,-223.13416867536284
-526.0364664371518,-223.9048924954673
-525.3992353293502,-224.6755655448124
-524.7620249244742,-225.4462552894874
-524.124807970137,-226.21693973263763
-523.4875930392368,-226.9876258182171
-522.85037749421,-227.7583114042555
-522.2131621330166,-228.52899714007629
-521.5759467173996,-229.29968283149466
-520.9387313177494,-230.07036853595434
-520.3015159134497,-230.84105423661288
-519.6643005104953,-231.61173993837195
-519.0270851071541,-232.38242563981447
-518.3898697039238,-233.15311134134777
-517.7526543006616,-233.9237970428551
-517.1154388974086,-234.69448274436985
-516.4782234941531,-235.46516844588245
-515.8410080908982,-236.2358541473957
-515.2037926876432,-237.00653984890874
-514.5665772843877,-237.7772255504214
-513.9293618811321,-238.547911251934
-513.2921464778774,-239.31859695344716
-512.6549310746223,-240.08928265496024
-512.0177156713672,-240.85996835647325
-511.3805002681122,-241.6306540579862
-510.7432848648572,-242.4013397594993
-510.10606946160226,-243.17202546101242
-509.46885405834723,-243.9427111625255
-508.831638655092,-244.71339686403843
-508.1944232518367,-245.48408256555118
-507.5572078485818,-246.25476826706435
-506.9199924453268,-247.02545396857738
-506.28277704207176,-247.79613967009038
-505.64556163881656,-248.56682537160327
-505.0083462355615,-249.33751107311627
-504.37113083230565,-250.10819677462865
-503.73391542905347,-250.878882476144
-503.0967000257883,-251.6495681776487
-502.45948462256786,-252.42025387919028
-501.82226921919096,-253.19093958060267
-501.18505381636373,-253.96162528246927
-500.54783841161407,-254.73231098274715
-499.91062301355583,-255.5029966885554
-499.2734075923279,-256.27368237521335
-498.63619225084375,-257.0443681277827
-497.99897663685476,-257.815053655111
-497.3617619461811,-258.58573994563324
-496.72454415929053,-259.3564236767981
-496.08733662277996,-260.1271158813143
-495.45009570147363,-260.8977804866877
-494.8129416714493,-261.6685169345662
-494.17518962262204,-262.43875850082134
-493.5373230710205,-263.20890522214785
-492.8994817746579,-263.9790728608464
-492.2616350643802,-264.74923601683554
-491.6237894421158,-265.51940007330757
-490.9859436254858,-266.28956396905767
-490.3480978349005,-267.05972788628725
-489.7102520443126,-267.82989180354537
-489.07240625185614,-268.6000557192459
-488.43456046040137,-269.37021963577916
-487.7967146685436,-270.1403835519777
-487.1588688768297,-270.9105474682957
-486.52102308506767,-271.6807113845738
-485.8831772933212,-272.4508753008646
-485.24533150157015,-273.2210392171517
-484.6074857098205,-273.9912031334401
-483.96963991807024,-274.76136704972794
-483.3317941263203,-275.5315309660159
-482.6939483345703,-276.30169488230393
-482.0561025428203,-277.07185879859196
-481.41825675107026,-277.84202271488004
-480.7804109593201,-278.6121866311679
-480.14256516756984,-279.38235054745576
-479.5047193758197,-280.1525144637437
-478.86687358406977,-280.9226783800318
-478.2290277923196,-281.69284229631967
-477.59118200056923,-282.4630062126075
-476.9533362088191,-283.2331701288954
-476.31549041706984,-284.003334045184
-475.67764462531727,-284.77349796146984
-475.039798833576,-285.5436618777652
-474.40195304179394,-286.3138257940266
-473.76410725015785,-287.083989710409
-473.12626145800016,-287.85415362635933
-472.4884156677048,-288.6243175438527
-471.8505698707761,-289.3944814558499
-471.2127240974185,-290.16464538737677
-470.574878240515,-290.93480924968503
-469.9370326789024,-291.7049733566343
-469.2991860768504,-292.47513660164446
-468.66134312787744,-293.24530287284927
-468.02348740339653,-294.01545856146606
-467.3856737359879,-294.78564908589624
-466.747633312507,-295.5556518009457
-466.1094066318552,-296.3255002192467
-465.4712182239355,-297.0953803389293
-464.83302070578617,-297.8652529141908
-464.1948253214739,-298.6351272560901
-463.55662944772484,-299.405001192917
-462.9184336830618,-300.17487521998294
-462.28023789507944,-300.9447492277727
-461.64204211176184,-301.71462323941375
-461.00384632761876,-302.4844972503749
-460.3656505435831,-303.2543712614238
-459.72745475954923,-304.02424527247456
-459.08925897550654,-304.79411928351794
-458.4510631914685,-305.5639932945653
-457.8128674074283,-306.3338673056107
-457.17467162338926,-307.10374131665696
-456.53647583935015,-307.8736153277032
-455.8982800553108,-308.64348933874936
-455.2600842712711,-309.4133633497952
-454.6218884872319,-310.18323736084125
-453.98369270319273,-310.95311137188753
-453.3454969191532,-311.72298538293364
-452.70730113511365,-312.4928593939794
-452.06910535107437,-313.26273340502553
-451.4309095670353,-314.032607416072
-450.792713782996,-314.8024814271181
-450.1545179989562,-315.5723554381639
-449.51632221491695,-316.3422294492101
-448.8781264308777,-317.11210346025615
-448.23993064683833,-317.8819774713022
-447.601734862799,-318.65185148234843
-446.9635390787593,-319.42172549339426
-446.32534329472014,-320.19159950444043
-445.6871475106811,-320.9614735154868
-445.0489517266417,-321.7313475265328
-444.4107559426019,-322.50122153757843
-443.77256015856267,-323.27109554862466
-443.1343643745236,-324.0409695596709
-442.49616859048433,-324.81084357071705
-441.8579728064446,-325.5807175817629
-441.2197770224054,-326.35059159280905
-440.58158123836625,-327.1204656038552
-439.9433854543269,-327.89033961490134
-439.3051896702873,-328.6602136259471
-438.66699388624795,-329.4300876369932
-438.0287981022089,-330.1999616480395
-437.3906023181695,-330.9698356590856
-436.75240653413,-331.73970967013156
-436.11421075009025,-332.50958368117733
-435.47601496605125,-333.2794576922237
-434.8378191820121,-334.0493317032699
-434.1996233979728,-334.819205714316
-433.5614276139329,-335.5890797253618
-432.9232318298938,-336.3589537364079
-432.28503604585467,-337.1288277474541
-431.64684026181527,-337.89870175850024
-431.00864447777565,-338.668575769546
-430.3704486937364,-339.43844978059224
-429.7322529096974,-340.20832379163846
-429.0940571256581,-340.9781978026846
-428.4558613416183,-341.74807181373035
-427.81766555757906,-342.5179458247766
-427.1794697735399,-343.2878198358227
-426.5412739895005,-344.0576938468688
-425.90307820546093,-344.82756785791474
-425.26488242142136,-345.5974418689606
-424.62668663738236,-346.36731588000697
-423.98849085334325,-347.1371898910533
-423.3502950693035,-347.90706390209914
-422.71209928526366,-348.6769379131449
-422.0739035012247,-349.44681192419125
-421.43570771718566,-350.2166859352377
-420.7975119331459,-350.9865599462835
-420.15931614910676,-351.7564339573296
-419.5211203650665,-352.5263079683749
-418.8829245810317,-353.29618197942483
-418.24472879697635,-354.0660559904576
-417.60653301299294,-354.83593000154997
-416.96833722875334,-355.6058040124303
-416.33014144542574,-356.3756780240656
-415.69194565886426,-357.1455520330238
-415.053749883743,-357.9154260514518
-414.4155540682688,-358.68530003648215
-413.7773583946423,-359.4551741388931
-413.1391622242983,-360.225047830333
-412.50096778583,-360.9949229544088
-411.8627673388428,-361.7647931092243
-411.2245876181788,-362.53468040100825
-410.5867819540747,-363.3048771181617
-409.9502188815852,-364.0761013358997
-409.31336371023474,-364.84708412752286
-408.67657786245,-365.6181242133353
-408.03977583533606,-366.38915093041044
-407.40297750144777,-367.1601806983472
-406.766178349976,-367.9312097911639
-406.12937937148587,-368.70223902673655
-405.4925803589943,-369.47326823427744
-404.8557813523047,-370.2442974465912
-404.2189823449473,-371.0153266583601
-403.58218333753115,-371.7863558700783
-402.94538433019414,-372.5573850818624
-402.3085853228188,-373.3284142936146
-401.67178631545823,-374.0994435053792
-401.0349873080927,-374.87047271713976
-400.39818830072886,-375.64150192890156
-399.7613892933648,-376.4125311406633
-399.1245902860006,-377.1835603524249
-398.4877912786364,-377.9545895641864
-397.8509922712723,-378.725618775948
-397.2141932639079,-379.49664798770937
-396.5773942565438,-380.2676771994711
-395.9405952491795,-381.0387064112326
-395.30379624181535,-381.80973562299414
-394.66699723445123,-382.58076483475577
-394.03019822708694,-383.3517940465173
-393.3933992197227,-384.1228232582788
-392.7566002123584,-384.8938524700403
-392.1198012049945,-385.6648816818021
-391.4830021976302,-386.4359108935636
-390.846203190266,-387.206940105325
-390.20940418290184,-387.97796931708666
-389.57260517553755,-388.7489985288481
-388.9358061681735,-389.52002774060986
-388.2990071608092,-390.2910569523714
-387.662208153445,-391.0620861641329
-387.02540914608085,-391.8331153758945
-386.38861013871644,-392.6041445876559
-385.7518111313526,-393.3751737994178
-385.11501212398815,-394.14620301117907
-384.4782131166236,-394.91723222294024
-383.84141410925946,-395.6882614347019
-383.2046151018952,-396.4592906464634
-382.5678160945312,-397.23031985822524
-381.931017087167,-398.00134906998676
-381.29421807980276,-398.7723782817483
-380.6574190724386,-399.5434074935098
-380.0206200650741,-400.3144367052712
-379.38382105771024,-401.085465917033
-378.7470220503459,-401.85649512879445
-378.1102230429817,-402.62752434055596
-377.4734240356176,-403.39855355231765
-376.8366250282533,-404.16958276407917
-376.1998260208892,-404.94061197584074
-375.5630270135248,-405.711641187602
-374.9262280061607,-406.48267039936377
-374.2894289987968,-407.2536996111255
-373.6526299914316,-408.02472882288635
-373.0158309840707,-408.79575803465065
-372.3790319766946,-409.56678724640244
-371.7422329693729,-410.3378164581991
-371.105433961857,-411.108845669835
-370.4686349550365,-411.8798748820469
-369.8318359457264,-412.6509040921966
-369.1950369453132,-413.42193330971634
-368.55823791316755,-414.19296250094794
-367.9214389939613,-414.9639917857469
-367.2846396737404,-415.7350207382974
-366.64784177368836,-416.50605086755695
-366.0110388587525,-417.2770768413494
-365.37425359507665,-418.04811744254295
-364.73740642902345,-418.81910674111896
-364.1003239511146,-419.5899012907881
-363.4602803522378,-420.3582410746254
-362.82074049610674,-421.1269986919282
-362.1810817065208,-421.8956577155011
-361.5414504688212,-422.6643395687226
-360.90181300490775,-423.43301626657427
-360.26217689945975,-424.20169408810716
-359.62254051303296,-424.97037167760135
-358.9829041796486,-425.7390493107681
-358.3432678380125,-426.50772693719057
-357.7036314969897,-427.2764045640914
-357.063995156231,-428.04508219122033
-356.42435881528695,-428.81375981819286
-355.7847224744235,-429.5824374452329
-355.14508613352956,-430.3511150722476
-354.50544979264623,-431.1197926992711
-353.8658134517598,-431.8884703262919
-353.22617711087406,-432.65714795331337
-352.58654076998766,-433.4258255803343
-351.94690442910206,-434.19450320735587
-351.30726808821646,-434.96318083437745
-350.6676317473302,-435.7318584613985
-350.02799540644423,-436.5005360884198
-349.38835906555846,-437.2692137154413
-348.7487227246728,-438.03789134246273
-348.1090863837866,-438.8065689694837
-347.4694500429008,-439.57524659650517
-346.8298137020154,-440.34392422352687
-346.19017736112926,-441.11260185054806
-345.55054102024303,-441.8812794775691
-344.9109046793576,-442.6499571045907
-344.2712683384717,-443.4186347316121
-343.6316319975856,-444.18731235863333
-342.99199565669954,-444.95598998565447
-342.35235931581406,-445.72466761267606
-341.7127229749283,-446.4933452396974
-341.07308663404217,-447.2620228667186
-340.433450293156,-448.0307004937397
-339.7938139522706,-448.7993781207614
-339.1541776113846,-449.56805574778264
-338.5145412704983,-450.3367333748037
-337.87490492961285,-451.10541100182536
-337.2352685887269,-451.8740886288466
-336.59563224784085,-452.6427662558679
-335.95599590695474,-453.4114438828891
-335.3163595660693,-454.1801215099107
-334.6767232251835,-454.948799136932
-334.03708688429765,-455.71747676395347
-333.39745054341165,-456.4861543909747
-332.75781420252565,-457.2548320179959
-332.11817786163977,-458.02350964501727
-331.47854152075394,-458.79218727203863
-330.8389051798681,-459.56086489906
-330.1992688389822,-460.32954252608135
-329.55963249809645,-461.09822015310294
-328.9199961572109,-461.8668977801244
-328.28035981632445,-462.6355754071454
-327.64072347543856,-463.4042530341667
-327.0010871345527,-464.17293066118805
-326.3614507936668,-464.9416082882094
-325.7218144527809,-465.71028591523077
-325.0821781118952,-466.47896354225225
-324.4425417710096,-467.24764116927383
-323.8029054301232,-468.01631879629474
-323.16326908923736,-468.78499642331616
-322.5236327483515,-469.5536740503376
-321.8839964074659,-470.32235167735905
-321.2443600665796,-471.09102930438013
-320.60472372569393,-471.85970693140155
-319.9650873848083,-472.62838455842314
-319.32545104392227,-473.3970621854443
-318.68581470303604,-474.16573981246546
-318.0461783621503,-474.93441743948694
-317.4065420212649,-475.7030950665086
-316.7669056803787,-476.4717726935298
-316.1272693394925,-477.2404503205508
-315.4876329986067,-478.0091279475722
-314.847996657721,-478.7778055745937
-314.20836031683496,-479.54648320161493
-313.5687239759484,-480.3151608286356
-312.9290876350662,-481.0838384556601
-312.2894512941683,-481.8525160826713
-311.6498149533245,-482.62119370972835
-311.01017861228627,-483.38987133662033
-310.3705422719471,-484.15854896410633
-309.7309059291048,-484.92722658946326
-309.0912695952111,-485.69590422243914
-308.45163322938095,-486.4645818281949
-307.81199697729306,-487.2332595310077
-307.1723603210452,-488.00193688850993
-306.5327250972554,-488.7706154716112
-305.89308481067275,-489.53928971626704
-305.25346236175534,-490.30797927311926
-304.6137772866293,-491.0766149647245
-303.9743112174775,-491.8454394374394
-303.33408278831814,-492.6136050251828
-302.6964768551436,-493.3840426454872
-302.0475538320599,-494.1446105831174
-301.3677158488929,-494.87788585718977
-300.35383382233886,-495.98307404539355
-299.6633624399427,-496.7064810434926
-298.97556787176393,-497.4323752391256
-298.28682947426773,-498.1573883957472
-297.59840461716277,-498.88269522786015
-296.9098794936969,-499.60790794325277
-296.2213855913451,-500.33315001128756
-295.53288215643244,-501.05838310661085
-294.8443815884274,-501.7836189029741
-294.155880168458,-502.5088538960663
-293.46737899922016,-503.23408912570414
-292.77887775678425,-503.9593242862501
-292.09037653557357,-504.68455946683935
-291.40187530824295,-505.40979464164724
-290.7133740826697,-506.13502981811564
-290.0248728565887,-506.8602649941042
-289.33637163067306,-507.58550017024925
-288.6478704046374,-508.31073534628035
-287.95936917889117,-509.03597052258647
-287.2708679521757,-509.76120569797166
-286.5823667287949,-510.4864408765257
-285.89386549398466,-511.21167604421714
-285.2053642980514,-511.9369112488623
-284.5168629711254,-512.6621463289771
-283.8283620804593,-513.3873818239024
-283.1398597579969,-514.1126159571228
-282.45136204628955,-514.8378544766775
-281.7628498618019,-515.5630792222836
-281.07438148424967,-516.2883456841337
-280.38578770937585,-517.0134926159245
-279.6975094855194,-517.7389408965465
-279.00811431038585,-518.4633208657629
-278.316696159582,-519.1857670276744
-277.6255534807776,-519.9084756812906
-276.93435971379085,-520.6311359007548
-276.2431735359494,-521.353803221152
-275.5519869589741,-522.0764702136241
-274.86080005102076,-522.7991368720184
-274.16961334909263,-523.5218037329871
-273.47842656051967,-524.2444705093828
-272.7872398035872,-524.9671373165565
-272.09605303591945,-525.6898041133085
-271.404866271733,-526.4124709134355
-270.71367950645185,-527.1351377125022
-270.02249274150756,-527.857804511895
-269.3313059764612,-528.5804713111893
-268.6401192114451,-529.3031381105126
-267.94893244642043,-530.0258049098275
-267.25774568139707,-530.7484717091439
-266.566558916378,-531.4711385084645
-265.8753721513417,-532.1938053077683
-265.18418538636456,-532.9164721071295
-264.49299862118636,-533.6391389062958
-263.8018118566837,-534.3618057061168
-263.1106250899397,-535.0844725037639
-262.4194383305189,-535.8071393085206
-261.7282515476577,-536.529806090492
-261.03706483775557,-537.2524729435077
-260.3458779097642,-537.9751395836033
-259.6546915934025,-538.6978068234189
-258.9635037494505,-539.4204725525344
-258.2723187883962,-540.1431412043428
-257.5811335870193,-540.8658090831645
-256.8899100238649,-541.5884420172529
-256.1989761890956,-542.3113465277224
-255.50603584447816,-543.0323490420423
-254.80812433716324,-543.74848035266
-254.07405126420326,-544.4267491881585
-253.31805337689525,-545.081642048779
-252.56689818287668,-545.7416890425793
-251.8145587363598,-546.4004860015953
-251.06250592502735,-547.0595830406988
-250.31038451439207,-547.7186090386888
-249.55827928551201,-548.3776515646246
-248.80617031000054,-549.0366903339318
-248.05406218050302,-549.6957299297706
-247.30195386662348,-550.3547693523868
-246.5498455908131,-551.0138088084905
-245.7977373078396,-551.6728482590852
-245.04562902597138,-552.3318877102276
-244.29352074402507,-552.9909271614721
-243.541412462042,-553.6499666126236
-242.7893041800823,-554.3090060638153
-242.0371958981192,-554.9680455149997
-241.2850876161324,-555.6270849661572
-240.53297933424506,-556.2861244174305
-239.7808710519912,-556.9451638682758
-239.02876277107435,-557.6042033206843
-238.27665448528688,-558.2632427673941
-237.5245462172325,-558.9222822348654
-236.77243788465302,-559.5813216267413
-236.0203297867048,-560.2403612936964
-235.2682208361697,-560.899399960349
-234.5161149814346,-561.5584422619974
-233.76399789435095,-562.2174713640961
-233.01192152790426,-562.8765483601462
-232.25969766726843,-563.5354517185729
-231.50800758513805,-564.1949840721102
-230.35839445779698,-565.1581984842569
-229.593294489519,-565.80183160981
-228.82595581930605,-566.442596077564
-228.05279342678858,-567.0760068682621
-227.226833254748,-567.6405047803582
-226.4094166340373,-568.2163096203464
-225.58993977356772,-568.7894184991462
-224.7709519068177,-569.363162084765
-223.95184971569273,-569.9367591178004
-223.13277378481075,-570.510389282324
-222.31369167235692,-571.0840117720054
-221.49461201199142,-571.657637428659
-220.67552819064622,-572.2312573420153
-219.85645672966115,-572.8048944895614
-219.03734782893457,-573.3784794482683
-218.21834690560598,-573.9522145436247
-217.39906157738588,-574.5255548316622
-216.57456123229946,-575.091405282373
-215.74532249721153,-575.6502336332782
-214.9127830661235,-576.2039859529714
-214.078801062745,-576.7554529130657
-213.24483645845783,-577.3069516984403
-212.41091132711645,-577.8585110610352
-211.5769763671388,-578.4100571729903
-210.74299949103101,-578.9615299306529
-209.90920161955404,-579.5133117649482
-209.07476543058903,-580.0639869125253
-207.8083320366399,-580.8660348234908
-206.91750749369098,-581.3219511693084
-206.0374350962167,-581.7962397019028
-205.15405335273115,-582.2648312197223
-204.27167231636452,-582.7351572022679
-203.3889925611373,-583.2049627795166
-202.50640103606182,-583.6749227126145
-201.62378367323382,-584.1448372865686
-200.7411738312959,-584.6147651022779
-199.85856178484164,-585.0846890273481
-198.97595046775234,-585.5546142392352
-198.09333866838847,-586.0245386145597
-197.21072771335923,-586.494464402071
-196.32811505558266,-586.9643875488289
-195.4455039456945,-587.4343117987795
-194.56290484959865,-587.904264328673
-193.68019450641498,-588.3739903341379
-192.7981476865724,-588.8450135373987
-191.9118041637131,-589.3077946673045
-191.01660188421545,-589.7533410139683
-190.11849174557656,-590.1928462925027
-189.22057055922372,-590.6324506442947
-188.3225498847433,-591.0719057879885
-187.42456211470665,-591.51141439906
-186.5265639650387,-591.9509053170483
-185.62856863067395,-592.3904010198921
-184.730573878006,-592.8298984361466
-183.83257392383751,-593.2693840847967
-182.9345929660538,-593.708912442183
-182.0365462095748,-594.1482924847305
-181.13872488731877,-594.5881826002557
-180.24013793725237,-595.0263323232539
-179.3439002019477,-595.4698488218858
-177.95417442494426,-596.0313196522
-177.01482224379862,-596.3746153983329
-176.0777883437105,-596.7234933240748
-175.1400215357328,-597.0705859611296
-174.20248093056344,-597.418234559892
-173.26487172025384,-597.7657134101157
-172.3272830333724,-598.1132433102118
-171.38968827365414,-598.4607580403233
-170.45209529549044,-598.8082772363789
-169.51450179606837,-599.1557951220791
-168.57690845718759,-599.5033134116428
-167.6393150372349,-599.8508314996755
-166.70172176456344,-600.1983499471517
-165.76412800990224,-600.5458672261825
-164.82653594804856,-600.8933885909616
-163.88893792266992,-601.2408956285255
-162.95136084252013,-601.5884527256308
-162.0137104879932,-601.9358357297253
-161.07631531963756,-602.2838209029605
-160.13776215783588,-602.6290443990263
-159.19492412407584,-602.9625882530102
-158.24621956838132,-603.277822868798
-157.29429766351151,-603.5824610833164
-155.85261595967785,-603.9926606440154
-154.87840690367048,-604.2201383508013
-153.90792683630337,-604.4608244110777
-152.93630628550304,-604.6973810010313
-151.96502879299527,-604.9352023954593
-150.99364931260868,-605.1726424842582
-150.0222998587521,-605.4101961222754
-149.05094162210253,-605.647716228229
-148.0795859831665,-605.8852463463134
-147.10822942798262,-606.1227728641747
-146.1368736792356,-606.3603026712779
-145.16551597271268,-606.5978244042458
-144.19416414451234,-606.8353703122414
-143.22279499601962,-607.0728454454393
-142.25147345798484,-607.3105129127202
-141.2800378344321,-607.5477303839341
-140.30878935523674,-607.785617590003
-139.3375584029722,-608.0239253353386
-138.35838818729042,-608.2253193464785
-137.37445504955195,-608.404107266804
-136.39182225144185,-608.5891577177233
-135.40878358478602,-608.7722424625913
-134.4258689598601,-608.9559309814026
-133.4429169965664,-609.1394370888509
-132.4599761364451,-609.3229975775917
-131.47703200037537,-609.5065420738312
-130.4940888670251,-609.6900911358231
-129.5111451930395,-609.8736389058529
-128.5282028993433,-610.0571883856318
-127.54525454833495,-610.2407269058824
-126.5623331362906,-610.4243281108998
-125.57923535675198,-610.6073617445243
-124.59512348053562,-610.7851980173946
-123.60849256071799,-610.9473121495681
-122.62172391487287,-611.1096381792179
-121.62974401393035,-611.2329197263072
-120.63443934240249,-611.330773980786
-119.63952373369708,-611.4310536969598
-118.64457452194497,-611.5313661953212
-117.64961449197834,-611.6314840212601
-116.65466263289102,-611.7317038226527
-115.65970716749277,-611.8318829378388
-114.66475305363514,-611.9320765940781
-113.66979845364996,-612.0322651666273
-112.67484409124012,-612.1324561804572
-111.67988937242984,-612.2326435294965
-110.68493576589282,-612.332842381905
-109.68997826194257,-612.4330007273845
-108.69503452997495,-612.5333029438514
-107.70004223516267,-612.6330949603348
-106.2073776636746,-612.7803694262636
-105.21038850807018,-612.8565535307544
-104.21310750324778,-612.925122983165
-103.21471484971241,-612.9582689289493
-102.2149259903619,-612.9162341073763
-101.21537892588336,-612.8929406029063
-100.21575646243352,-612.8647401751848
-99.21615421979422,-612.8378243703044
-98.21654635241497,-612.8105724198333
-97.21694003248314,-612.7834084041253
-96.21733328616847,-612.7562213937871
-95.21772665714478,-612.729040394297
-94.21811999588019,-612.7018578241641
-93.21851334346991,-612.6746756642804
-92.21890668862997,-612.647493397284
-91.21930003445618,-612.6203111582433
-90.21969338010001,-612.5931289119064
-89.22008672579338,-612.5659466674824
-88.22048007147438,-612.5387644225227
-87.22087341715445,-612.5115821778338
-86.22126676285055,-612.4843999326101
-85.22166010848501,-612.4572176891761
-84.22205345434344,-612.4300354394212
-83.22244679939209,-612.4028532120258
-82.22284014736516,-612.3756709057059
-81.22323348478587,-612.3484888772289
-80.22362686025095,-612.3213058736044
-79.22402009869468,-612.2941262808766
-78.22441383034919,-612.26693480268
-77.2248057912035,-612.2397845586535
-76.22520414034283,-612.2124919240518
-74.72688795994979,-612.1425642833083
-73.73021349699584,-612.0704427480575
-72.73306658540847,-612.0034703902975
-71.73561250632031,-611.9374723116725
-70.73690375435919,-611.8921844264676
-69.73928997828253,-611.8295467250159
-68.7415708685865,-611.7677276974932
-67.74431877112934,-611.7016843022753
-66.74569875142937,-611.6481983800825
-65.76001173297296,-611.4866201950983
-64.7786818236593,-611.2929027128542
-63.79621332640458,-611.1074242317277
-62.81404762004612,-610.9197425154015
-61.83180081408098,-610.7326502796905
-60.849575711641364,-610.5454002164155
-59.867344793028785,-610.3581924396227
-58.885115434033764,-610.1709733264233
-57.90288565721295,-609.9837572500796
-56.9206559895279,-609.7965403760365
-55.938426304160515,-609.6093236503457
-54.95619657990031,-609.422107131679
-53.97396702979933,-609.2348896312465
-52.991736817729276,-609.0476758756188
-52.009509099987056,-608.8604480037816
-51.027271974855864,-608.673273395573
-49.55378222902616,-608.3927962645722
-48.57440413025343,-608.190726314843
-47.59687898634432,-607.9801731398367
-46.619574895125425,-607.7686490328001
-45.6422105340652,-607.5573887174287
-44.66486256094815,-607.3460566100388
-43.68751012139504,-607.1347440639679
-42.71015890005498,-606.9234261822585
-41.732807346716555,-606.7121097549348
-40.755455881457316,-606.5007929405692
-39.77810440217729,-606.289476192416
-38.80075288890056,-606.078159575225
-37.82340152698994,-605.8668423619755
-36.846049590048835,-605.6555274177925
-35.86869981563766,-605.4442039323915
-34.89134191134576,-605.2329125858604
-33.91401458372077,-605.0215002586954
-32.93657223196559,-604.8105435446348
-31.959563088204767,-604.5978701885585
-30.991350267689313,-604.3511081267534
-30.03995514251772,-604.042014218325
-29.084102477922812,-603.7490992790256
-28.12938561493855,-603.4520280587813
-27.17461888979012,-603.155201112047
-25.752806812457194,-602.6772523407252
-24.80838736880576,-602.3488950199812
-23.86415999133399,-602.0200040997939
-22.9198785841102,-601.6912630082439
-21.975612365356618,-601.3624798045378
-21.031341874464154,-601.0337084392295
-20.087072580671723,-600.7049337572918
-19.142802969641426,-600.3761599573654
-18.19853337300185,-600.0473861035471
-17.25426405710253,-599.7186115255614
-16.309993578428234,-599.389839967736
-15.365727554839108,-599.0610568216507
-14.421444542734502,-598.7323179146251
-13.477226339483448,-598.4034100667591
-12.532760784532663,-598.0751478495047
-11.589240664282997,-597.7444170710136
-10.642971484803098,-597.4208853437203
-9.72263043191461,-597.0309089927428
-8.809222778258789,-596.6236874835474
-7.89397125080894,-596.2210250872957
-6.979225760821116,-595.8171118919159
-6.064341258007977,-595.4135417301525
-5.149494923823612,-595.0098775007402
-4.2346381108049505,-594.6062390627552
-3.319784174058205,-594.2025935542986
-2.404929447846272,-593.7989499841049
-1.4900749387860632,-593.3953058815587
-0.575220367930815,-592.9916619297126
0.3396341768935395,-592.5880179167456
1.254488765706049,-592.1843740014058
2.1693431937098953,-591.7807297313927
3.0841982635334917,-591.3770868813458
3.9990507649496836,-590.9734383299549
4.913913512269845,-590.5698125914294
5.8287355090043125,-590.1660958866466
6.743719030064907,-589.7627407471821
7.658062381887147,-589.3579513886189
9.005112012575767,-588.69872046368
9.45999577007516,-588.4912821092507
10.786127973992695,-587.7923851112732
11.638220259235588,-587.2679713821822
12.498366286305519,-586.7582018364706
13.35628703558979,-586.2443836909214
14.214823817871238,-585.7316831320286
15.073190348096581,-585.218674266524
15.931603902243175,-584.7057503902912
16.790004479291056,-584.1928031015091
17.648408635071537,-583.6798622582526
18.50681180435012,-583.1669196411643
19.365215246617012,-582.6539775139768
20.223618608128227,-582.1410352428986
21.082022015510134,-581.6280930504189
21.940425312005544,-581.1151506736071
22.798829043141236,-580.6022090181825
23.65723100635997,-580.0892644238388
24.51564013244099,-579.5763317552469
25.374020402583973,-579.0633509815013
26.232516294797097,-578.5505632110023
27.09055011792694,-578.0370037875937
27.940116183584117,-577.5096784323275
28.782798030545635,-576.9715841573297
29.622342021212702,-576.429085953272
30.461348270330557,-575.885804198761
31.29977624661738,-575.341673016706
32.136092102511455,-574.7944295119544
33.33290501975917,-573.8903587638092
34.127952900389445,-573.2839800138175
34.920846984690485,-572.6745872619374
35.71434265713393,-572.0660334337671
36.507670648578696,-571.4572464007599
37.30104531597834,-570.848524111824
38.09440700882082,-570.2397838694669
38.887772303684145,-569.6310486000668
39.68113659973268,-569.0223119546243
40.47450117243967,-568.4135756895695
41.26786566859495,-567.8048393194576
42.0612301859127,-567.1961029783361
42.85459469737903,-566.5873666292179
43.64795921049901,-565.9786302823339
44.44132372296666,-565.3698939346516
45.23468823653887,-564.7611575881215
46.02805274563713,-564.1524212368654
46.8214172742116,-563.5436849068351
47.61478171931252,-562.9349484836329
48.408146516358656,-562.3262124604471
49.20150984888666,-561.7174747489615
49.994879211404104,-561.1087440684951
50.78822396122433,-560.4999844205236
51.58166844398563,-559.8913430811187
52.374711253062515,-559.2822222061677
53.16891709450435,-558.6744924267756
53.91780931675198,-558.0127087267617
54.65515336824669,-557.3374573832431
55.395709127555016,-556.6659391964374
56.135365416064886,-555.9933752998691
56.87526801077561,-555.3210969272252
57.61512112690435,-554.6487638841871
58.35492749899059,-553.9763656888533
59.088977037672684,-553.2972595667851
60.16170221213203,-552.2490820019227
60.87185783337244,-551.5453000385421
61.58245195390917,-550.8419407826623
62.292906138315956,-550.138446329215
63.00340470313477,-549.4349947933105
63.71388638910919,-548.7315268930557
64.42438688505945,-548.0280773277011
65.13482515070334,-547.3245670128622
65.8455138501323,-546.6213011982018
66.55518241097027,-545.917039876153
67.25631638362604,-545.2046307282218
67.9108487817762,-544.4482038409931
68.57424949253941,-543.7000419679091
69.23513628140536,-542.9495400428378
69.89673420505574,-542.1996982715527
70.55813156582767,-541.449670694833
71.21958535663205,-540.6996952938666
71.88102330623136,-539.9497052716647
72.54246569376247,-539.1997193389773
73.20390684023366,-538.4497322645047
73.86534833407404,-537.6997455086055
74.52678972535702,-536.9497586609607
75.18823117513423,-536.1997718578434
75.84967246504041,-535.4497849430722
76.51111445421816,-534.6997985355249
77.17255336112478,-533.9498098151537
77.83400556123539,-533.1998313174959
78.49540145704735,-532.4498087203507
79.1570324857284,-531.6999729514498
79.81769245442442,-530.9493571152937
80.48184520868168,-530.2015701436337
81.10517712002672,-529.4206435428587
81.70015422648552,-528.6172075964948
82.30252690723023,-527.819614146458
82.9027529581913,-527.0203211037066
83.50377075459767,-526.2216574142024
84.10375681742681,-525.4221666228784
84.9894767870573,-524.211728614747
85.56225301195647,-523.3920295103708
86.13487277491656,-522.572225449028
86.70757030693127,-521.7524741724922
87.28023738681412,-520.9327021011907
87.85291520539079,-520.1129373834442
88.42558945484159,-519.293170217305
88.99826484613286,-518.4734038353846
89.57093988183355,-517.6536372090472
90.14361502579699,-516.833870657125
90.71629013808867,-516.0141040835997
91.28896525807488,-515.1943375146566
91.86164037603308,-514.3745709469688
92.43431551686693,-513.5548043851979
93.00699048120595,-512.7350377383672
93.57966645467536,-511.91527165116906
94.15233734953625,-511.095502568405
94.72503210368254,-510.27574805586687
95.29761948094763,-509.4559265035304
95.8706760905041,-508.63640257119187
96.44172392963954,-507.81559112674364
97.0148114519294,-506.9960881117353
97.51170498250386,-506.1284840580164
98.2389614360425,-504.81667474974233
98.71382722636369,-503.93661062902913
99.18914053392567,-503.0568048707091
99.66444868688174,-502.17699129593734
100.13972748098392,-501.29716334351804
100.61502237830956,-500.41734365557124
101.09031075404414,-499.5375205709865
101.56560146863279,-498.65769871333885
102.04089139748882,-497.7778764417394
102.51618158169963,-496.89805430505965
102.99147167721159,-496.0182321213936
103.46676183288415,-495.13840996971055
103.94205184676082,-494.2585877425183
104.41734236634444,-493.3787657846749
104.89263100001406,-492.4989428223302
105.36792669247752,-491.6191236198081
105.84319595718402,-490.7392903404475
106.31856416726356,-489.85950976565084
106.79356192943473,-488.97953186329926
107.2699466201898,-488.1002927535027
107.73814841233857,-487.2167481469829
108.15831763594178,-486.3102888631578
108.5454040356073,-485.38829871966345
108.94244543903027,-484.47095914707256
109.33654746716729,-483.5522416745053
109.73096883393848,-482.6336980209727
110.12840015396856,-481.71643028535186
110.52369195577273,-480.79823072099646
110.90144982141123,-479.8724827770286
111.2714770772838,-478.9434219964067
111.64302528099626,-478.0150191021342
112.01422205730394,-477.0864623996508
112.38549796173587,-476.15794088314317
112.75675669165466,-475.2294115526743
113.12801894824098,-474.3008838848956
113.4992805328723,-473.3723558815946
113.87054228106678,-472.44382795940163
114.2418037770996,-471.5152999401523
114.61306619526741,-470.5867722588981
114.98432513871579,-469.65824330735495
115.35559713522028,-468.7297191295546
115.72682012729824,-467.8011770201048
116.09822707535734,-466.8727022607816
116.46894350488496,-465.9439745502784
117.01570347019894,-464.5474769640351
117.35536362435629,-463.6073599739107
117.69618643779248,-462.66767397394244
118.03956833932239,-461.7289451280348
118.38334712577407,-460.7903110815346
118.72376675200128,-459.8506147104231
119.06659128820903,-458.91155676575187
119.3265398913915,-457.94594684081636
119.58146558062697,-456.97899796515435
119.83868456976833,-456.01264254998057
120.09495843620962,-455.0460395668292
120.35157423482391,-454.0795265316265
120.60807465779482,-453.1129830602693
120.86461236138986,-452.1464494410726
121.12113837003197,-451.17991272730467
121.37766796935696,-450.2133769645567
121.63419648408261,-449.24684091433437
121.89072532231489,-448.28030494990594
122.14725406479317,-447.3137689600784
122.40378283629623,-446.34723297792675
122.6603115957169,-445.38069699267385
122.91684037187547,-444.4141610114656
123.17336909517373,-443.44762501771595
123.42989800770262,-442.481089068628
123.68642623605153,-441.514552958734
123.94295693783772,-440.54801742766233
124.19947870637742,-439.5814798157684
124.45603270323444,-438.6149496734412
124.71247056877162,-437.64839275965926
124.96932636895161,-436.68193163372564
125.22468017928176,-435.7151284243938
125.48474671263597,-434.7494073286517
125.75020041358565,-433.2743361111089
125.91159122338209,-432.28810849551616
126.0705746568781,-431.3012244097024
126.22059528049597,-430.3127750146288
126.35087268957867,-429.32135487237394
126.47632370837567,-428.32925595112386
126.60189689870008,-427.3371775641376
126.72728430786596,-426.3450698014494
126.85267118690456,-425.3529635062147
126.97806961699185,-424.3608582407665
127.1034618950437,-423.36875231795096
127.22885664061023,-422.376646673468
127.35425050556222,-421.38454092702636
127.47964466520196,-420.39243521523144
127.60503873039002,-419.4003294922213
127.73043282419532,-418.4082237726258
127.85582691231376,-417.41611805237494
127.98122099173429,-416.4240123309777
128.10661510861425,-415.4319066144442
128.2320090992665,-414.4398008814631
128.3574035007372,-413.44769520234263
128.48279659678457,-412.45558935063093
128.60819371384866,-411.46348403687716
128.73357900008097,-410.4713771116807
128.8589965872374,-409.4792747218585
128.98433785882827,-408.48716092674795
129.10979884784092,-407.4950691288674
129.22956804881545,-406.50252396540645
129.29393226232972,-405.0044288802476
129.30489160008608,-404.0045859868886
129.31646521295048,-403.00463499801793
129.32776893388825,-402.0047119028535
129.33917322419293,-401.00478153596555
129.35054299755015,-400.0048530572259
129.3619240488245,-399.0049240882871
129.37330153434652,-398.0049952464499
129.38468012107484,-397.0050663716919
129.39605837367642,-396.00513750545093
129.40743672624313,-395.0052086370075
129.41881504933338,-394.0052797691392
129.43019338071576,-393.0053509010979
129.4415717107379,-392.0054220331915
129.45295003822451,-391.0054931649209
129.46432837361294,-390.0055642979446
129.47570669402126,-389.005635426265
129.48708501366056,-388.00570657169266
129.49846354849814,-387.0057776549303
129.50984048722782,-386.00584896409106
129.52122634357082,-385.00591945320065
129.53256786419897,-384.0059929172868
129.54411612587143,-383.00605560858196
129.55473870056107,-382.0061574219783
129.56937515123843,-381.00611965612666
129.56197487398117,-380.0067418367163
129.4721376520009,-379.01076774134003
129.39499464141727,-378.0142043161803
129.31416366444333,-377.017815070001
129.2340890412126,-376.021380424511
129.11079782341963,-374.5268059317362
129.00993036586453,-373.5319075407509
128.9104215275505,-372.53690233990847
128.81051812545257,-371.5419286007533
128.71072862264435,-370.5469456690228
128.61090641105517,-369.5519654045327
128.51109355016138,-368.55698437069117
128.41127802670334,-367.56200355763656
128.31146325877214,-366.5670226815016
128.2116482769826,-365.5720418233197
128.1118333561372,-364.57706096003756
128.0120184156002,-363.58208009825034
127.91220349092848,-362.5870992357664
127.8123885200985,-361.59211837479666
127.71257372953804,-360.5971375073948
127.61275822043717,-359.60215666827276
127.51294556820923,-358.60717570727485
127.41312159875066,-357.6121952621885
127.31334231137294,-356.6172126637849
127.21338714103699,-355.6222389523475
127.11412243194977,-354.6272289015101
127.01000375912757,-353.63253645734585
126.89198622553235,-352.63951161537085
126.71706234301494,-351.6549737653295
126.53566587684449,-350.67156546923206
126.35539955497231,-349.68796217088453
126.17491458878996,-348.70439523588976
125.9944656512466,-347.7208228054043
125.81401310210416,-346.7372507088562
125.63355990203794,-345.7536788277931
125.4531073099784,-344.7701068072961
125.27265443892178,-343.7865348460314
125.09220167345687,-342.8029628630863
124.91174887239796,-341.8193908873244
124.73129607932242,-340.8358189099368
124.55084329736033,-339.85224693046445
124.3703904619496,-338.86867496114724
124.18993782581494,-337.88510295393576
124.00948446064969,-336.9015310853909
123.82903375723795,-335.91795871045474
123.6485733415798,-334.9343881836509
123.46814834531651,-333.95081091538896
123.28759424928639,-332.96725822489645
123.10751026792799,-331.98361601265105
122.91716747722899,-331.00193825543386
122.71690150673749,-330.0221826435565
122.5179527813721,-329.0421777762675
122.31893137365435,-328.0621829018571
122.11985400950029,-327.082200529861
121.92081184893527,-326.10221073328944
121.7217548403694,-325.12222401735755
121.52270326127973,-324.14223618354595
121.3236498385903,-323.1622487276197
121.12459701406146,-322.1822611494458
120.92554400134438,-321.20227360965316
120.72649104653165,-320.222286058069
120.52743807419938,-319.2422985100483
120.32838510709816,-318.2623109609645
120.12933213845129,-317.28232341219467
119.93027917025691,-316.3023358633329
119.73122620193129,-315.32234831449796
119.53217323364345,-314.34236076565526
119.33312026534523,-313.3623732168145
119.13406729704997,-312.38238566797327
118.93501432875343,-311.4023981191323
118.7359613604572,-310.42241057029105
118.53690839216091,-309.44242302145005
118.33785542386472,-308.46243547260895
118.13880245556832,-307.48244792376784
117.93974948727194,-306.50246037492684
117.74069651897629,-305.52247282608573
117.54164355068025,-304.5424852772445
117.34259058238408,-303.5624977284035
117.14353761408773,-302.58251017956246
116.9444846457913,-301.6025226307213
116.74543167749516,-300.6225350818801
116.54637870919873,-299.64254753303885
116.34732574090302,-298.6625599841976
116.14827277260699,-297.6825724353563
115.94921980431056,-296.70258488651507
115.7501668360143,-295.7225973376739
115.55111386771802,-294.74260978883257
115.35206089942179,-293.7626222399914
115.15300793112532,-292.7826346911503
114.95395496282956,-291.80264714230896
114.75490199453185,-290.8226595934681
114.55584902624241,-289.8426720446255
114.35679605792242,-288.86268449578904
114.15774308971037,-287.88269694693065
113.95869012111646,-286.9027093981498
113.75963715386767,-285.9227218490962
113.56058418189751,-284.94273430099975
113.36153122643253,-283.96274674955606
113.16247821353136,-282.98275920976585
112.96342539945606,-282.0027716296146
112.76437190131564,-281.0227841884112
112.56532073981309,-280.04279627224446
112.3662616651975,-279.0628099659604
112.1672291097075,-278.08281825874303
111.96810882823453,-277.1028444420557
111.76921309139655,-276.1228248292789
111.56866115759729,-275.14314475361675
111.36764864565603,-274.1635583671771
111.1667215917791,-273.1839545698598
110.96577861698692,-272.2043540220609
110.76483803580226,-271.22475298339316
110.56389731493186,-270.2451519744767
110.36295649707174,-269.26555098485767
110.16201574121601,-268.2859499827615
109.96107495909632,-267.30634898596634
109.76013418659906,-266.32674798722644
109.55919341083049,-265.3471469891481
109.35825263612512,-264.36754599085464
109.15731186108465,-263.38794499262895
108.95637108614703,-262.40834399438234
108.75543031117881,-261.42874299614215
108.55448953621935,-260.4491419979
108.35354876125714,-259.4695409996584
108.15260798629632,-258.4899400014167
107.95166721133498,-257.510339003175
107.75072643637313,-256.53073800493326
107.54978566141202,-255.55113700669145
107.34884488645075,-254.5715360084497
107.14790411148894,-253.59193501020798
106.94696333652811,-252.6123340119662
106.74602256156656,-251.6327330137246
106.54508178660492,-250.65313201548292
106.34414101164327,-249.67353101724117
106.14320023668226,-248.69393001899954
105.94225946172094,-247.71432902075782
105.74131868675913,-246.7347280225161
105.54037791179833,-245.7551270242743
105.3394371368368,-244.77552602603257
105.1384963618749,-243.795925027791
104.93755558691412,-242.81632402954915
104.73661481195259,-241.83672303130743
104.53567403699101,-240.85712203306568
104.33473326202999,-239.877521034824
104.13379248706836,-238.89792003658232
103.93285171210681,-237.9183190383406
103.73191093714544,-236.93871804009893
103.53097016218429,-235.95911704185716
103.33002938722267,-234.97951604361543
103.12908861226138,-233.99991504537368
102.9281478372992,-233.0203140471321
102.72720706234134,-232.04071304888964
102.52626628736729,-231.06111205065048
102.32532551245092,-230.0815110523996
102.12438473733067,-229.10191005419023
101.92344396292606,-228.122309055835
101.72250318601982,-227.14270805798992
101.52156241782214,-226.16310705836867
101.32062161946445,-225.18350606490097
101.11968092493102,-224.2039050502399
100.91873987551347,-223.22430410806152
100.71780002890321,-222.24470292005083
100.51685614731588,-221.2651025574039
100.31592563027034,-220.285499458162
100.11495155890061,-219.30590528937074
99.91411643773372,-218.326282579416
99.71285081449236,-217.34674852971347
99.51286257046169,-216.36695052477805
99.20353292945899,-214.89920619995456
98.99714774072808,-213.92074808855858
98.77913137083289,-212.94485247908926
98.5518579476647,-211.97100372144413
98.32719256885238,-210.99657391912717
98.10171704917914,-210.02232529424498
97.87648842935153,-209.04802127822393
97.65118566184205,-208.07373393707178
97.42590490326371,-207.09944163672242
97.20061767371635,-206.12515079678707
96.97533233177563,-205.15085953027324
96.75004644286551,-204.17656838750864
96.52476071155117,-203.2022772090541
96.29947493505193,-202.22798604084107
96.07418917145307,-201.25369486970186
95.84890340418201,-200.27940369939608
95.62361763796345,-199.30511252885123
95.398331871407,-198.3308213583832
95.17304610508799,-197.35653018786127
94.94776033820307,-196.38223901746775
94.7224745732201,-195.4079478466435
94.49718880164889,-194.43365667730973
94.27190305284006,-193.4593655028316
94.04661722586707,-192.4850743459956
93.8213316652872,-191.5107831291269
93.59604520500893,-190.53649211462692
93.37076174979427,-189.56220042577397
93.14546839565877,-188.5879109517292
92.92020707297851,-187.61361433868342
92.69484453869605,-186.63934016403454
92.46988817457355,-185.66497659952734
92.24482068345257,-184.6906310603568
92.01303560251824,-183.71790831697098
91.77150254249332,-182.7475979036389
91.52825195894306,-181.77775859705665
91.28493405415836,-180.80796341138256
91.04144756000738,-179.83820648623637
90.79797421169457,-178.8684502781124
90.55475255796259,-177.8986163783212
90.31060446438549,-176.92906739336775
90.05548036416204,-175.96251958415377
89.73763599404103,-175.01411414078075
89.42693606528286,-174.0637042226154
89.11625427762698,-173.11319607066793
88.80504493039409,-172.16288038695015
88.4941168669522,-171.2124682590944
88.18307595534569,-170.26209396390962
87.87207531907859,-169.3117063180494
87.56106120267896,-168.36132310999318
87.2500514182987,-167.4109384823532
86.93904028031103,-166.46055429681783
86.62802955667951,-165.5101699762855
86.31701870815706,-164.5597856963634
86.00600789691114,-163.60940140433996
85.69499707432274,-162.6590171159911
85.38398625624848,-161.7086328261915
85.07297543291031,-160.75824853805625
84.76196462389078,-159.80786424542518
84.4509537703009,-158.8574799667312
84.13994305313574,-157.90709564559972
83.82893193755008,-156.9567114474052
83.51792189594926,-156.00632692258182
83.20690938714343,-155.0559431235128
82.895900335467,-154.1055584566409
82.58489984214057,-153.1551701597957
82.27378732236701,-152.2048210535611
81.963391768977,-151.25423013889295
81.47836163452041,-149.8348699529742
81.14955794593558,-148.89055561695673
80.82031917950928,-147.94639451015004
80.49125443650712,-147.00217144084178
80.16212761971258,-146.05797057245638
79.83302158030135,-145.11376225152418
79.50390887707692,-144.16955632478397
79.17479819856524,-143.22534967157046
78.8456870856972,-142.28114316700703
78.51657554709755,-141.33693684461954
78.18746569373329,-140.39272980857714
77.85835148125935,-139.4485247364713
77.52924561519112,-138.50431520472785
77.20013850983392,-137.5601114861928
76.87091155446467,-136.61593125208304
76.53072792646095,-135.6759491760032
76.13007116167023,-134.7593286863858
75.74473737210164,-133.83668386367697
75.35486828699851,-132.91582655773587
74.96632932896642,-131.99444270670762
74.57740311681528,-131.07321262954497
74.18858894479555,-130.15193793898533
73.799742531254,-129.23067611698562
73.41090535256181,-128.30941060148547
73.02206553955753,-127.38814614148859
72.63322647528958,-126.46688138101217
72.24438719893926,-125.54561670576767
71.85554798232232,-124.62435200649189
71.46670874955987,-123.70308731370072
71.07786951873291,-122.78182262020232
70.68903029724484,-121.86055792266251
70.30019103563862,-120.93929324233689
69.9113519275424,-120.01802849621504
69.52251223683086,-119.096763999654
69.13367475552796,-118.17549855724181
68.74482889784326,-117.25423669879216
68.35601479010187,-116.33296126292942
67.96708036179348,-115.41173725364541
67.57860181102144,-114.49031849530338
67.18834344379184,-113.5696598364011
66.78423025697666,-112.65497373997908
66.37325049011557,-111.74343044266297
65.96061643413948,-110.83270628867828
65.5479897749384,-109.92196893316468
65.1354547951183,-109.01119067190405
64.72287023245387,-108.10043522679246
64.31030563739995,-107.18967050049693
63.89773390106204,-106.27890911007233
63.485164580107025,-105.36814658774597
63.072594394767975,-104.45738447223783
62.660024790406794,-103.54662207996452
62.24745392064368,-102.63586029591656
61.83488721490974,-101.7250965057973
61.42230619053767,-100.81433962359274
61.00977430713853,-99.90355899733449
60.59707497644334,-98.99285942581889
60.18494110828128,-98.08188554261045
59.77091871289002,-97.17183035462426
59.362585339797754,-96.25900029446959
58.6723588445096,-94.92797650953875
58.189336818686705,-94.05221966598492
57.71118244492108,-93.17402307427761
57.231536124770074,-92.29658065827336
56.7523397960643,-91.41890920904294
56.27300944248055,-90.54130634178298
55.793718602131406,-89.66368316641278
55.31441620991821,-88.78606594978206
54.835117171227765,-87.90844699802378
54.35581716482894,-87.03082854827123
53.87651743622895,-86.1532099540818
53.39721762824217,-85.27559140125452
52.91791784296063,-84.39797283655626
52.43861805035813,-83.52035427577374
51.95931826491309,-82.6427357108887
51.48001845173432,-81.76511716194435
51.000718767450294,-80.88749853986866
50.521418501289745,-80.00988024480975
50.04212078470294,-79.13226052658277
49.562812142049864,-78.25464687642248
49.08354954106542,-77.37700775616788
48.604095463401286,-76.49947422957226
48.12542929551557,-75.62150731406197
47.640868430446815,-74.74677758868015
47.1482207928864,-73.87654639268777
46.651949677097306,-73.00844233325452
46.1546535742152,-72.14096439917506
45.657386167934774,-71.27346405022325
45.160165106110114,-70.4059377751498
44.66291717523637,-69.5384269808647
44.165680307849435,-68.6709097562642
43.66843944280889,-67.80339486489272
43.171199925204945,-66.93587918516192
42.67395997268132,-66.06836376030407
42.176720156461215,-65.20084825547806
41.679480298383865,-64.33333277523094
41.18224045312409,-63.465817287449894
40.68500060337962,-62.59830180231425
40.18776075731441,-61.73078631498234
39.69052090186509,-60.86327083328946
39.19328107832068,-59.995755332390104
38.69604114350015,-59.128239898567266
38.19880159600502,-58.26072423092654
37.70156070697932,-57.39320937448882
37.20432443680171,-56.52569171965087
36.707072375475676,-55.65818365417903
36.20987385126246,-54.790642987914175
35.712495653806926,-53.923212101079045
35.21571292421308,-53.05541586846593
34.71698805036597,-52.18881781088796
34.21523870878434,-51.32400393101338
33.660702779766254,-50.491805999107015
33.108274257441025,-49.658311197814676
32.55632958483527,-48.82447092733232
32.00355955723668,-47.99118343953829
31.451474390915898,-47.15741672011061
30.890147669397102,-46.329864456964366
30.32669833095319,-45.503719275133605
29.764352044179688,-44.676827105670235
29.201557856064557,-43.850239490448445
28.63892446877454,-43.02354226126957
28.076237073782167,-42.196881898800754
27.513567052085833,-41.37020966598536
26.950891680971893,-40.543541089930116
26.388217638296602,-39.7168716077289
25.82554428072265,-38.89020164755762
25.262866951972477,-38.063534438371946
24.700203782900928,-37.23685741704926
24.137492008146424,-36.41021410517082
23.574945290086184,-35.58345620634669
23.011843718328443,-34.7570839882698
22.450445383357266,-33.92952660106971
21.583309670502,-32.70567844035175
20.996980421566473,-31.895599251284818
20.412274713184523,-31.084376408628188
19.82707262608249,-30.273503760262642
19.242019978685256,-29.46252554689813
18.656922865096526,-28.651578776633123
18.0718389229729,-27.840622683628435
17.486750875246685,-27.029669502575214
16.90166487063912,-26.218714858378902
16.31657551764615,-25.407762642077742
15.731495848733239,-24.596803366484338
15.146386738485496,-23.78586565664346
14.561363592094533,-22.97486452797587
13.97610856130122,-22.164036633760887
13.391017798449589,-21.353053419378497
12.800912789928628,-20.545756583323055
12.204048621241636,-19.743460692392887
11.609062681493391,-18.93975716724009
11.013434979815504,-18.13653470617365
10.418016333627827,-17.333155372892598
9.82253164578001,-16.52982562275791
9.227067560749177,-15.726480395938395
8.631596563368062,-14.923140368827053
8.036129311206551,-14.119797506130997
7.440657735828177,-13.31645796517607
6.845188015437335,-12.513116780372826
6.249758286068571,-11.709746406398228
5.654000468324554,-10.906619803263485
5.05703344427458,-10.104427810456423
4.436901298933186,-9.319897955378933
3.8188987996568766,-8.533732817499011
3.2002775114350515,-7.748043541107127
2.5818389665201056,-6.962213502849668
1.9633318293638953,-6.1764364648993055
1.344904637634504,-5.390597342775262
0.7262094053105018,-4.6049670230344635
0.10393536164242789,-3.8221943840721266
-1.032028290905555,-2.4675012922249895
