-305.868412;-1859.9648481
-305.8361443;-1861.9644685
-305.803916;-1863.9640895
-305.7717277;-1865.9637113
-305.7395799;-1867.9633336
-305.7074733;-1869.9629566
-305.6754085;-1871.9625803
-305.643386;-1873.9622047
-305.6114065;-1875.9618297
-305.5794705;-1877.9614555
-305.5475787;-1879.9610819
-305.5157316;-1881.9607091
-305.4839298;-1883.960337
-305.452174;-1885.9599656
-305.4204647;-1887.9595949
-305.3888025;-1889.959225
-305.3571881;-1891.9588559
-305.3256219;-1893.9584875
-305.2941047;-1895.9581199
-305.262637;-1897.9577531
-305.2312193;-1899.957387
-305.1998524;-1901.9570218
-305.1685368;-1903.9566573
-305.1372731;-1905.9562937
-305.1060618;-1907.9559309
-305.0749037;-1909.9555689
-305.0437992;-1911.9552078
-305.012749;-1913.9548475
-304.9817536;-1915.954488
-304.9508138;-1917.9541294
-304.9199299;-1919.9537717
-304.8891028;-1921.9534148
-304.8583329;-1923.9530589
-304.8276209;-1925.9527038
-304.7969673;-1927.9523496
-304.7663727;-1929.9519963
-304.7358378;-1931.951644
-304.7053631;-1933.9512925
-304.6749493;-1935.950942
-304.6445968;-1937.9505924
-304.6143064;-1939.9502437
-304.5840787;-1941.949896
-304.5539141;-1943.9495493
-304.5238134;-1945.9492035
-304.493777;-1947.9488587
-304.4638057;-1949.9485149
-304.4339;-1951.948172
-304.4040604;-1953.9478301
-304.3742877;-1955.9474893
-304.3445823;-1957.9471494
-304.314945;-1959.9468104
-304.285377;-1961.9464727
-304.2558812;-1963.9461355
-304.2264643;-1965.9457998
-304.1971344;-1967.9454659
-304.1678999;-1969.9451326
-304.1387692;-1971.9448011
-304.1097508;-1973.9444718
-304.080853;-1975.9441433
-304.0520843;-1977.943817
-304.023453;-1979.9434934
-303.9949675;-1981.9431707
-303.9666362;-1983.9428507
-303.9384675;-1985.9425337
-303.9104697;-1987.9422178
-303.8826517;-1989.9419049
-303.8550226;-1991.9415956
-303.8275921;-1993.9412874
-303.8003699;-1995.9409828
-303.7733656;-1997.9406821
-303.7465888;-1999.9403826
-303.7200491;-2001.9400871
-303.6937561;-2003.9397961
-303.6677196;-2005.9395063
-303.641949;-2007.9392208
-303.6164538;-2009.9389403
-303.5912401;-2011.9386605
-303.5662997;-2013.9383848
-303.5415861;-2015.9381152
-303.5170176;-2017.9378428
-303.4925028;-2019.9375745
-303.4679343;-2021.9373057
-303.4431897;-2023.9370334
-303.4181368;-2025.9367576
-303.3926428;-2027.9364755
-303.3665765;-2029.936187
-303.3398058;-2031.9358889
-303.3121991;-2033.9355782
-303.2836244;-2035.9352558
-303.25395;-2037.9349166
-303.2230442;-2039.9345572
-303.1907751;-2041.9341787
-303.157011;-2043.9337743
-303.1216201;-2045.9333408
-303.0844706;-2047.9328774
-303.0454312;-2049.932375
-303.0043694;-2051.9318343
-302.9611668;-2053.9312433
-302.9157552;-2055.930606
-302.8680792;-2057.9299251
-302.8180846;-2059.9291744
-302.7657161;-2061.9283683
-302.7109187;-2063.9275053
-302.6536383;-2065.926559
-302.5938188;-2067.925544
-302.5313902;-2069.9244569
-302.4662539;-2071.923267
-302.3982544;-2073.9219851
-302.3272696;-2075.9206199
-302.2532268;-2077.919116
-302.1760735;-2079.9175094
-302.0957632;-2081.9157895
-302.0122508;-2083.9139181
-301.9254929;-2085.9119188
-301.8354549;-2087.9097773
-301.7421081;-2089.9074778
-301.6454218;-2091.9050241
-301.5453665;-2093.9023975
-301.4419116;-2095.8996073
-301.3350278;-2097.8966343
-301.2246859;-2099.8934579
-301.110853;-2101.8901092
-300.9934967;-2103.8865474
-300.8725755;-2105.8827524
-300.7480359;-2107.8787671
-300.6198284;-2109.8745371
-300.4879003;-2111.8700426
-300.3521948;-2113.8653299
-300.2126573;-2115.8603345
-300.0691155;-2117.8550411
-299.9212945;-2119.8494608
-299.7689196;-2121.8435273
-299.6117144;-2123.8372092
-299.4494024;-2125.8304983
-299.2817121;-2127.8233352
-299.1083712;-2129.8156824
-298.929107;-2131.8075165
-298.7436504;-2133.7987792
-298.5517322;-2135.7894239
-298.3530821;-2137.7794178
-298.1474325;-2139.7686968
-297.9345169;-2141.7572048
-297.7140661;-2143.744903
-297.4858073;-2145.731717
-297.249489;-2147.7175761
-297.0048979;-2149.7024516
-296.751906;-2151.6862686
-296.4903928;-2153.6689628
-296.2202245;-2155.6505234
-295.941279;-2157.6308585
-295.6534325;-2159.6098957
-295.3565502;-2161.5876345
-295.0505132;-2163.5639655
-294.735199;-2165.5388068
-294.41047;-2167.5121693
-294.0762108;-2169.4839245
-293.7323009;-2171.4539811
-293.3785991;-2173.4223616
-293.0149952;-2175.388919
-292.6413695;-2177.3535501
-292.2575785;-2179.3162916
-291.8635343;-2181.2769794
-291.4591503;-2183.2355022
-291.0443094;-2185.1919227
-290.6189439;-2187.1460553
-290.182974;-2189.0977824
-289.736276;-2191.0471801
-289.2787888;-2192.9940475
-288.810438;-2194.9382505
-288.331094;-2196.8798824
-287.840703;-2198.8187249
-287.3391949;-2200.7546342
-286.8264354;-2202.6877121
-286.3023764;-2204.6177303
-285.7669546;-2206.5445309
-285.2200364;-2208.4682254
-284.6615979;-2210.3885845
-284.0916228;-2212.3054407
-283.5100174;-2214.2189336
-282.9167998;-2216.1288367
-282.3119744;-2218.0349796
-281.6954468;-2219.9375015
-281.0672367;-2221.8361797
-280.427343;-2223.7308414
-279.7756549;-2225.6215945
-279.1121467;-2227.5082235
-278.4367772;-2229.3905439
-277.7494112;-2231.2686052
-277.0499861;-2233.1421895
-276.3383553;-2235.0111231
-275.6142681;-2236.8753159
-274.8774618;-2238.7345132
-274.127644;-2240.5884933
-273.3645128;-2242.4370434
-272.5877807;-2244.2799195
-271.7971782;-2246.1168841
-270.9924868;-2247.9477242
-270.1735892;-2249.7722552
-269.3404668;-2251.5903324
-268.4931527;-2253.4018404
-267.6316991;-2255.2066687
-266.7561617;-2257.0047045
-265.8665933;-2258.7958409
-264.9630478;-2260.579969
-264.0455809;-2262.356976
-263.1142457;-2264.1267545
-262.1690957;-2265.8891957
-261.2101868;-2267.6441868
-260.2375724;-2269.3916197
-259.2513058;-2271.1313858
-258.2514434;-2272.8633718
-257.2380386;-2274.5874688
-256.2111449;-2276.3035684
-255.1708189;-2278.0115563
-254.1171149;-2279.7113229
-253.0500859;-2281.4027597
-251.9697895;-2283.0857513
-250.8762804;-2284.7601871
-249.7696117;-2286.4259586
-248.649842;-2288.082949
-247.5170266;-2289.7310464
-246.3712185;-2291.3701424
-245.2124778;-2293.0001182
-244.0408605;-2294.6208609
-242.8564196;-2296.2322619
-241.6592167;-2297.8342004
-240.4493093;-2299.4265618
-239.2267496;-2301.0092379
-237.9916017;-2302.5821052
-236.7439242;-2304.1450475
-235.483769;-2305.6979568
-234.2112027;-2307.2407068
-232.9262856;-2308.7731792
-231.6290687;-2310.2952666
-230.319622;-2311.8068394
-228.9980073;-2313.3077774
-227.6642755;-2314.7979731
-226.3184993;-2316.277294
-224.9607427;-2317.745618
-223.591057;-2319.2028364
-222.2095173;-2320.6488147
-220.8161905;-2322.0834281
-219.411128;-2323.506567
-217.9944069;-2324.918096
-216.5661;-2326.3178842
-215.1262609;-2327.7058263
-213.6749917;-2329.0817942
-212.2123775;-2330.4457056
-210.7385304;-2331.7974656
-209.253543;-2333.1369807
-207.7575075;-2334.4641608
-206.250546;-2335.778904
-204.7327673;-2337.0811472
-203.2042987;-2338.3708416
-201.6652991;-2339.6479348
-200.1159075;-2340.9124053
-198.556271;-2342.1642262
-196.9865467;-2343.403363
-195.4068747;-2344.629794
-193.8173966;-2345.8434967
-192.2182627;-2347.0444419
-190.6096119;-2348.2326089
-188.9915824;-2349.4079778
-187.3643185;-2350.5705237
-185.7279568;-2351.7202278
-184.082632;-2352.8570723
-182.4284834;-2353.9810363
-180.765645;-2355.0921026
-179.0942481;-2356.1902556
-177.4144275;-2357.2754774
-175.7263143;-2358.3477525
-174.0300364;-2359.4070676
-172.3257248;-2360.4534071
-170.6135079;-2361.4867573
-168.8935096;-2362.5071068
-167.1658577;-2363.5144422
-165.4306782;-2364.5087509
-163.6880908;-2365.490024
-161.9382203;-2366.4582495
-160.1811908;-2367.4134159
-158.4171175;-2368.3555166
-156.6461224;-2369.2845409
-154.8683285;-2370.2004778
-153.0838459;-2371.1033233
-151.2927934;-2371.9930678
-149.4952939;-2372.8696982
-147.691449;-2373.7332105
-145.8813746;-2374.583593
-144.0651939;-2375.4208314
-142.2430023;-2376.2449239
-140.4149136;-2377.0558605
-138.5810534;-2377.8536262
-136.7415101;-2378.6382222
-134.896395;-2379.4096396
-133.0458374;-2380.1678626
-131.1899182;-2380.9128952
-129.3287457;-2381.6447298
-127.4624547;-2382.3633493
-125.5911173;-2383.0687604
-123.7148389;-2383.7609571
-121.8337609;-2384.4399203
-119.9479462;-2385.1056599
-118.0574964;-2385.758171
-116.1625637;-2386.3974384
-114.2632115;-2387.023508
-112.3595721;-2387.636491
-110.4518724;-2388.2365674
-108.5402241;-2388.8240131
-106.6247898;-2389.399106
-104.7058298;-2389.9621004
-102.7834348;-2390.5132998
-100.8576964;-2391.0529703
-98.9289374;-2391.5812492
-96.9970698;-2392.098267
-95.0621163;-2392.6040848
-93.1244465;-2393.0986559
-91.1838817;-2393.5820446
-89.2404476;-2394.0542298
-87.2944825;-2394.5151026
-85.3458053;-2394.9646964
-83.3944541;-2395.4029884
-81.44074;-2395.8298917
-79.4845174;-2396.2454225
-77.5258192;-2396.6495547
-75.5649193;-2397.0422129
-73.6017152;-2397.4233984
-71.6362405;-2397.7930829
-69.6687296;-2398.1512027
-67.6990892;-2398.4977571
-65.727422;-2398.832692
-63.7538633;-2399.1559613
-61.778435;-2399.4676293
-59.8011974;-2399.7679361
-57.8223532;-2400.0572282
-55.8419717;-2400.3358794
-53.8601872;-2400.6042375
-51.8770746;-2400.8626498
-49.892732;-2401.1114661
-47.9072539;-2401.3510298
-45.9207197;-2401.5816796
-43.9332096;-2401.8037536
-41.9447952;-2402.0175884
-39.9555475;-2402.2235181
-37.9655344;-2402.4218752
-35.974805;-2402.6129944
-33.9834328;-2402.7972113
-31.991475;-2402.9748641
-29.9989414;-2403.1462219
-28.0059196;-2403.311455
-26.0124054;-2403.4706366
-24.0183665;-2403.6238495
-22.0239409;-2403.7711766
-20.0290933;-2403.9127057
-18.0337938;-2404.0485245
-16.0381754;-2404.1787111
-14.0422005;-2404.3033545
-12.0458383;-2404.4225427
-10.0492175;-2404.5363544
-8.0522999;-2404.6448782
-6.0550552;-2404.7482018
-4.0576037;-2404.8464047
-2.0599086;-2404.9395751
-0.0619431;-2405.0277997
1.9361855;-2405.1111595
3.9345103;-2405.1897407
5.9330532;-2405.2636259
7.931723;-2405.3328897
9.9305487;-2405.3976077
11.9295437;-2405.4578541
13.9286368;-2405.5137004
15.9278499;-2405.5652208
17.9271873;-2405.6124887
19.9265994;-2405.6555761
21.9261003;-2405.6945567
23.9256839;-2405.7295031
25.9253235;-2405.7604881
27.9250235;-2405.7875843
29.9247706;-2405.8108638
31.924558;-2405.8304002
33.9243822;-2405.8462733
35.9242196;-2405.8585694
37.924085;-2405.8673746
39.9239601;-2405.8727656
41.9238298;-2405.8748269
43.9237103;-2405.8736314
45.9235845;-2405.8692089
47.9234498;-2405.8615617
49.923301;-2405.8506786
51.9231317;-2405.8365478
53.9229361;-2405.8191579
55.92271;-2405.7984974
57.9224473;-2405.7745547
59.922142;-2405.7473183
61.9217893;-2405.7167767
63.9213831;-2405.6829183
65.9209178;-2405.6457318
67.9203876;-2405.6052055
69.9197865;-2405.5613281
71.9191091;-2405.514088
73.9183489;-2405.4634738
75.9174998;-2405.409474
77.9165569;-2405.3520771
79.9155126;-2405.2912718
81.9143609;-2405.2270466
83.9130975;-2405.15939
85.9117136;-2405.0882905
87.9102036;-2405.0137367
89.9085612;-2404.9357181
91.9067788;-2404.8542227
93.9048494;-2404.7692343
95.902775;-2404.6807512
97.9005384;-2404.5888053
99.8981409;-2404.4934811
101.8955953;-2404.3948772
103.8928822;-2404.2930948
105.8900118;-2404.1882276
107.8869862;-2404.080372
109.8837978;-2403.9696265
111.880454;-2403.8560853
113.8769511;-2403.7398154
115.8732872;-2403.6208302
117.869451;-2403.4990614
119.8654534;-2403.3744675
121.8612708;-2403.247038
123.856912;-2403.1167711
125.8523551;-2402.9836759
127.8476099;-2402.8477308
129.8426648;-2402.7088277
131.8374914;-2402.5667508
133.8320745;-2402.4212345
135.826384;-2402.2720407
137.8203871;-2402.1189282
139.8140762;-2401.9616506
141.8074132;-2401.7999676
143.8003589;-2401.6336394
145.792899;-2401.4624247
147.7849927;-2401.2860853
149.776596;-2401.1043836
151.767688;-2400.9170806
153.7582246;-2400.7239403
155.7481522;-2400.5247265
157.7374464;-2400.3192003
159.7260527;-2400.107129
161.7139184;-2399.8883054
163.7010182;-2399.6625438
165.6873024;-2399.4296822
167.6727049;-2399.1895544
169.6572064;-2398.9419842
171.6407474;-2398.6868039
173.623253;-2398.4238468
175.6047046;-2398.1529379
177.5850343;-2397.8739088
179.5641524;-2397.5865941
181.5420452;-2397.2908167
183.5186349;-2396.9864081
185.4938216;-2396.6732051
187.4675913;-2396.3510289
189.4398507;-2396.0197088
191.4104815;-2395.6790923
193.3794965;-2395.3290361
195.3468157;-2394.9694658
197.3123039;-2394.6003328
199.2760004;-2394.2215574
201.2378156;-2393.8330777
203.1976046;-2393.4348459
205.1554252;-2393.0267745
207.1111782;-2392.6088067
209.0646938;-2392.1809027
211.0160519;-2391.7429684
212.965147;-2391.29495
214.9117873;-2390.8368147
216.8560669;-2390.3684632
218.7978779;-2389.8898439
220.7370155;-2389.4009301
222.6735729;-2388.9016172
224.6074434;-2388.3918443
226.5384026;-2387.8715912
228.4665532;-2387.3407606
230.3918034;-2386.7993186
232.3139157;-2386.2472741
234.2329897;-2385.6845396
236.1489455;-2385.1110784
238.0615399;-2384.526904
239.9708564;-2383.9319314
241.8768102;-2383.3261224
243.7791743;-2382.7094489
245.6779747;-2382.081739
247.573048;-2381.4427953
249.4641784;-2380.7923848
251.3512423;-2380.1302113
253.2340402;-2379.4559829
255.1123564;-2378.7693943
256.985998;-2378.0701312
258.8547514;-2377.3579082
260.7184233;-2376.6324929
262.576828;-2375.8936829
264.429774;-2375.1412959
266.2770869;-2374.3751739
268.118608;-2373.5952311
269.9542121;-2372.8014724
271.7837974;-2371.9939296
273.6072573;-2371.1726471
275.4244838;-2370.3376704
277.2353775;-2369.4890405
279.0398313;-2368.6268022
280.8377394;-2367.7510016
282.6290022;-2366.8616843
284.4135152;-2365.9588999
286.1911764;-2365.0426978
287.9618836;-2364.1131274
289.7255342;-2363.1702384
291.4820273;-2362.2140797
293.231259;-2361.2447017
294.9731262;-2360.2621545
296.7075294;-2359.2664861
298.4343626;-2358.2577481
300.1535222;-2357.235991
301.8649101;-2356.2012619
303.568418;-2355.153614
305.2639415;-2354.0930981
306.9513839;-2353.019761
308.6306354;-2351.9336597
310.3015965;-2350.8348487
311.9641713;-2349.7233837
313.6182565;-2348.5993253
315.2637515;-2347.4627321
316.9005604;-2346.3136596
318.5285792;-2345.1521689
320.1477064;-2343.9783192
321.7578466;-2342.7921656
323.3588945;-2341.5937701
324.9507479;-2340.3831927
326.5333112;-2339.1604883
328.106478;-2337.92572
329.6701449;-2336.6789488
331.2242163;-2335.4202296
332.7685843;-2334.1496255
334.3031425;-2332.8671965
335.8277911;-2331.5729949
337.3424199;-2330.2670822
338.8469197;-2328.9495189
340.3411897;-2327.6203582
341.8251187;-2326.2796625
343.2985951;-2324.9274946
344.7615176;-2323.5639079
346.2137735;-2322.1889661
347.6552488;-2320.8027345
349.0858412;-2319.4052671
350.5054371;-2317.9966286
351.9139195;-2316.5768875
353.3111852;-2315.1460985
354.6971201;-2313.7043274
356.0716045;-2312.2516481
357.4345364;-2310.788117
358.7858026;-2309.3138026
360.1252794;-2307.828786
361.4528696;-2306.3331252
362.7684629;-2304.8269098
364.071988;-2303.310229
365.3633757;-2301.7831984
366.6425629;-2300.2459386
367.9094989;-2298.6985564
369.1641204;-2297.1411767
370.4063744;-2295.5739189
371.6362241;-2293.9969009
372.8536276;-2292.4102578
374.0585518;-2290.8141177
375.2509698;-2289.2086108
376.4308597;-2287.593878
377.5982176;-2285.9700569
378.7530297;-2284.3372959
379.8952903;-2282.6957307
381.0249971;-2281.045493
382.1421376;-2279.3867295
383.2467089;-2277.719572
384.3387127;-2276.0441458
385.4181374;-2274.3605956
386.4849829;-2272.6690491
387.5392537;-2270.9696256
388.58094;-2269.2624678
389.6100439;-2267.5476987
390.626572;-2265.8254336
391.6305168;-2264.095811
392.6218805;-2262.3589499
393.6006679;-2260.6149613
394.5668722;-2258.8639757
395.5204952;-2257.1061086
396.4615416;-2255.3414704
397.3900089;-2253.5701855
398.3059008;-2251.7923662
399.2092218;-2250.008124
400.0999736;-2248.2175759
400.9781622;-2246.4208304
401.8437903;-2244.6180029
402.6968646;-2242.8092009
403.5373928;-2240.9945293
404.3653747;-2239.1741111
405.1808248;-2237.3480395
405.9837493;-2235.5164123
406.7741305;-2233.6793606
407.5519639;-2231.8369545
408.3172386;-2229.989274
409.0699206;-2228.1364606
409.8100102;-2226.2785697
410.537496;-2224.4156844
411.2523432;-2222.5479484
411.9545528;-2220.6754135
412.6441147;-2218.7981574
413.3209933;-2216.9163288
413.9851894;-2215.0299771
414.6366943;-2213.1391747
415.2754724;-2211.2440736
415.901525;-2209.3447237
416.5148708;-2207.4411998
417.1155602;-2205.5336829
417.7037923;-2203.6222856
418.2798087;-2201.707133
418.8438373;-2199.7884566
419.3961374;-2197.8663806
419.9369683;-2195.9409944
420.4665155;-2194.012527
420.9849303;-2192.0810617
421.4923158;-2190.1465588
421.9886471;-2188.2092741
422.4739504;-2186.2692086
422.9482615;-2184.3263304
423.4115639;-2182.380877
423.8639174;-2180.4328747
424.3054068;-2178.4822725
424.7360382;-2176.5293179
425.1558369;-2174.5740338
425.5648256;-2172.6163747
425.9629725;-2170.6565364
426.3502839;-2168.6945544
426.7267792;-2166.7303875
427.0924332;-2164.7642236
427.4472499;-2162.7961023
427.7912466;-2160.8259906
428.1244051;-2158.8540558
428.446727;-2156.8803514
428.7582303;-2154.9048549
429.0589091;-2152.9277047
429.3487698;-2150.9489212
429.6277795;-2148.9685924
429.8959914;-2146.9867889
430.1536687;-2145.0036065
430.40129;-2143.0190845
430.6393911;-2141.0334216
430.8684928;-2139.0466869
431.0890829;-2137.059038
431.3016768;-2135.070494
431.5068065;-2133.0811663
431.70492;-2131.0911232
431.8963205;-2129.1004259
432.0811245;-2127.1091356
432.2594079;-2125.1172105
432.4312303;-2123.1247186
432.5966671;-2121.1317161
432.755796;-2119.1381597
432.9086836;-2117.144126
433.0554025;-2115.1496607
433.1960383;-2113.1547123
433.3306719;-2111.1593619
433.4593911;-2109.1636527
433.5822891;-2107.1675347
433.6994512;-2105.1710818
433.8109651;-2103.1743355
433.9169233;-2101.1772472
434.0174122;-2099.1798858
434.1125198;-2097.182288
434.2023383;-2095.1844103
434.2869546;-2093.1863141
434.3664573;-2091.1880309
434.4409377;-2089.1895246
434.5104833;-2087.190848
434.575183;-2085.1920268
434.6351272;-2083.193034
434.6904039;-2081.1939131
434.7411021;-2079.1946835
434.7873114;-2077.1953286
434.8291203;-2075.1958822
434.8666174;-2073.1963571
434.8998919;-2071.1967479
434.9290322;-2069.1970782
434.9541271;-2067.1973549
434.9752649;-2065.1975829
434.9925342;-2063.1977768
435.0060234;-2061.1979367
435.0158127;-2059.1980802
435.0219707;-2057.1982108
435.0245506;-2055.1983227
435.0235971;-2053.1984449
435.0191531;-2051.1985724
435.0112639;-2049.198697
434.9999829;-2047.1988579
434.9854009;-2045.1990343
434.9676727;-2043.1992305
434.947003;-2041.1994603
434.9236164;-2039.1997176
434.8977385;-2037.2000016
434.8695952;-2035.2003211
434.8394121;-2033.2006693
434.8074149;-2031.2010421
434.7738295;-2029.2014451
434.7388816;-2027.2018707
434.7027969;-2025.2023134
434.6658022;-2023.202777
434.6281258;-2021.2032521
434.5899944;-2019.2037349
434.5516006;-2017.2042237
434.5130715;-2015.2047142
434.474448;-2013.2052064
434.4357408;-2011.2057003
434.3969509;-2009.2061958
434.3580794;-2007.2066928
434.3191271;-2005.2071915
434.2800951;-2003.2076917
434.2409844;-2001.2081933
434.2017959;-1999.2086966
434.1625308;-1997.2092014
434.1231898;-1995.2097075
434.0837741;-1993.2102153
434.0442847;-1991.2107245
434.0047224;-1989.211235
433.9650884;-1987.2117471
433.9253836;-1985.2122605
433.8856089;-1983.2127753
433.8457655;-1981.2132915
433.8058542;-1979.2138091
433.7658761;-1977.2143279
433.7258321;-1975.2148481
433.6857233;-1973.2153696
433.6455506;-1971.2158924
433.6053151;-1969.2164164
433.5650177;-1967.2169417
433.5246593;-1965.2174682
433.4842411;-1963.2179959
433.4437639;-1961.2185249
433.4032288;-1959.2190549
433.3626368;-1957.2195862
433.3219889;-1955.2201186
433.281286;-1953.220652
433.2405291;-1951.2211866
433.1997193;-1949.2217223
433.1588575;-1947.222259
433.1179446;-1945.2227968
433.0769818;-1943.2233356
433.03597;-1941.2238754
432.9949102;-1939.2244162
432.9538033;-1937.224958
432.9126504;-1935.2255007
432.8714524;-1933.2260443
432.8302104;-1931.2265889
432.7889253;-1929.2271343
432.7475981;-1927.2276806
432.7062299;-1925.2282278
432.6648215;-1923.2287757
432.6233738;-1921.2293245
432.5818875;-1919.2298741
432.5403635;-1917.2304245
432.4988025;-1915.2309756
432.4572051;-1913.2315276
432.4155723;-1911.2320802
432.3739046;-1909.2326336
432.332203;-1907.2331876
432.2904681;-1905.2337424
432.2487007;-1903.2342978
432.2069016;-1901.234854
432.1650715;-1899.2354107
432.1232111;-1897.2359681
432.0813213;-1895.2365261
432.0394027;-1893.2370847
431.9974562;-1891.2376439
431.9554825;-1889.2382037
431.9134823;-1887.238764
431.8714564;-1885.2393249
431.8294056;-1883.2398863
431.7873306;-1881.2404481
431.7452321;-1879.2410105
431.703111;-1877.2415734
431.660968;-1875.2421367
431.6188038;-1873.2427005
431.5766192;-1871.2432647
431.5344149;-1869.2438293
431.4921918;-1867.2443943
431.4499505;-1865.2449598
431.4076918;-1863.2455255
431.3654165;-1861.2460916
431.3231253;-1859.2466581
431.280819;-1857.2472248
431.2384984;-1855.2477919
431.1961641;-1853.2483594
431.153817;-1851.2489269
431.1114578;-1849.2494948
431.0690872;-1847.250063
431.0267061;-1845.2506313
430.9843151;-1843.2511999
430.9419151;-1841.2517687
430.8995067;-1839.2523376
430.8570908;-1837.2529067
430.8146681;-1835.253476
430.7722393;-1833.2540453
430.7298053;-1831.2546148
430.6873667;-1829.2551844
430.6449243;-1827.255754
430.6024789;-1825.2563238
430.5600312;-1823.2568936
430.517582;-1821.2574633
430.4751321;-1819.2580331
430.4326821;-1817.258603
430.3902329;-1815.2591727
430.3477852;-1813.2597425
430.3053398;-1811.2603123
430.2628974;-1809.2608819
430.2204587;-1807.2614515
430.1780246;-1805.2620211
430.1355958;-1803.2625903
430.093173;-1801.2631596
430.050757;-1799.2637288
430.0083486;-1797.2642976
429.9659484;-1795.2648664
429.9235574;-1793.2654351
429.8811761;-1791.2660033
429.8388055;-1789.2665715
429.7964461;-1787.2671395
429.7540989;-1785.2677069
429.7117645;-1783.2682744
429.6694436;-1781.2688416
429.6271372;-1779.2694081
429.5848458;-1777.2699747
429.5425704;-1775.2705409
429.5003115;-1773.2711065
429.45807;-1771.271672
429.4158466;-1769.2722371
429.3736422;-1767.2728015
429.3314573;-1765.2733658
429.2892929;-1763.2739297
429.2471497;-1761.2744928
429.2050283;-1759.2750558
429.1629296;-1757.2756183
429.1208543;-1755.27618
429.0788032;-1753.2767415
429.0367771;-1751.2773025
428.9947766;-1749.2778626
428.9528026;-1747.2784224
428.9108557;-1745.2789818
428.8689369;-1743.2795402
428.8270467;-1741.2800983
428.785186;-1739.2806558
428.7433555;-1737.2812123
428.701556;-1735.2817685
428.6597883;-1733.2823242
428.618053;-1731.2828787
428.576351;-1729.2834328
428.5346829;-1727.2839864
428.4930497;-1725.2845388
428.4514519;-1723.2850908
428.4098904;-1721.2856421
428.368366;-1719.2861922
428.3268793;-1717.2867419
428.2854311;-1715.2872909
428.2440223;-1713.2878386
428.2026535;-1711.2883858
428.1613255;-1709.2889324
428.120039;-1707.2894775
428.0787949;-1705.2900222
428.0375938;-1703.2905661
427.9964366;-1701.2911086
427.9553239;-1699.2916505
427.9142566;-1697.2921917
427.8732354;-1695.2927314
427.832261;-1693.2932705
427.7913342;-1691.2938088
427.7504558;-1689.2943455
427.7096265;-1687.2948817
427.6688471;-1685.295417
427.6281183;-1683.2959507
427.5874409;-1681.2964838
427.5468156;-1679.2970159
427.5062432;-1677.2975464
427.4657245;-1675.2980763
427.4252601;-1673.2986052
427.384851;-1671.2991323
427.3444977;-1669.2996588
427.3042011;-1667.3001844
427.263962;-1665.3007081
427.223781;-1663.3012311
427.183659;-1661.3017532
427.1435967;-1659.3022733
427.1035948;-1657.3027928
427.0636541;-1655.3033112
427.0237754;-1653.3038277
426.9839595;-1651.3043434
426.944207;-1649.3048581
426.9045187;-1647.3053708
426.8648954;-1645.3058827
426.8253379;-1643.3063935
426.7858468;-1641.3069023
426.746423;-1639.3074103
426.7070672;-1637.3079171
426.6677802;-1635.3084218
426.6285627;-1633.3089258
426.5894155;-1631.3094285
426.5503393;-1629.3099291
426.511335;-1627.3104289
426.4724031;-1625.3109274
426.4335446;-1623.3114238
426.3947601;-1621.3119192
426.3560504;-1619.3124135
426.3174163;-1617.3129055
426.2788585;-1615.3133966
426.2403779;-1613.3138864
426.201975;-1611.314374
426.1636507;-1609.3148606
426.1254058;-1607.3153459
426.087241;-1605.3158289
426.049157;-1603.3163109
426.0111547;-1601.3167916
425.9732348;-1599.3172699
425.9353979;-1597.3177472
425.897645;-1595.3182232
425.8599767;-1593.3186967
425.8223938;-1591.3191692
425.784897;-1589.3196404
425.7474871;-1587.3201091
425.710165;-1585.3205767
425.6729312;-1583.321043
425.6357866;-1581.3215068
425.5987319;-1579.3219694
425.561768;-1577.3224307
425.5248954;-1575.3228894
425.4881151;-1573.323347
425.4514278;-1571.3238031
425.4148341;-1569.3242567
425.3783349;-1567.3247092
425.341931;-1565.3251602
425.305623;-1563.3256086
425.2694117;-1561.3260558
425.233298;-1559.3265015
425.1972825;-1557.3269446
425.161366;-1555.3273865
425.1255492;-1553.3278268
425.089833;-1551.3282646
425.054218;-1549.3287011
425.0187051;-1547.329136
424.983295;-1545.3295683
424.9479884;-1543.3299993
424.9127861;-1541.3304288
424.8776888;-1539.3308556
424.8426974;-1537.3312811
424.8078125;-1535.331705
424.773035;-1533.3321262
424.7383655;-1531.332546
424.7038049;-1529.3329643
424.6693538;-1527.3333799
424.6350131;-1525.3337941
424.6007835;-1523.3342066
424.5666658;-1521.3346165
424.5326606;-1519.3350249
424.4987689;-1517.3354317
424.4649913;-1515.3358358
424.4313285;-1513.3362385
424.3977814;-1511.3366394
424.3643507;-1509.3370378
424.3310371;-1507.3374345
424.2978415;-1505.3378296
424.2647645;-1503.3382221
424.2318069;-1501.338613
424.1989695;-1499.3390021
424.1662531;-1497.3393887
424.1336583;-1495.3397736
424.101186;-1493.3401568
424.0688369;-1491.3405374
424.0366117;-1489.3409163
424.0045113;-1487.3412935
423.9725363;-1485.341668
423.9406875;-1483.3420409
423.9089658;-1481.342412
423.8773717;-1479.3427806
423.8459062;-1477.3431474
423.8145699;-1475.3435124
423.7833636;-1473.3438749
423.7522881;-1471.3442357
423.7213441;-1469.3445945
423.6905324;-1467.3449509
423.6598537;-1465.3453055
423.6293088;-1463.3456582
423.5988985;-1461.3460085
423.5686235;-1459.346357
423.5384845;-1457.3467035
423.5084823;-1455.3470476
423.4786177;-1453.3473899
423.4488915;-1451.3477302
423.4193043;-1449.3480682
423.3898569;-1447.3484043
423.3605502;-1445.3487384
423.3313848;-1443.3490702
423.3023615;-1441.3494001
423.2734811;-1439.349728
423.2447443;-1437.3500536
423.2161519;-1435.3503773
423.1877046;-1433.3506989
423.1594032;-1431.3510184
423.1312485;-1429.3513359
423.1032412;-1427.3516513
423.075382;-1425.3519646
423.0476717;-1423.3522758
423.0201111;-1421.352585
422.992701;-1419.3528921
422.965442;-1417.3531972
422.938335;-1415.3535
422.9113808;-1413.3538011
422.8845803;-1411.3540999
422.8579345;-1409.3543965
422.8314444;-1407.3546914
422.805111;-1405.3549841
422.7789352;-1403.3552744
422.752918;-1401.3555632
422.7270604;-1399.3558496
422.7013633;-1397.3561337
422.6758278;-1395.3564163
422.6504547;-1393.3566965
422.6252451;-1391.3569743
422.6001999;-1389.3572507
422.5753201;-1387.3575248
422.5506067;-1385.3577963
422.5260607;-1383.3580666
422.5016829;-1381.3583345
422.4774745;-1379.3585998
422.4534363;-1377.358864
422.4295693;-1375.3591257
422.4058745;-1373.3593848
422.382353;-1371.3596429
422.3590055;-1369.3598985
422.3358332;-1367.3601514
422.312837;-1365.3604035
422.2900178;-1363.3606529
422.2673767;-1361.3608998
422.2449145;-1359.3611458
422.2226324;-1357.3613892
422.2005312;-1355.3616299
422.1786118;-1353.36187
422.1568754;-1351.3621074
422.1353231;-1349.362342
422.1139564;-1347.3625763
422.0927769;-1345.3628077
422.0717862;-1343.3630362
422.0509858;-1341.3632646
422.0303774;-1339.36349
422.0099624;-1337.3637125
421.9897424;-1335.363935
421.9697191;-1333.3641545
421.9498939;-1331.364371
421.9302685;-1329.3645876
421.9108445;-1327.3648012
421.8916233;-1325.3650117
421.8726066;-1323.3652225
421.8537959;-1321.3654302
421.8351928;-1319.3656349
421.8167988;-1317.3658399
421.7986157;-1315.3660418
421.7806448;-1313.3662406
421.7628878;-1311.3664399
421.7453462;-1309.3666361
421.7280217;-1307.3668291
421.7109157;-1305.3670228
421.6940299;-1303.3672134
421.6773658;-1301.3674008
421.660925;-1299.3675889
421.6447091;-1297.3677739
421.6287195;-1295.3679558
421.612958;-1293.3681384
421.5974261;-1291.3683181
421.5821251;-1289.3684945
421.567057;-1287.368672
421.5522241;-1285.3688463
421.5376297;-1283.3690172
421.5232777;-1281.3691896
421.5091717;-1279.3693586
421.4953155;-1277.3695242
421.4817126;-1275.3696913
421.4683667;-1273.3698551
421.4552816;-1271.3700156
421.4424541;-1269.3701776
421.4298509;-1267.3703369
421.4173548;-1265.3704933
421.4047672;-1263.3706564
421.3918642;-1261.3708223
421.3784559;-1259.3709776
421.3644062;-1257.3711589
421.3496344;-1255.3713318
421.3340754;-1253.3714997
421.317665;-1251.3716948
421.3003347;-1249.3718875
421.2820076;-1247.3720837
421.2625981;-1245.3723017
421.2420137;-1243.372525
421.2201599;-1241.3727609
421.1969415;-1239.3730156
421.1722636;-1237.3732854
421.1460311;-1235.3735777
421.1181487;-1233.3738886
421.0885216;-1231.3742257
421.0570543;-1229.3745968
421.0236515;-1227.3749884
420.9882189;-1225.3754198
420.9506601;-1223.3759003
420.910874;-1221.3764068
420.8687536;-1219.3769679
420.82419;-1217.3775941
420.777073;-1215.3782568
420.7272945;-1213.3789943
420.6747457;-1211.3798173
420.6193164;-1209.3806912
420.5608986;-1207.3816622
420.4993835;-1205.3827434
420.4346604;-1203.3838946
420.3666216;-1201.38517
420.2951583;-1199.3865841
420.2201594;-1197.3880929
420.1415176;-1195.3897574
420.0591242;-1193.3915941
419.9728675;-1191.3935558
419.8826407;-1189.3957098
419.7883352;-1187.3980747
419.6898389;-1185.4006014
419.5870456;-1183.4033626
419.4798468;-1181.4063789
419.3681298;-1179.4096008
419.2517893;-1177.4131054
419.1307168;-1175.4169156
419.0047994;-1173.4209824
418.8739323;-1171.4253867
418.7380075;-1169.4301535
418.5969117;-1167.435236
418.4505403;-1165.4407171
418.2987869;-1163.4466259
418.1415389;-1161.4529191
417.9786849;-1159.4596808
417.8100946;-1157.4669381
417.6356213;-1155.474667
417.4551253;-1153.4829471
417.2684642;-1151.4918152
417.0754914;-1149.5012523
416.8760686;-1147.5113382
416.6700545;-1145.5221146
416.4573022;-1143.5335694
416.2376743;-1141.5457838
416.0110302;-1139.5588044
415.7772231;-1137.5726254
415.5361166;-1135.5873304
415.2875707;-1133.6029715
415.0314388;-1131.6195484
414.7675851;-1129.637148
414.4958706;-1127.6558287
414.2161486;-1125.6755951
413.9282844;-1123.6965382
413.6321397;-1121.7187235
413.3275678;-1119.7421594
413.0144351;-1117.7669424
412.6926046;-1115.7931454
412.3619293;-1113.8207803
412.0222769;-1111.8499495
411.6735121;-1109.8807345
411.3154877;-1107.9131495
410.9480728;-1105.9473058
410.5711339;-1103.983289
410.1845246;-1102.0211175
409.7881144;-1100.0609095
409.3817744;-1098.1027726
408.9653662;-1096.146709
408.5388028;-1094.1928386
408.1020083;-1092.241269
407.6548854;-1090.2919927
407.1973644;-1088.3451396
406.7293726;-1086.4008215
406.2508072;-1084.4590255
405.7616018;-1082.5198886
405.2616877;-1080.5835347
404.7509605;-1078.6499495
404.2293558;-1076.7192737
403.6968088;-1074.7916409
403.1532138;-1072.8670388
402.5985083;-1070.9456097
402.0326312;-1069.0274977
401.4554765;-1067.112694
400.8669826;-1065.2013412
400.2670929;-1063.2935934
399.6557013;-1061.389448
399.0327467;-1059.4890458
398.3981769;-1057.592551
397.7518869;-1055.6999696
397.0938152;-1053.8114391
396.4239143;-1051.927133
395.742081;-1050.0470684
395.0482527;-1048.1713768
394.3423879;-1046.3002441
393.6243897;-1044.4336962
392.8942077;-1042.5718549
392.1518276;-1040.7149046
391.397179;-1038.8628756
390.6302262;-1037.0158834
389.8509612;-1035.1741149
389.0592806;-1033.3376172
388.2550652;-1031.5065708
387.4381349;-1029.681169
386.6082724;-1027.8616002
385.7652649;-1026.0480832
384.9089136;-1024.2408304
384.0390661;-1022.4400336
383.1556483;-1020.6458553
382.2586596;-1018.8584228
381.3481353;-1017.0778471
380.4241227;-1015.3042336
379.4866701;-1013.5376869
378.5358257;-1011.7783123
377.5716378;-1010.0262145
376.594155;-1008.2814991
375.603426;-1006.5442717
374.5994989;-1004.8146368
373.582423;-1003.0927016
372.5522475;-1001.3785721
371.5090201;-999.6723527
370.4527916;-997.9741521
369.3836112;-996.2840772
368.3015267;-994.602232
367.2065901;-992.9287275
366.0988513;-991.2636713
364.9783576;-989.607167
363.8451628;-987.959328
362.6993178;-986.3202632
361.5408691;-984.6900755
360.3698728;-983.0688811
359.1863807;-981.4567902
357.9904386;-979.8539049
356.782105;-978.2603447
355.5614333;-976.6762215
354.328468;-975.1016362
353.0832707;-973.5367117
351.8258961;-971.9815618
350.556388;-970.4362869
349.2748109;-968.901013
347.9812213;-967.3758557
346.6756626;-965.8609157
345.3582019;-964.3563212
344.0288979;-962.8621905
342.6877939;-961.3786246
341.3349595;-959.905754
339.970456;-958.4436995
338.5943269;-956.9925631
337.2066443;-955.5524772
335.8074724;-954.1235655
334.3968552;-952.705931
332.9748668;-951.2997077
331.5415761;-949.9050232
330.0970273;-948.5219795
328.6413019;-947.150709
327.1744837;-945.791336
325.6966251;-944.443953
324.207818;-943.108696
322.7081271;-941.7856561
321.1976675;-940.4749312
319.6765668;-939.1765684
318.1449623;-937.8906007
316.6030127;-936.6170677
315.0508592;-935.3559902
313.4886443;-934.1073904
311.9165196;-932.8712989
310.3346248;-931.6477361
308.7430981;-930.4367214
307.1420857;-929.2382805
305.5317248;-928.0524321
303.9121502;-926.8791935
302.2835024;-925.718586
300.6459159;-924.5706266
298.9995225;-923.4353305
297.3444576;-922.3127154
295.6808526;-921.2027962
294.0088365;-920.1055865
292.3285402;-919.0211008
290.6400915;-917.9493521
288.9436172;-916.8903523
287.2392438;-915.8441134
285.5270955;-914.8106461
283.8072969;-913.7899612
282.0799706;-912.7820684
280.3452374;-911.7869764
278.6032189;-910.8046943
276.8540353;-909.8352305
275.097805;-908.8785927
273.3346431;-907.9347861
271.5646695;-907.0038188
269.7879907;-906.0856937
268.0047385;-905.1804276
266.2150251;-904.2880089
264.4189665;-903.4083999
262.6167165;-902.5415579
260.8084201;-901.687431
258.9941811;-900.8459517
257.1741644;-900.0170805
255.348489;-899.2007563
253.5172657;-898.3969146
251.6806473;-897.6055099
249.8387461;-896.8264791
247.9916784;-896.0597606
246.1395728;-895.3052981
244.2825478;-894.5630328
242.4207351;-893.8329114
240.5542298;-893.1148548
238.6830977;-892.4087955
236.8075473;-891.7147642
234.9275652;-891.0327779
233.0431841;-890.3628412
231.1546738;-889.7049796
229.2619832;-889.0590497
227.3652277;-888.4249548
225.4646997;-887.8026549
223.5603456;-887.1919955
221.6522501;-886.5928699
219.7407171;-886.005241
217.8256958;-885.4289682
215.9072063;-884.8639662
213.98558;-884.3102916
212.0606507;-883.7679454
210.1324466;-883.2370322
208.2012368;-882.7177153
206.2669032;-882.2099595
204.3294935;-881.7137093
202.3893014;-881.2289333
200.4462759;-880.755516
198.5004771;-880.2933713
196.5521326;-879.8424511
194.6012245;-879.402649
192.647804;-878.9738767
190.6920823;-878.5560801
188.7340519;-878.1491572
186.7737597;-877.7530201
184.8113953;-877.3676086
182.8469554;-876.9928203
180.8804916;-876.6285763
178.9121668;-876.2748132
176.9420037;-875.9314051
174.9700521;-875.5981956
172.9964695;-875.2750271
171.0212905;-874.9617235
169.0445723;-874.6581141
167.0664435;-874.3640397
165.0869434;-874.0793275
163.1061152;-873.8038062
161.1240806;-873.5373164
159.1408744;-873.2796866
157.156531;-873.0307463
155.1711636;-872.7903349
153.184803;-872.558282
151.1974748;-872.334417
149.2092858;-872.1185779
147.2202625;-871.9105928
145.2304187;-871.7103056
143.2398563;-871.5175831
141.248592;-871.3322918
139.2566278;-871.1542968
137.2640664;-870.9834713
135.2709185;-870.8196798
133.277181;-870.662786
131.2829529;-870.5126612
129.2882417;-870.3691687
127.2930373;-870.2321715
125.2974373;-870.101539
123.301447;-869.977132
121.3050459;-869.8588143
119.3083325;-869.7464552
117.3113066;-869.6399089
115.3139515;-869.5390402
113.3163527;-869.4437552
111.3185014;-869.3540221
109.3203658;-869.2698335
107.3220385;-869.1911941
105.3235028;-869.1180986
103.3247444;-869.0505517
101.3258289;-868.9885706
99.3267456;-868.932178
97.3274979;-868.8813988
95.3281288;-868.8362577
93.3286378;-868.796771
91.3290392;-868.7629241
89.3293589;-868.7346773
87.3296076;-868.7119737
85.3297997;-868.6947603
83.3299532;-868.6829725
81.3300809;-868.6765093
79.3302036;-868.6752473
77.3303265;-868.6790543
75.3304633;-868.687801
73.3306304;-868.7013581
71.3308321;-868.7195963
69.3310787;-868.7423861
67.3313867;-868.769598
65.3317529;-868.8011029
63.3321872;-868.8367713
61.3327052;-868.8764738
59.3332985;-868.9200812
57.3339757;-868.9674643
55.3347514;-869.0184934
53.3356129;-869.0730397
51.3365679;-869.1309738
49.3376293;-869.1921662
47.3387814;-869.2564881
45.3400305;-869.3238102
43.3413878;-869.3940029
41.3428356;-869.4669375
39.3443789;-869.5424848
37.3460268;-869.6205151
35.3477604;-869.7008999
33.3495835;-869.7835101
31.351503;-869.8682156
29.3534996;-869.9548881
27.3555746;-870.0433999
25.3577364;-870.1336182
23.3599632;-870.2254145
21.3622592;-870.3186739
19.3646207;-870.4133129
17.3670471;-870.5093557
15.3695609;-870.6070295
13.3721654;-870.7066259
11.3748811;-870.8083902
9.3777196;-870.9124127
7.3806481;-871.0186942
5.3837156;-871.1271975
3.3869042;-871.2379095
1.3902036;-871.3508385
-0.6063582;-871.4660034
-2.6027883;-871.58343
-4.5990865;-871.7031433
-6.5952419;-871.8251694
-8.5912611;-871.9495387
-10.5871183;-872.0762595
-12.5828257;-872.2053849
-14.5783643;-872.3370913
-16.5737141;-872.4716317
-18.5688535;-872.6092887
-20.5637573;-872.7503326
-22.5583899;-872.8950326
-24.5527409;-873.0436601
-26.546776;-873.1964838
-28.5404579;-873.3537716
-30.5337653;-873.5157917
-32.5266619;-873.6828102
-34.5191036;-873.8550935
-36.5110637;-874.0329087
-38.5025018;-874.2165173
-40.4933647;-874.4061869
-42.4836189;-874.6021867
-44.4732141;-874.8047689
-46.4620997;-875.0141274
-48.4502511;-875.2304175
-50.437628;-875.4537735
-52.4241667;-875.6843309
-54.4098486;-875.9222332
-56.3946268;-876.1676199
-58.378428;-876.4206266
-60.3612373;-876.6813964
-62.3430012;-876.9500679
-64.3236316;-877.2267743
-66.3031206;-877.5116603
-68.2814073;-877.8048629
-70.2583883;-878.1065128
-72.2340624;-878.4167559
-74.2083615;-878.7357281
-76.1811661;-879.0635566
-78.1524814;-879.4003889
-80.1222326;-879.7463597
-82.090283;-880.1015919
-84.0566439;-880.466235
-86.0212343;-880.840422
-87.9838998;-881.2242713
-89.9446564;-881.6179341
-91.9034184;-882.0215422
-93.8600128;-882.4352083
-95.8144591;-882.8590854
-97.7666676;-883.2933039
-99.7164469;-883.7379706
-101.663818;-884.1932397
-103.6086929;-884.6592409
-105.5508521;-885.136074
-107.4903227;-885.6238884
-109.427026;-886.1227859
-111.3607308;-886.6328184
-113.29147;-887.1541039
-115.2191771;-887.6867339
-117.1435971;-888.2307332
-119.0647746;-888.7862005
-120.982659;-889.3532031
-122.8969777;-889.9317392
-124.8077747;-890.5219002
-126.7150128;-891.1237544
-128.6184054;-891.7372883
-130.5179864;-892.3625836
-132.4137314;-892.9996965
-134.305346;-893.6486003
-136.1928578;-894.309425
-138.0761414;-894.982337
-139.9549312;-895.6675706
-141.8290747;-896.365461
-143.6983535;-897.0763385
-145.5625102;-897.8004875
-147.4213702;-898.5381299
-149.2747925;-899.2893692
-151.1226273;-900.0542177
-152.9647717;-900.8326702
-154.8011243;-901.624713
-156.6315586;-902.4303204
-158.4559699;-903.2494765
-160.2742498;-904.0821638
-162.0862788;-904.9283596
-163.8919481;-905.7880468
-165.6911394;-906.6612057
-167.4837381;-907.5478226
-169.2696286;-908.4478843
-171.0486818;-909.3613703
-172.8207878;-910.2882699
-174.585827;-911.2285678
-176.3436638;-912.1822397
-178.0941904;-913.1492765
-179.8372839;-914.1296611
-181.5728035;-915.1233659
-183.3006409;-916.1303819
-185.0206699;-917.1506902
-186.7327483;-918.1842603
-188.4367674;-919.2310755
-190.1326101;-920.2910958
-191.8201538;-921.3642598
-193.4993045;-922.4505175
-195.1699559;-923.5498106
-196.8319912;-924.6620731
-198.4853133;-925.7872524
-200.1298159;-926.9252895
-201.765384;-928.0761199
-203.3919172;-929.2396886
-205.0093084;-930.4159364
-206.6174446;-931.6047995
-208.216222;-932.8062211
-209.8055325;-934.0201408
-211.3852646;-935.246496
-212.9553118;-936.4852277
-214.5155642;-937.7362742
-216.0659116;-938.9995738
-217.606245;-940.2750654
-219.1364524;-941.5626858
-220.6564248;-942.8623738
-222.1660507;-944.1740664
-223.6652159;-945.4976982
-225.1538119;-946.8332086
-226.6317252;-948.1805327
-228.0988391;-949.5396026
-229.5550451;-950.9103578
-231.0002285;-952.2927321
-232.4342692;-953.686654
-233.8570586;-955.0920632
-235.268481;-956.5088921
-236.6684127;-957.9370656
-238.0567446;-959.3765226
-239.4333611;-960.827196
-240.7981327;-962.2890035
-242.1509507;-963.7618851
-243.4916924;-965.2457653
-244.820235;-966.7405728
-246.1364831;-968.2462266
-247.4403674;-969.7625933
-248.7318522;-971.2895456
-250.0108926;-972.826934
-251.2774508;-974.374617
-252.5314959;-975.9324621
-253.7729896;-977.500327
-255.0018971;-979.0780737
-256.2181892;-980.6655711
-257.4218288;-982.2626792
-258.6127871;-983.8692674
-259.7910379;-985.485197
-260.9565629;-987.1103281
-262.1093537;-988.7445246
-263.2493916;-990.3876358
-264.3766668;-992.039525
-265.4911758;-993.7000657
-266.5929;-995.3691086
-267.6818317;-997.0465209
-268.7579708;-998.7321824
-269.8212996;-1000.4259453
-270.8718121;-1002.1276808
-271.909511;-1003.8372746
-272.9343806;-1005.5545818
-273.9464163;-1007.2794772
-274.9456227;-1009.0118532
-275.9319841;-1010.7515637
-276.9055029;-1012.4984847
-277.8661966;-1014.25251
-278.8140618;-1016.0134919
-279.7491076;-1017.7813045
-280.671355;-1019.5558453
-281.5808035;-1021.3369699
-282.4774664;-1023.12456
-283.3613625;-1024.9185084
-284.2324976;-1026.7186815
-285.0908875;-1028.5249657
-285.9365484;-1030.337248
-286.7694929;-1032.1554075
-287.5897376;-1033.9793331
-288.3972956;-1035.8089051
-289.1921886;-1037.6440145
-289.9744302;-1039.4845697
-290.7439985;-1041.3304372
-291.5008834;-1043.1815447
-292.245073;-1045.0378188
-292.9765285;-1046.8991152
-293.6952444;-1048.7653741
-294.4012099;-1050.6365228
-295.094385;-1052.5124116
-295.7747649;-1054.3929827
-296.4423409;-1056.2781714
-297.097073;-1058.1678218
-297.7389594;-1060.0618751
-298.3680242;-1061.9602632
-298.9843235;-1063.8627963
-299.5880628;-1065.7693419
-300.1794951;-1067.679792
-300.7588326;-1069.5939033
-301.326292;-1071.5115386
-301.8820872;-1073.4326643
-302.426305;-1075.3570492
-302.9589617;-1077.2846265
-303.4800687;-1079.2154889
-303.9895253;-1081.1493782
-304.4873002;-1083.086272
-304.9734039;-1085.0262346
-305.4477883;-1086.9690319
-305.9104613;-1088.9146109
-306.3614555;-1090.8630241
-306.8007409;-1092.8140624
-307.2283212;-1094.767668
-307.6442204;-1096.7238649
-308.0484759;-1098.6824635
-308.4412542;-1100.6433718
-308.8227461;-1102.6065505
-309.1931178;-1104.5718375
-309.5525462;-1106.5391296
-309.9012229;-1108.508397
-310.2393189;-1110.4794947
-310.567013;-1112.4523232
-310.8844958;-1114.4268568
-311.1919411;-1116.4029681
-311.489528;-1118.3805631
-311.777446;-1120.3596222
-312.0558704;-1122.3400316
-312.3249798;-1124.3217032
-312.5849627;-1126.3046242
-312.8359949;-1128.2886925
-313.0782549;-1130.2738256
-313.31193;-1132.2600178
-313.5371965;-1134.2471771
-313.7542328;-1136.2352259
-313.9632255;-1138.2241661
-314.1643515;-1140.2139146
-314.3577895;-1142.2043975
-314.5437257;-1144.1956253
-314.7223382;-1146.1875219
-314.893806;-1148.1800166
-315.058316;-1150.1731289
-315.2160475;-1152.1667888
-315.3671804;-1154.1609279
-315.5119022;-1156.1555748
-315.6503955;-1158.1506647
-315.7828389;-1160.146127
-315.9093684;-1162.1420117
-316.030084;-1164.1382592
-316.145073;-1166.1348055
-316.254433;-1168.131707
-316.358256;-1170.1289036
-316.4566333;-1172.1263398
-316.5496622;-1174.1240679
-316.6374344;-1176.1220331
-316.7200422;-1178.1201872
-316.7975818;-1180.1185751
-316.8701454;-1182.1171488
-316.9378259;-1184.1158684
-317.0007184;-1186.1147692
-317.0589156;-1188.1138107
-317.1125104;-1190.1129622
-317.1615973;-1192.1122478
-317.206269;-1194.1116348
-317.2466185;-1196.1111022
-317.2827397;-1198.110662
-317.3147252;-1200.1102897
-317.3426681;-1202.1099737
-317.3666615;-1204.1097136
-317.3867981;-1206.1094933
-317.4031709;-1208.10931
-317.4158723;-1210.1091516
-317.424994;-1212.1090093
-317.4306236;-1214.10889
-317.4328377;-1216.108769
-317.4317004;-1218.1086445
-317.4272633;-1220.1085331
-317.4195739;-1222.1083951
-317.4086796;-1224.1082388
-317.394634;-1226.1080799
-317.3775208;-1228.107877
-317.3574822;-1230.1076528
-317.3347338;-1232.1074053
-317.3095208;-1234.107125
-317.2820984;-1236.1068164
-317.252723;-1238.1064829
-317.2216513;-1240.1061213
-317.1891305;-1242.1057367
-317.1553843;-1244.105334
-317.1205725;-1246.1049111
-317.0848211;-1248.1044715
-317.0482425;-1250.104019
-317.0109479;-1252.1035514
-316.9730488;-1254.1030722
-316.9346561;-1256.1025858
-316.8958814;-1258.1020901
-316.8568359;-1260.1015888
-316.8176288;-1262.1010866
-316.7783574;-1264.1005811
-316.7390844;-1266.1000754
-316.6998262;-1268.0995715
-316.6605763;-1270.0990659
-316.6213252;-1272.0985612
-316.5820708;-1274.0980565
-316.5428138;-1276.097552
-316.5035553;-1278.0970474
-316.4642965;-1280.0965427
-316.4250379;-1282.0960382
-316.3857801;-1284.0955336
-316.3465234;-1286.095029
-316.3072683;-1288.0945244
-316.2680151;-1290.0940199
-316.2287642;-1292.0935155
-316.189516;-1294.093011
-316.1502708;-1296.0925067
-316.1110292;-1298.0920024
-316.0717914;-1300.0914982
-316.0325579;-1302.0909941
-315.993329;-1304.0904901
-315.9541051;-1306.0899861
-315.9148866;-1308.0894823
-315.8756739;-1310.0889786
-315.8364674;-1312.088475
-315.7972675;-1314.0879715
-315.7580746;-1316.0874682
-315.718889;-1318.086965
-315.6797111;-1320.086462
-315.6405414;-1322.0859591
-315.6013801;-1324.0854564
-315.5622278;-1326.0849539
-315.5230847;-1328.0844515
-315.4839513;-1330.0839494
-315.444828;-1332.0834474
-315.4057152;-1334.0829456
-315.3666131;-1336.0824441
-315.3275223;-1338.0819428
-315.2884431;-1340.0814417
-315.2493759;-1342.0809408
-315.2103211;-1344.0804402
-315.171279;-1346.0799398
-315.1322501;-1348.0794397
-315.0932348;-1350.0789398
-315.0542333;-1352.0784403
-315.0152459;-1354.077941
-314.9762726;-1356.0774419
-314.9373136;-1358.0769432
-314.8983688;-1360.0764447
-314.8594385;-1362.0759465
-314.8205227;-1364.0754486
-314.7816215;-1366.074951
-314.742735;-1368.0744536
-314.7038634;-1370.0739566
-314.6650066;-1372.0734598
-314.6261649;-1374.0729633
-314.5873383;-1376.0724672
-314.5485268;-1378.0719713
-314.5097307;-1380.0714757
-314.47095;-1382.0709804
-314.4321847;-1384.0704854
-314.3934351;-1386.0699907
-314.3547011;-1388.0694963
-314.3159829;-1390.0690022
-314.2772806;-1392.0685085
-314.2385943;-1394.068015
-314.1999241;-1396.0675219
-314.16127;-1398.067029
-314.1226322;-1400.0665365
-314.0840108;-1402.0660443
-314.0454059;-1404.0655524
-314.0068175;-1406.0650609
-313.9682458;-1408.0645696
-313.9296908;-1410.0640787
-313.8911527;-1412.0635881
-313.8526316;-1414.0630978
-313.8141275;-1416.0626079
-313.7756405;-1418.0621183
-313.7371708;-1420.061629
-313.6987185;-1422.06114
-313.6602836;-1424.0606514
-313.6218662;-1426.0601631
-313.5834665;-1428.0596752
-313.5450845;-1430.0591876
-313.5067204;-1432.0587004
-313.4683741;-1434.0582134
-313.4300459;-1436.0577269
-313.3917359;-1438.0572407
-313.353444;-1440.0567548
-313.3151705;-1442.0562693
-313.2769154;-1444.0557841
-313.2386788;-1446.0552993
-313.2004608;-1448.0548149
-313.1622615;-1450.0543308
-313.124081;-1452.053847
-313.0859194;-1454.0533636
-313.0477769;-1456.0528806
-313.0096534;-1458.052398
-312.9715491;-1460.0519157
-312.9334642;-1462.0514338
-312.8953986;-1464.0509522
-312.8573525;-1466.0504711
-312.819326;-1468.0499903
-312.7813191;-1470.0495098
-312.7433321;-1472.0490298
-312.7053649;-1474.0485501
-312.6674177;-1476.0480708
-312.6294906;-1478.0475919
-312.5915837;-1480.0471134
-312.553697;-1482.0466352
-312.5158307;-1484.0461574
-312.4779848;-1486.0456801
-312.4401596;-1488.0452031
-312.4023549;-1490.0447265
-312.3645711;-1492.0442503
-312.326808;-1494.0437745
-312.289066;-1496.0432991
-312.251345;-1498.042824
-312.2136451;-1500.0423494
-312.1759664;-1502.0418752
-312.1383091;-1504.0414014
-312.1006733;-1506.040928
-312.063059;-1508.040455
-312.0254663;-1510.0399824
-311.9878953;-1512.0395102
-311.9503462;-1514.0390384
-311.912819;-1516.038567
-311.8753138;-1518.0380961
-311.8378307;-1520.0376255
-311.8003699;-1522.0371554
-311.7629314;-1524.0366857
-311.7255152;-1526.0362164
-311.6881216;-1528.0357475
-311.6507506;-1530.0352791
-311.6134023;-1532.0348111
-311.5760768;-1534.0343435
-311.5387742;-1536.0338763
-311.5014946;-1538.0334096
-311.4642381;-1540.0329433
-311.4270048;-1542.0324774
-311.3897948;-1544.032012
-311.3526081;-1546.0315469
-311.315445;-1548.0310824
-311.2783054;-1550.0306182
-311.2411895;-1552.0301545
-311.2040974;-1554.0296913
-311.1670291;-1556.0292285
-311.1299849;-1558.0287661
-311.0929646;-1560.0283042
-311.0559686;-1562.0278427
-311.0189968;-1564.0273817
-310.9820494;-1566.0269211
-310.9451264;-1568.026461
-310.908228;-1570.0260013
-310.8713543;-1572.0255421
-310.8345053;-1574.0250834
-310.7976811;-1576.0246251
-310.7608819;-1578.0241672
-310.7241077;-1580.0237099
-310.6873587;-1582.0232529
-310.6506349;-1584.0227965
-310.6139365;-1586.0223405
-310.5772634;-1588.021885
-310.5406159;-1590.0214299
-310.5039941;-1592.0209753
-310.4673979;-1594.0205212
-310.4308276;-1596.0200676
-310.3942832;-1598.0196144
-310.3577648;-1600.0191617
-310.3212725;-1602.0187095
-310.2848065;-1604.0182578
-310.2483667;-1606.0178065
-310.2119534;-1608.0173558
-310.1755666;-1610.0169055
-310.1392063;-1612.0164557
-310.1028728;-1614.0160063
-310.066566;-1616.0155575
-310.0302862;-1618.0151091
-309.9940333;-1620.0146613
-309.9578076;-1622.0142139
-309.921609;-1624.013767
-309.8854377;-1626.0133207
-309.8492938;-1628.0128748
-309.8131773;-1630.0124294
-309.7770885;-1632.0119845
-309.7410273;-1634.0115401
-309.7049938;-1636.0110962
-309.6689883;-1638.0106528
-309.6330107;-1640.0102099
-309.5970612;-1642.0097675
-309.5611398;-1644.0093257
-309.5252467;-1646.0088843
-309.4893819;-1648.0084434
-309.4535456;-1650.0080031
-309.4177379;-1652.0075632
-309.3819588;-1654.0071239
-309.3462084;-1656.0066851
-309.3104869;-1658.0062468
-309.2747943;-1660.005809
-309.2391308;-1662.0053718
-309.2034964;-1664.004935
-309.1678912;-1666.0044988
-309.1323154;-1668.0040631
-309.096769;-1670.0036279
-309.0612521;-1672.0031933
-309.0257648;-1674.0027592
-308.9903073;-1676.0023256
-308.9548795;-1678.0018925
-308.9194817;-1680.0014599
-308.8841139;-1682.0010279
-308.8487762;-1684.0005965
-308.8134687;-1686.0001655
-308.7781915;-1687.9997351
-308.7429447;-1689.9993052
-308.7077285;-1691.9988759
-308.6725428;-1693.9984471
-308.6373878;-1695.9980189
-308.6022636;-1697.9975911
-308.5671702;-1699.997164
-308.5321079;-1701.9967373
-308.4970766;-1703.9963113
-308.4620766;-1705.9958857
-308.4271078;-1707.9954607
-308.3921704;-1709.9950363
-308.3572644;-1711.9946124
-308.32239;-1713.994189
-308.2875473;-1715.9937663
-308.2527364;-1717.993344
-308.2179573;-1719.9929223
-308.1832102;-1721.9925012
-308.1484951;-1723.9920806
-308.1138122;-1725.9916606
-308.0791616;-1727.9912412
-308.0445433;-1729.9908223
-308.0099574;-1731.990404
-307.9754041;-1733.9899862
-307.9408834;-1735.989569
-307.9063955;-1737.9891523
-307.8719404;-1739.9887363
-307.8375183;-1741.9883208
-307.8031291;-1743.9879058
-307.7687731;-1745.9874915
-307.7344504;-1747.9870777
-307.7001609;-1749.9866644
-307.6659049;-1751.9862518
-307.6316824;-1753.9858397
-307.5974935;-1755.9854282
-307.5633383;-1757.9850173
-307.529217;-1759.9846069
-307.4951295;-1761.9841972
-307.4610761;-1763.983788
-307.4270567;-1765.9833793
-307.3930716;-1767.9829713
-307.3591208;-1769.9825639
-307.3252043;-1771.982157
-307.2913224;-1773.9817507
-307.257475;-1775.981345
-307.2236623;-1777.9809399
-307.1898844;-1779.9805354
-307.1561414;-1781.9801315
-307.1224334;-1783.9797281
-307.0887605;-1785.9793254
-307.0551227;-1787.9789232
-307.0215202;-1789.9785217
-306.9879531;-1791.9781207
-306.9544214;-1793.9777203
-306.9209253;-1795.9773205
-306.8874649;-1797.9769214
-306.8540402;-1799.9765228
-306.8206514;-1801.9761248
-306.7872985;-1803.9757274
-306.7539817;-1805.9753306
-306.7207011;-1807.9749344
-306.6874567;-1809.9745389
-306.6542486;-1811.9741439
-306.621077;-1813.9737495
-306.5879419;-1815.9733558
-306.5548435;-1817.9729626
-306.5217818;-1819.9725701
-306.4887569;-1821.9721781
-306.4557689;-1823.9717868
-306.422818;-1825.9713961
-306.3899042;-1827.971006
-306.3570277;-1829.9706164
-306.3241884;-1831.9702276
-306.2913866;-1833.9698393
-306.2586222;-1835.9694516
-306.2258955;-1837.9690646
-306.1932065;-1839.9686782
-306.1605553;-1841.9682924
-306.1279421;-1843.9679072
-306.0953668;-1845.9675226
-306.0628296;-1847.9671387
-306.0303306;-1849.9667554
-305.9978699;-1851.9663727
-305.9654476;-1853.9659906
-305.9330638;-1855.9656091
-305.9007185;-1857.9652283
-305.868412;-1859.9648481