-87.0510931407926,15.6859893296039
-87.70301069187035,14.922504529248569
-88.35489116536728,14.158994775983894
-89.00669748370262,13.395435116900536
-89.65839256929557,12.631800599089154
-90.30993934456532,11.868066269640403
-90.96130073193109,11.104207175644946
-91.61243965381205,10.340198364193437
-92.26331903262742,9.576014882376539
-92.91390179079642,8.811631777284903
-93.5641508507382,8.047024096009196
-94.21402913487202,7.28216688564007
-94.86349956561703,6.517035193268185
-95.5125250653925,5.751604065984201
-96.16106855661752,4.985848550878774
-96.80909296171141,4.219743695042563
-97.4565612030933,3.4532645455662276
-98.10343620318241,2.6863861495404247
-98.74968088439795,1.919083554055813
-99.39525816915909,1.151331806203051
-100.04013097988508,0.38310595307279705
-100.68426223899507,-0.3856189582442908
-101.3276148689083,-1.1548678806575523
-101.97015179204396,-1.924665767076335
-102.61183593082124,-2.6950375704099727
-103.25263020765938,-3.4660082435678143
-103.89249754497752,-4.237602739459195
-104.5314008651949,-5.009846010993463
-105.16930309073071,-5.782763011079953
-105.80616714400416,-6.556378692628014
-106.44195594743444,-7.330718008546981
-107.07663242344076,-8.1058059117462
-107.71015949444232,-8.881667355135011
-108.34250008285832,-9.658327291622754
-108.97361711110796,-10.435810674118777
-109.60347350161044,-11.214142455532416
-110.23203217678498,-11.993347588773014
-110.85925605905074,-12.77345102674991
-111.48510807082698,-13.554477722372454
-112.10955113453282,-14.336452628549978
-112.73254817258756,-15.11940069819183
-113.3540621074103,-15.903346884207348
-113.97405586142034,-16.68831613950588
-114.59249235703682,-17.474333416996757
-115.20933451667894,-18.26142366958933
-115.82454526276591,-19.04961185019294
-116.43808751771695,-19.83892291171692
-117.04992420395124,-20.62938180707062
-117.66001824388799,-21.421013489163375
-118.2683325599464,-22.213842910904532
-118.87483007454567,-23.007895025203446
-119.479473710105,-23.80319478496943
-120.0822263890436,-24.59976714311184
-120.68305103378066,-25.397637052540023
-121.28191056673539,-26.19682946616332
-121.878767910327,-26.99736933689106
-122.47358598697465,-27.799281617632595
-123.0663277190976,-28.602591261297263
-123.656956029115,-29.407323220794414
-124.2454338394461,-30.213502449033378
-124.83172407251003,-31.021153898923504
-125.41578965072607,-31.830302523374126
-125.99759349651336,-32.6409732752946
-126.57709853229116,-33.45319110759426
-127.15426768047861,-34.266980973182434
-127.72906386349496,-35.08236782496848
-128.30145000375936,-35.89937661586173
-128.87138902369108,-36.71803229877155
-129.43884384570924,-37.53835982660725
-130.00377739223313,-38.360384152278186
-130.5661525856819,-39.184130228693704
-131.12593234847475,-40.00962300876314
-131.6830796030309,-40.83688744539583
-132.2375572717695,-41.665948491501126
-132.7893282771098,-42.496831099988356
-133.33835554147103,-43.32956022376688
-133.88460453142596,-44.164158944632085
-134.42807573632126,-45.00062458665793
-134.9687951288222,-45.83893573204986
-135.50678925718023,-46.67907053969475
-136.04208466964695,-47.52100716847944
-136.5747079144739,-48.36472377729081
-137.10468553991254,-49.21019852501572
-137.63204409421442,-50.05740957054102
-138.1568101256311,-50.90633507275356
-138.6790101824141,-51.75695319054024
-139.1986708128149,-52.60924208278789
-139.71581856508507,-53.463179908383374
-140.23047998747617,-54.318744826213546
-140.7426816282397,-55.17591499516528
-141.25245003562713,-56.03466857412543
-141.75981175789005,-56.89498372198086
-142.26479334328,-57.756838597618426
-142.76742134004846,-58.62021135992499
-143.26772229644698,-59.485080167787416
-143.7657227607271,-60.35142318009256
-144.26144928114036,-61.21921855572729
-144.75492840593822,-62.08844445357845
-145.2461866833723,-62.95907903253291
-145.73525066169404,-63.83110045147754
-146.22214688915506,-64.70448686929917
-146.70690191400678,-65.57921644488472
-147.18954228450082,-66.45526733712099
-147.6700945488887,-67.33261770489487
-148.14858525542192,-68.2112457070932
-148.62504095235198,-69.09112950260287
-149.09948818793046,-69.97224725031072
-149.57195351040886,-70.8545771091036
-150.0424634680387,-71.73809723786839
-150.51104460907155,-72.62278579549196
-150.97772348175894,-73.50862094086114
-151.44252663435233,-74.39558083286282
-151.90548061510333,-75.28364363038382
-152.36661197226343,-76.17278749231106
-152.82594725408413,-77.06299057753134
-153.28351300881698,-77.95423104493155
-153.73933578471352,-78.84648705339856
-154.19344213002526,-79.73973676181922
-154.64585859300374,-80.63395832908039
-155.09661172190053,-81.52912991406892
-155.54572806496708,-82.42522967567169
-155.993234170455,-83.32223577277554
-156.43915658661572,-84.22012636426734
-156.88352186170084,-85.11887960903395
-157.32635654396185,-86.01847366596225
-157.76768718165033,-86.91888669393906
-158.20754032301775,-87.82009685185128
-158.6459425163157,-88.72208229858572
-159.08292030979564,-89.6248211930293
-159.51850025170913,-90.52829169406886
-159.95270889030775,-91.43247196059126
-160.3855727738429,-92.33734015148333
-160.81711845056623,-93.24287442563195
-161.24737246872922,-94.149052941924
-161.67636137658337,-95.05585385924633
-162.1041117223803,-95.9632553364858
-162.53065005437145,-96.87123553252925
-162.95600292080837,-97.77977260626356
-163.3801968699426,-98.68884471657559
-163.80325845002568,-99.59843002235219
-164.22521420930906,-100.50850668248025
-164.64609069604438,-101.4190528558466
-165.06591445848312,-102.33004670133809
-165.4847120448768,-103.24146637784162
-165.90251000347695,-104.153290044244
-166.31933488253512,-105.06549585943216
-166.7352132303028,-105.9780619822929
-167.15017159503154,-106.89096657171311
-167.5642365249729,-107.80418778657962
-167.9774345683783,-108.71770378577934
-168.3897922734994,-109.63149272819906
-168.80133613744664,-110.54553283139893
-169.21208720944412,-111.45980856319869
-169.6220563345468,-112.37431609847391
-170.03125323629808,-113.28905289878975
-170.43968763824114,-114.20401642571142
-170.84736926391938,-115.11920414080411
-171.25430783687605,-116.03461350563302
-171.6605130806545,-116.95024198176331
-172.065994718798,-117.8660870307602
-172.47076247484998,-118.78214611418885
-172.87482607235359,-119.69841669361446
-173.2781952348522,-120.61489623060226
-173.68087968588915,-121.53158218671737
-174.08288914900774,-122.44847202352506
-174.48423334775126,-123.36556320259044
-174.88492200566304,-124.28285318547873
-175.28496484628636,-125.20033943375513
-175.6843715931646,-126.11801940898484
-176.08315196984094,-127.03589057273304
-176.48131569985884,-127.9539503865649
-176.87887250676152,-128.87219631204565
-177.2758321140923,-129.7906258107404
-177.67220424539454,-130.70923634421442
-178.0679986242115,-131.62802537403292
-178.46322497408647,-132.54699036176098
-178.8578930185628,-133.46612876896387
-179.25201248118384,-134.38543805720676
-179.6455930854928,-135.30491568805485
-180.03864455503307,-136.2245591230733
-180.43117661334796,-137.14436582382734
-180.82319898398072,-138.06433325188215
-181.21472139047466,-138.9844588688029
-181.6057535563732,-139.9047401361548
-181.99630520521956,-140.82517451550302
-182.38638606055704,-141.74575946841276
-182.776005845929,-142.66649245644922
-183.1651742848787,-143.5873709411776
-183.55390110094947,-144.50839238416305
-183.9421960176847,-145.42955424697078
-184.3300687586276,-146.35085399116596
-184.71752904732148,-147.27228907831383
-185.10458660730967,-148.19385696997952
-185.4912511621355,-149.11555512772827
-185.8775324353423,-150.03738101312524
-186.26344015047331,-150.95933208773562
-186.64898403107188,-151.88140581312462
-187.03417380068134,-152.80359965085742
-187.41901918284498,-153.72591106249922
-187.8035299011061,-154.64833750961517
-188.18771567900802,-155.5708764537705
-188.57158624009406,-156.49352535653037
-188.9551513079075,-157.41628167946
-189.3384206059917,-158.33914288412456
-189.72140385788992,-159.26210643208924
-190.10411078714552,-160.18516978491925
-190.48655111730176,-161.10833040417978
-190.86873457190197,-162.03158575143598
-191.25067087448951,-162.9549332882531
-191.63236974860757,-163.87837047619624
-192.01384091779957,-164.80189477683066
-192.39509410560876,-165.72550365172154
-192.77613903557852,-166.64919456243408
-193.15698543125208,-167.57296497053346
-193.5376430161728,-168.49681233758483
-193.918121513884,-169.42073412515344
-194.2984306479289,-170.34472779480444
-194.67858014185094,-171.26879080810303
-195.05857971919332,-172.1929206266144
-195.4384391034994,-173.11711471190375
-195.81816801831252,-174.04137052553625
-196.19777618717595,-174.96568552907715
-196.57727333363297,-175.89005718409155
-196.956669181227,-176.8144829521447
-197.3359734535012,-177.73896029480176
-197.715195873999,-178.66348667362792
-198.09434616626365,-179.58805955018838
-198.47343263367674,-180.51267687916993
-198.85244845548576,-181.43734186679984
-199.23137767331002,-182.36206089215653
-199.61020420204997,-183.2868403783189
-199.98891195660596,-184.21168674836582
-200.36748485187846,-185.1366064253761
-200.74590680276793,-186.06160583242868
-201.12416172417474,-186.9866913926024
-201.5022335309994,-187.9118695289761
-201.8801061381423,-188.8371466646287
-202.2577634605039,-189.7625292226391
-202.6351894129846,-190.6880236260861
-203.01236791048484,-191.61363629804862
-203.38928286790508,-192.5393736616055
-203.76591820014573,-193.46524213983562
-204.1422578221072,-194.39124815581786
-204.51828564868998,-195.31739813263113
-204.8939855947945,-196.24369849335423
-205.2693415753211,-197.17015566106605
-205.64433750517034,-198.09677605884548
-206.0189572992426,-199.02356610977142
-206.39318487243827,-199.95053223692267
-206.76700413965784,-200.87768086337817
-207.14039901580173,-201.80501841221678
-207.51335341577033,-202.73255130651734
-207.88585125446414,-203.6602859693587
-208.2578764467836,-204.5882288238198
-208.62941290762907,-205.51638629297952
-209.000444551901,-206.44476479991664
-209.3709552944999,-207.3733707677101
-209.74092905032614,-208.3022106194388
-210.11034973428013,-209.23129077818152
-210.47920126126238,-210.1606176670172
-210.8474675461732,-211.09019770902472
-211.21513250391314,-212.02003732728286
-211.5821800493826,-212.9501429448706
-211.94859409748202,-213.8805209848668
-212.31435856311182,-214.81117787035024
-212.67945736117244,-215.7421200243999
-213.0438744065643,-216.6733538700946
-213.40759361418782,-217.60488583051318
-213.77059889894343,-218.53672232873458
-214.13287417573164,-219.46886978783763
-214.49440335945283,-220.40133463090123
-214.8551703650074,-221.33412328100422
-215.21515910729588,-222.26724216122548
-215.5743535012186,-223.2006976946439
-215.93273746167603,-224.13449630433837
-216.29029490356865,-225.0686444133877
-216.64700974179678,-226.0031484448708
-217.00286589126097,-226.93801482186655
-217.35784726686157,-227.8732499674538
-217.71193778349908,-228.80886030471143
-218.06512135607392,-229.74485225671833
-218.41738189948651,-230.68123224655332
-218.76870332863726,-231.61800669729533
-219.11906955842665,-232.55518203202323
-219.46846450375506,-233.49276467381583
-219.8168720795229,-234.43076104575206
-220.16427620063075,-235.3691775709108
-220.51066078197888,-236.30802067237087
-220.85600973846783,-237.24729677321116
-221.200306984998,-238.18701229651055
-221.5435364364698,-239.12717366534795
-221.88568200778369,-240.06778730280215
-222.22672761384007,-241.00885963195208
-222.5666571695394,-241.9503970758766
-222.9054545897821,-242.89240605765463
-223.24310378946868,-243.83489300036493
-223.57958868349945,-244.77786432708643
-223.91489318677492,-245.72132646089804
-224.2490012141955,-246.6652858248786
-224.58189668066163,-247.60974884210697
-224.91356350107372,-248.55472193566206
-225.24398559033222,-249.50021152862266
-225.5731468632122,-250.44622404405004
-225.90102735374316,-251.39276535818837
-226.22759303020072,-252.33983936534446
-226.5528066751088,-253.28744951093623
-226.87663107099132,-254.23559924038184
-227.19902900037218,-255.18429199909923
-227.51996324577536,-256.13353123250636
-227.83939658972474,-257.0833203860213
-228.1572918147443,-258.03366290506204
-228.4736117033579,-258.98456223504655
-228.78831903808955,-259.9360218213929
-229.10137660146316,-260.88804510951906
-229.4127471760026,-261.840635544843
-229.72239354423186,-262.79379657278275
-230.0302784886749,-263.7475316387564
-230.33636479185552,-264.7018441881818
-230.6406152362978,-265.65673766647706
-230.94299260452556,-266.61221551906016
-231.24345967906277,-267.56828119134906
-231.5419792424334,-268.5249381287619
-231.8385140771613,-269.48218977671655
-232.13302696577043,-270.44003958063104
-232.42548069078478,-271.39849098592344
-232.7158380347282,-272.3575474380117
-233.00406178012463,-273.3172123823138
-233.29011470949803,-274.27748926424783
-233.5739596053723,-275.2383815292318
-233.85555925027143,-276.1998926226836
-234.13487642671927,-277.1620259900213
-234.41187391723977,-278.1247850766629
-234.68651450435695,-279.0881733280264
-234.9587609705946,-280.0521941895299
-235.22857609847674,-281.0168511065912
-235.49592267052722,-281.98214752462854
-235.76076346927007,-282.94808688905977
-236.0230612772292,-283.91467264530297
-236.28277887692846,-284.8819082387761
-236.53987905089184,-285.84979711489717
-236.7943245816433,-286.81834271908417
-237.0460782517067,-287.78754849675505
-237.29510284360597,-288.7574178933281
-237.5413611398651,-289.72795435422097
-237.784815923008,-290.69916132485184
-238.02542997555858,-291.6710422506388
-238.26316608004078,-292.6436005769997
-238.4979870189785,-293.6168397493525
-238.72985557489577,-294.59076321311534
-238.95873453031638,-295.56537441370625
-239.18458666776436,-296.54067679654315
-239.40737476976358,-297.51667380704407
-239.627061618838,-298.4933688906269
-239.84360999751155,-299.47076549270986
-240.05698268830815,-300.4488670587109
-240.26714247375173,-301.4276770340479
-240.47405213636623,-302.407198864139
-240.67767445867557,-303.3874359944021
-240.8779722232037,-304.36839187025527
-241.07490821247453,-305.3500699371165
-241.26844520901193,-306.33247364040375
-241.45854599534,-307.3156064255351
-241.64517335398247,-308.29947173792857
-241.82829006746337,-309.2840730230021
-242.00785891830668,-310.2694137261737
-242.1838426890362,-311.2554972928614
-242.356204162176,-312.2423271684832
-242.52490612024985,-313.2299067984571
-242.68991134578184,-314.21823962820105
-242.8511826212958,-315.20732910313325
-243.00868272931567,-316.1971786686715
-243.1623744523654,-317.18779177023384
-243.31222057296895,-318.1791718532383
-243.45818387365017,-319.17132236310295
-243.60022713693306,-320.16424674524575
-243.73831314534155,-321.1579484450847
-243.8724046813995,-322.1524309080378
-244.0024645276309,-323.1476975795231
-244.12845670039718,-324.14374978855494
-244.25035638183846,-325.14056971146937
-244.36814468936592,-326.13812934382196
-244.4818027952762,-327.13640058702316
-244.59131187186597,-328.13535534248354
-244.6966530914319,-329.1349655116136
-244.79780762627058,-330.1352029958239
-244.89475664867868,-331.13603969652485
-244.98748133095285,-332.13744751512706
-245.07596284538977,-333.1393983530409
-245.16018236428607,-334.1418641116771
-245.24012105993836,-335.14481669244594
-245.31576010464332,-336.1482279967581
-245.3870806706976,-337.15206992602396
-245.45406393039784,-338.1563143816541
-245.5166910560407,-339.16093326505904
-245.5749432199228,-340.16589847764925
-245.6288015943408,-341.1711819208352
-245.67824735159138,-342.17675549602745
-245.72326166397116,-343.1825911046366
-245.76382570377677,-344.188660648073
-245.7999206433049,-345.1949360277472
-245.83152765485215,-346.2013891450698
-245.85862791071523,-347.20799190145124
-245.88120258319074,-348.21471619830197
-245.89923284457532,-349.22153393703263
-245.91269986716566,-350.22841701905367
-245.9215848232584,-351.2353373457756
-245.92586888515015,-352.24226681860887
-245.92553322513757,-353.249177338964
-245.92055901551737,-354.2560408082516
-245.9109274285861,-355.2628291278821
-245.89661963664048,-356.26951419926604
-245.87761681197713,-357.2760679238139
-245.85390012689268,-358.28246220293624
-245.82545075368384,-359.28866893804354
-245.7922498646472,-360.29466003054625
-245.75427863207943,-361.30040738185505
-245.71151822827719,-362.3058828933802
-245.66394982553712,-363.3110584665324
-245.61155459615583,-364.31590600272204
-245.55431371243003,-365.3203974033598
-245.4922083466563,-366.32450456985595
-245.42521967113137,-367.32819940362117
-245.3533288581518,-368.33145380606595
-245.27651708001432,-369.3342396786008
-245.1947655090155,-370.33652892263615
-245.10805531745206,-371.33829343958257
-245.0163676776206,-372.33950513085057
-244.91968376181777,-373.3401358978507
-244.81798474234023,-374.3401576419934
-244.71125179148467,-375.33954226468916
-244.59946608154766,-376.33826166734855
-244.4826087848259,-377.336287751382
-244.36066107361603,-378.33359241820017
-244.2336041202147,-379.3301475692134
-244.10141909691853,-380.3259251058323
-243.9640871760242,-381.3208969294673
-243.82158952982834,-382.31503494152906
-243.67390733062763,-383.308311043428
-243.52102175071863,-384.3006971365745
-243.36291396239812,-385.29216512237934
-243.19956513796265,-386.2826869022528
-243.0309564497089,-387.2722343776054
-242.8570690699335,-388.26077944984786
-242.6778841709331,-389.24829402039046
-242.49338292500437,-390.23474999064376
-242.30354650444397,-391.2201192620184
-242.10835608154852,-392.2043737359247
-241.90779282861467,-393.18748531377327
-241.70183791793906,-394.1694258969747
-241.4904725218184,-395.1501673869393
-241.27367781254924,-396.12968168507774
-241.0514349624283,-397.1079406928005
-240.82372514375217,-398.08491631151804
-240.5905305050876,-399.0605806869557
-240.35185540234804,-400.03491152229986
-240.10772626250656,-401.00789204409205
-239.85817046154858,-401.97950571636693
-239.6032153754595,-402.94973600315944
-239.3428883802247,-403.9185663685043
-239.07721685182958,-404.8859802764364
-238.80622816625953,-405.85196119099044
-238.52994969949998,-406.81649257620137
-238.24840882753628,-407.7795578961039
-237.96163292635387,-408.74114061473284
-237.6696493719381,-409.70122419612306
-237.3724855402744,-410.65979210430936
-237.07016880734815,-411.6168278033265
-236.7627265491448,-412.5723147572094
-236.45018614164965,-413.52623642999276
-236.13257496084813,-414.4785762857114
-235.8099203827257,-415.4293177884002
-235.4822497832677,-416.378444402094
-235.1495905384595,-417.3259395908275
-234.8119700242866,-418.2717868186355
-234.4694156167343,-419.21596954955294
-234.12195469178798,-420.15847124761456
-233.76961462543312,-421.09927537685513
-233.41242279365508,-422.03836540130953
-233.05040657243921,-422.97572478501263
-232.683593337771,-423.911336991999
-232.31201046563578,-424.8451854863038
-231.935685332019,-425.7772537319615
-231.55464531290593,-426.7075251930072
-231.16891778428212,-427.6359833334755
-230.7785301221329,-428.5626116174013
-230.38350970244366,-429.4873935088194
-229.9838839011998,-430.4103124717646
-229.57968009438673,-431.3313519702718
-229.1709256579898,-432.2504954683757
-228.7576479679945,-433.1677264301111
-228.33987440038612,-434.0830283195129
-227.91763233115014,-434.99638460061584
-227.4909491362719,-435.9077787374548
-227.05985219173684,-436.8171941940646
-226.62436887353033,-437.7246144344799
-226.18452655763775,-438.6300229227357
-225.74035262004455,-439.5334031228667
-225.29187443673607,-440.4347384989078
-224.83911938369772,-441.33401251489374
-224.38211483691492,-442.2312086348593
-223.92088817237308,-443.12631032283934
-223.45546676605755,-444.0193010428687
-222.9858779939537,-444.91016425898215
-222.51214923204705,-445.7988834352145
-222.0343078563229,-446.6854420356006
-221.55238124276661,-447.56982352417526
-221.06639676736367,-448.4520113649732
-220.57638180609945,-449.33198902202935
-220.0823637349593,-450.20973995937857
-219.58436992992864,-451.0852476410554
-219.08242776699294,-451.9584955310949
-218.57656462213745,-452.82946709353183
-218.06680787134775,-453.69814579240096
-217.5531848906091,-454.5645150917371
-217.03572305590689,-455.4285584555751
-216.51444974322658,-456.2902593479498
-215.98939232855355,-457.1496012328959
-215.46057818787318,-458.00656757444835
-214.92803469717086,-458.8611418366419
-214.39178923243205,-459.7133074835113
-213.85186916964207,-460.56304797909144
-213.30830188478635,-461.41034678741704
-212.76111475385028,-462.25518737252304
-212.21033515281925,-463.0975531984442
-211.6559904576787,-463.93742772921524
-211.09810804441398,-464.7747944288712
-210.53671528901046,-465.6096367614466
-209.97183956745363,-466.4419381909765
-209.40350783099666,-467.27168240468586
-208.8317386704779,-468.0988574830707
-208.25654303114158,-468.92345552427037
-207.67793157682215,-469.74546877430083
-207.09591497135403,-470.564889479178
-206.51050387857168,-471.3817098849178
-205.92170896230962,-472.1959222375363
-205.32954088640227,-473.0075187830492
-204.7340103146841,-473.81649176747266
-204.13512791098955,-474.6228334368225
-203.53290433915305,-475.42653603711466
-202.9273502630091,-476.2275918143651
-202.31847634639212,-477.0259930145897
-201.70629325313655,-477.82173188380455
-201.09081164707692,-478.61480066802545
-200.4720421920476,-479.4051916132683
-199.84999555188313,-480.1928969655492
-199.22468239041788,-480.9779089708839
-198.59611337148633,-481.7602198752885
-197.96429915892296,-482.53982192477883
-197.32925041656225,-483.3167073653708
-196.69097780823859,-484.0908684430805
-196.04949199778645,-484.8622974039238
-195.40480364904033,-485.63098649391657
-194.75692342583463,-486.39692795907473
-194.10586199200384,-487.1601140454144
-193.4516300113824,-487.9205369989512
-192.79423814780475,-488.67818906570136
-192.1336970651054,-489.4330624916807
-191.47001742711873,-490.18514952290514
-190.8032098976793,-490.9344424053906
-190.1332851406214,-491.68093338515314
-189.46025381977967,-492.42461470820865
-188.78412659898842,-493.16547862057297
-188.1049141420822,-493.9035173682621
-187.42262711289544,-494.638723197292
-186.7372761752626,-495.3710883536785
-186.04887199301805,-496.10060508343764
-185.35742522999635,-496.8272656325854
-184.66294655003193,-497.55106224713757
-183.9654466169592,-498.2719871731102
-183.2649360946127,-498.99003265651913
-182.5614256468268,-499.70519094338044
-181.854925937436,-500.41745427970994
-181.14544763027473,-501.1268149115236
-180.43300138917746,-501.8332650848374
-179.71759787797868,-502.5367970456672
-178.9992477605128,-503.23740304002894
-178.27796170061424,-503.9350753139387
-177.55375036211754,-504.6298061134122
-176.8266244088571,-505.32158768446556
-176.09659450466742,-506.0104122731146
-175.3636713133829,-506.69627212537534
-174.62786549883802,-507.37915948726356
-173.88918772486724,-508.0590666047954
-173.147648655305,-508.7359857239867
-172.40325895398578,-509.40990909085343
-171.65602928474397,-510.0808289514114
-170.90597031141414,-510.7487375516767
-170.15309269783066,-511.41362713766523
-169.39740710782803,-512.0754899553929
-168.63892420524064,-512.7343182508755
-167.877654653903,-513.3901042701293
-167.11360911764956,-514.04284025917
-166.34679826031476,-514.6925184640137
-165.57723274573306,-515.339131130676
-164.8049232377389,-515.9826705051732
-164.02988040016677,-516.623128833521
-163.25211489685108,-517.2604983617356
-162.47163739162636,-517.8947713358328
-161.68845854832696,-518.5259400018283
-160.90258903078742,-519.1539966057383
-160.11403950284216,-519.7789333935788
-159.32282062832564,-520.4007426113656
-158.52894307107235,-521.0194165051145
-157.73241752002258,-521.6349471834114
-156.93325607837045,-522.2473190132052
-156.1314729900227,-522.8565046431627
-155.32708267715654,-523.4624757460975
-154.52009956194908,-524.065203994823
-153.7105380665776,-524.6646610621527
-152.89841261321928,-525.2608186208997
-152.08373762405128,-525.8536483438778
-151.26652752125077,-526.4431219039002
-150.44679672699496,-527.0292109737804
-149.62455966346104,-527.6118872263318
-148.7998307528262,-528.1911223343677
-147.97262441726764,-528.7668879707018
-147.14295507896253,-529.3391558081471
-146.31083716008803,-529.9078975195174
-145.47628508282136,-530.4730847776261
-144.6393132693397,-531.0346892552864
-143.79993614182027,-531.5926826253119
-142.95816812244024,-532.1470365605159
-142.11402363337672,-532.6977227337119
-141.26751709680704,-533.2447128177131
-140.4186629349083,-533.7879784853333
-139.5674755698577,-534.3274914093855
-138.7139694238324,-534.8632232626835
-137.8581589190096,-535.3951457180407
-137.00005847756654,-535.9232304482701
-136.13968252168036,-536.4474491261855
-135.2770454735283,-536.9677734246001
-134.41216175528749,-537.4841750163276
-133.54504578913512,-537.9966255741812
-132.67571199724838,-538.5050967709743
-131.8041748018045,-539.0095602795205
-130.93044862498064,-539.5099877726329
-130.05454788895398,-540.0063509231254
-129.1764870159017,-540.498621403811
-128.296280428001,-540.9867708875032
-127.41394254742913,-541.4707710470155
-126.52948779636317,-541.9505935551614
-125.64293059698036,-542.4262100847542
-124.75428537145788,-542.8975923086073
-123.86356654197293,-543.3647118995343
-122.97078853070269,-543.8275405303482
-122.07596575982434,-544.2860498738629
-121.17911265151508,-544.7402116028915
-120.28024362795212,-545.1899973902475
-119.37937311131259,-545.6353789087445
-118.47651552377371,-546.0763278311956
-117.57168528751268,-546.5128158304145
-116.66489682470667,-546.9448145792145
-115.75616455753288,-547.3722957504091
-114.84550290816847,-547.7952310168115
-113.93292629879066,-548.2135920512352
-113.01844915157663,-548.6273505264938
-112.10208588870357,-549.0364781154007
-111.18385093234865,-549.4409464907691
-110.26375870468907,-549.8407273254124
-109.341823627902,-550.2357922921444
-108.41806012416467,-550.6261130637781
-107.49248261565424,-551.0116613131272
-106.56510552454789,-551.3924087130051
-105.63594327302282,-551.768326936225
-104.70501028325621,-552.1393876556004
-103.77232097742528,-552.5055625439448
-102.83788977770719,-552.8668232740717
-101.9017311062791,-553.2231415187943
-100.96385938531824,-553.5744889509261
-100.02428903700181,-553.9208372432807
-99.08303448350695,-554.2621580686712
-98.14011014701087,-554.5984230999113
-97.19553044969075,-554.9296040098143
-96.24930981372381,-555.2556724711935
-95.30146266128719,-555.5766001568625
-94.35200341455811,-555.8923587396346
-93.40094649571377,-556.2029198923234
-92.44830632693133,-556.5082552877421
-91.49409735714946,-556.808336783528
-90.53833663093639,-557.1031541636265
-89.58104592077058,-557.3927298645508
-88.62224750103805,-557.6770897891604
-87.66196364612478,-557.9562598403144
-86.70021663041683,-558.2302659208723
-85.73702872830017,-558.4991339336931
-84.77242221416085,-558.7628897816367
-83.80641936238484,-559.0215593675618
-82.8390424473582,-559.2751685943279
-81.87031374346691,-559.5237433647945
-80.900255525097,-559.7673095818209
-79.92889006663448,-560.0058931482661
-78.95623964246536,-560.2395199669895
-77.98232652697565,-560.4682159408507
-77.0071729945514,-560.6920069727087
-76.03080131957854,-560.910918965423
-75.05323377644318,-561.1249778218527
-74.07449263953126,-561.3342094448573
-73.09460018322885,-561.538639737296
-72.11357868192194,-561.7382946020282
-71.1314504099965,-561.9331999419131
-70.14823764183862,-562.1233816598102
-69.16396265183425,-562.3088656585786
-68.17864771436946,-562.4896778410778
-67.19231510383023,-562.6658441101669
-66.20498709460256,-562.8373903687052
-65.21668596107249,-563.0043425195522
-64.22743397762602,-563.1667264655672
-63.23725341864916,-563.3245681096093
-62.246166558527946,-563.4778933545381
-61.254195671648375,-563.6267281032127
-60.26136303239646,-563.7710982584925
-59.26769091515821,-563.9110297232367
-58.27320159431966,-564.0465484003046
-57.2779173442668,-564.1776801925557
-56.28186043938565,-564.3044510028493
-55.28505315406223,-564.4268867340444
-54.28751776268255,-564.5450132890005
-53.28927653963262,-564.6588565705771
-52.29035175929845,-564.7684424816333
-51.290765696066074,-564.8737969250284
-50.29054062432149,-564.9749458036216
-49.2896988184507,-565.0719150202725
-48.28826255283973,-565.1647304778403
-47.286254101874604,-565.2534180791843
-46.28369573994132,-565.3380037271637
-45.28060974142589,-565.418513324638
-44.27701838071435,-565.4949727744663
-43.27294393219268,-565.5674079795081
-42.26840867024693,-565.6358448426225
-41.26343486926307,-565.7003092666691
-40.25804480362716,-565.7608271545068
-39.25226074772518,-565.8174244089954
-38.246104975943155,-565.870126932994
-37.239599762667105,-565.9189606293615
-36.23276738228303,-565.963951400958
-35.22563010917695,-566.0051251506421
-34.21821021773488,-566.0425077812736
-33.210529982342834,-566.0761251957113
-32.20261167738681,-566.106003296815
-31.194477577252854,-566.132167987444
-30.186149956326958,-566.1546451704571
-29.17765108899513,-566.1734607487141
-28.169003249643392,-566.1886406250741
-27.160228712657762,-566.2002107023965
-26.15134975242425,-566.2081968835406
-25.142388643328857,-566.2126250713656
-24.133367659757617,-566.2135211687308
-23.12430907609653,-566.2109110784958
-22.115235166731615,-566.2048207035197
-21.106168206048885,-566.1952759466616
-20.097130468434354,-566.1823027107812
-19.088144228274018,-566.1659268987377
-18.07923175995392,-566.1461744133901
-17.07041533786006,-566.1230711575981
-16.061716760776502,-566.0966366506972
-15.053155713709543,-566.0668620409232
-14.044751294636391,-566.0337305974143
-13.036522601511372,-565.997225589002
-12.028488732288805,-565.9573302845176
-11.020668784923021,-565.9140279527923
-10.013081857368347,-565.8673018626572
-9.005747047579101,-565.8171352829438
-7.998683453509611,-565.763511482483
-6.991910173114204,-565.7064137301064
-5.9854463043471995,-565.6458252946451
-4.9793109451629265,-565.5817294449305
-3.973523193515708,-565.5141094497936
-2.968102147359871,-565.4429485780657
-1.963066904649737,-565.3682300985784
-0.9584365633396343,-565.2899372801626
0.04576977861611549,-565.2080533916497
1.0495330232631859,-565.1225617018707
2.052834072647249,-565.0334454796573
3.0556538288139863,-564.9406879938406
4.05797319380907,-564.8442725132517
5.059773069678175,-564.744182306722
6.061034358466973,-564.6404006430826
7.061737962221146,-564.5329107911649
8.061864782986365,-564.4216960198
9.061395722808308,-564.3067395978195
10.060311683732644,-564.1880247940544
11.058593567805055,-564.0655348773357
12.056222277071214,-563.9392531164953
13.053178713576797,-563.809162780364
14.049443779367474,-563.675247137773
15.044998376488925,-563.5374894575539
16.039823406986827,-563.3958730085377
17.033899772906853,-563.2503810595557
18.027208376294677,-563.1009968794392
19.019730119195973,-562.9477037370193
20.01144590365641,-562.7904849011277
21.002336631721683,-562.6293236405951
21.99238320543745,-562.464203224253
22.98156652684939,-562.2951069209328
23.969867498003183,-562.1220179994656
24.957267020944503,-561.9449197286826
25.94374599771902,-561.7637953774151
26.929285330372412,-561.5786282144945
27.91386592095035,-561.3894015087519
28.89746867149852,-561.1960985290186
29.880074484062586,-560.9987025441259
30.86166426068823,-560.7971968229049
31.842218903421127,-560.591564634187
32.821719314306954,-560.3817892468035
33.80014639539137,-560.1678539295856
34.77748104872008,-559.9497419513644
35.753704176338715,-559.7274365809714
36.728796680292994,-559.5009210872377
37.70273946262857,-559.2701787389947
38.675513425391124,-559.0351928050734
39.64709947062634,-558.7959465543054
40.61747850037987,-558.5524232555216
41.586631416697415,-558.3046061775535
42.55453912162463,-558.0524785892324
43.5211825172072,-557.7960237593893
44.486542505490796,-557.5352249568556
45.4505999885211,-557.2700654504625
46.41333586834378,-557.0005285090415
47.374731047004516,-556.7265974014236
48.334766426548974,-556.4482553964401
49.293422909022844,-556.1654857629223
50.25068139647179,-555.8782717697014
51.206522790941484,-555.5865966856088
52.16092799447762,-555.2904437794756
53.113877909125854,-554.989796320133
54.065353436931865,-554.6846375764125
55.01533547994132,-554.3749508171451
55.96380494019992,-554.0607193111623
56.91074271975333,-553.7419263272951
57.85612979089606,-553.4185553264949
58.79995360874528,-553.0906074992539
59.74221325799863,-552.75811584121
60.6829090344967,-552.4211166602945
61.62204123408011,-552.0796462644387
62.55961015258945,-551.7337409615741
63.49561608586533,-551.3834370596317
64.43005932974833,-551.0287708665427
65.3629401800791,-550.6697786902386
66.2942589326982,-550.3064968386507
67.22401588344623,-549.9389616197101
68.1522113281638,-549.5672093413482
69.07884556269153,-549.1912763114959
70.00391888287001,-548.811198838085
70.92743158453983,-548.4270132290466
71.8493839635416,-548.0387557923118
72.76977631571592,-547.6464628358118
73.68860893690338,-547.2501706674783
74.60588212294462,-546.8499155952421
75.5215961696802,-546.4457339270348
76.43575137295075,-546.0376619707874
77.34834802859683,-545.6257360344315
78.2593864324591,-545.2099924258981
79.16886688037813,-544.7904674531186
80.07678966819452,-544.3671974240241
80.98315509174887,-543.940218646546
81.88796344688181,-543.5095674286157
82.79121502943389,-543.0752800781642
83.69291013524575,-542.6373929031228
84.59304906015798,-542.1959422114229
85.49163210001117,-541.7509643109959
86.38865955064597,-541.3024955097728
87.28413170790293,-540.8505721156848
88.17804886762266,-540.3952304366635
89.07041132564576,-539.93650678064
89.96121937781287,-539.4744374555455
90.85047331996456,-539.0090587693113
91.73817344794142,-538.5404070298689
92.62432005758407,-538.0685185451492
93.50891344473311,-537.5934296230838
94.39195390522912,-537.1151765716036
95.27344173491277,-536.6337956986403
96.15337722962457,-536.1493233121248
97.03176068520517,-535.6617957199886
97.90859239749518,-535.1712492301627
98.78387266233516,-534.6777201505788
99.65760177556577,-534.1812447891677
100.52978003302755,-533.6818594538611
101.40040773056114,-533.17960045259
102.26948516400716,-532.6745040932857
103.13701262920614,-532.1666066838794
104.00299042199877,-531.6559445323027
104.86741883822559,-531.1425539464864
105.73029817372722,-530.6264712343622
106.59162872434428,-530.107732703861
107.45141078591732,-529.5863746629143
108.30964465428698,-529.0624334194532
109.16633062529388,-528.5359452814092
110.02146899477857,-528.0069465567136
110.87506005858171,-527.4754735532972
111.72710411254386,-526.9415625790919
112.57760145250562,-526.4052499420284
113.42655237430762,-525.8665719500383
114.27395717379042,-525.3255649110529
115.11981614679466,-524.7822651330032
115.96412958916095,-524.2367089238207
116.80689779672984,-523.6889325914366
117.64812106534198,-523.1389724437821
118.48779969083795,-522.5868647887885
119.32593396905834,-522.0326459343872
120.16252419584377,-521.4763521885094
120.99757066703485,-520.9180198590861
121.83107367847217,-520.3576852540491
122.66303352599634,-519.7953846813292
123.49345050544794,-519.231154448858
124.32232491266755,-518.6650308645665
125.14965958167582,-518.0970490135084
125.97547144164731,-517.5272371897894
126.79978228646448,-516.9556213437324
127.62261391460314,-516.382227423447
128.44398812453903,-515.8070813770432
129.26392671474792,-515.2302091526308
130.08245148370563,-514.6516366983196
130.89958422988795,-514.0713899622195
131.71534675177054,-513.4894948924403
132.5297608478293,-512.905977437092
133.34284831653997,-512.3208635442842
134.1546309563783,-511.7341791621266
134.9651305658201,-511.1459502387294
135.77436894334113,-510.5562027222023
136.58236788741718,-509.964962560655
137.389149196524,-509.3722557021975
138.19473466913735,-508.77810809493957
138.99914610373307,-508.18254568699103
139.80240529878688,-507.58559442646185
140.6045340527746,-506.98728026146165
141.40555416417195,-506.38762914010033
142.20548743145477,-505.78666701048786
143.0043556530988,-505.1844198207339
143.80218062757982,-504.58091351894836
144.59898415337358,-503.9761740532411
145.39478802895587,-503.3702273717219
146.18961405280254,-502.7630994225006
146.98348402338928,-502.15481615368714
147.7764197391919,-501.54540351339114
148.56844299868612,-500.9348874497226
149.35957560034782,-500.32329391079145
150.1498393426527,-499.7106488447072
150.93925602407654,-499.09697819958
151.72784744309516,-498.4823079235195
152.5156353981843,-497.86666396463556
153.30264168781974,-497.25007227103816
154.08888811047726,-496.6325587908369
154.8743964646326,-496.01414947214175
155.6591885487616,-495.3948702630626
156.44328616134,-494.77474711170913
157.22671110084363,-494.1538059661913
158.0094851657482,-493.53207277461894
158.79163015452949,-492.9095734851018
159.57316786566327,-492.2863340457497
160.35412009762538,-491.66238040467266
161.1345086488915,-491.0377385099803
161.91435531793752,-490.41243430978255
162.6936819032391,-489.78649375218924
163.47251020327215,-489.1599427853102
164.2508620165123,-488.53280735725525
165.0287591414354,-487.90511341613427
165.80622337651724,-487.27688691005704
166.58327652023357,-486.64815378713337
167.35994037106016,-486.01893999547326
168.13623672747283,-485.38927148318635
168.9121873879473,-484.7591741983826
169.68781415095938,-484.12867408917174
170.46313881498483,-483.49779710366363
171.23818317849947,-482.8665691899682
172.01296903997897,-482.23501629619517
172.78751819789923,-481.60316437045435
173.56185245073593,-480.9710393608558
174.33599359696493,-480.3386672155091
175.10996343506193,-479.7060738825242
175.88378376350275,-479.07328531001093
176.65747638076317,-478.4403274460791
177.4310630853189,-477.80722623883855
178.20456567564582,-477.17400763639915
178.97800595021963,-476.54069758687064
179.75140570751614,-475.9073220383629
180.52478674601107,-475.27390693898593
181.29817086418032,-474.6404782368493
182.07157986049953,-474.00706188006296
182.84503553344456,-473.37368381673673
183.61855968149115,-472.7403699949805
184.39217410053766,-472.1071463598634
185.16589521901594,-471.47403252437203
185.93972279399802,-470.8410284340339
186.71365335529904,-470.20813022713196
187.48768343273423,-469.5753340419492
188.26180955611878,-468.94263601676863
189.03602825526787,-468.31003228987345
189.81033605999667,-467.6775189995466
190.58472950012046,-467.04509228407096
191.35920510545432,-466.41274828172965
192.13375940581352,-465.7804831308058
192.90838893101318,-465.1482929695824
193.68309021086858,-464.5161739363424
194.4578597751949,-463.88412216936877
195.23269415380724,-463.2521338069447
196.0075898765209,-462.62020498735313
196.782543473151,-461.9883318488771
197.55755147351277,-461.3565105297996
198.3326104074214,-460.7247371684037
199.10771680469207,-460.0930079029725
199.88286719513997,-459.4613188717889
200.65805810858032,-458.82966621313585
201.43328607482826,-458.1980460652965
202.208547623699,-457.56645456655406
202.98383928500775,-456.9348878551912
203.75915758856974,-456.3033420694911
204.53449906420008,-455.6718133477369
205.30986024171403,-455.04029782821146
206.08523765092673,-454.4087916491979
206.8606278216534,-453.77729094897916
207.6360272837092,-453.1457918658383
208.4114325669094,-452.51429053805845
209.18684020106915,-451.88278310392246
209.9622467160036,-451.2512657017135
210.73764864152798,-450.61973446971456
211.51304250745753,-449.9881855462086
212.28842484360732,-449.3566150694788
213.06379217979264,-448.725019177808
213.83914104582868,-448.09339400947925
214.6144679715306,-447.4617357027757
215.38976948671356,-446.8300403959803
216.16504212119284,-446.1983042273762
216.94028240478355,-445.56652333524613
217.71548686730094,-444.93469385787336
218.49065203856017,-444.30281193354085
219.26577444837645,-443.6708737005317
220.04085062656495,-443.03887529712875
220.8158771029409,-442.4068128616152
221.59085040731944,-441.77468253227397
222.36576706951578,-441.1424804473882
223.14062361934515,-440.5102027452408
223.9154165866227,-439.87784556411486
224.69014250116365,-439.24540504229344
225.46479789278314,-438.6128773180595
226.23937929129644,-437.980258529696
227.01388322651874,-437.3475448154861
227.78830622826513,-436.7147323137128
228.5626448263509,-436.0818171626591
229.3368955505912,-435.44879550060796
230.11105493080126,-434.81566346584253
230.8851194967962,-434.18241719664576
231.6590857783913,-433.54905283130074
232.43295030540168,-432.9155665080904
233.20670960764255,-432.2819543652978
233.98036021492916,-431.648212541206
234.7538986570766,-431.0143371740981
235.52732146390014,-430.3803244022569
236.300625165215,-429.7461703639656
237.07380629083627,-429.11187119750724
237.84686137057918,-428.47742304116474
238.61978693425897,-427.84282203322124
239.3925795116908,-427.2080643119596
240.16523563268981,-426.57314601566304
240.93775182707128,-425.93806328261445
241.71012462465043,-425.30281225109695
242.4823505552423,-424.66738905939343
243.25442616210947,-424.0317898611138
244.02635015537828,-423.3960132795818
244.79812578055154,-422.76006310738137
245.56975685295635,-422.12394378656194
246.34124718791995,-421.48765975917274
247.1126006007695,-420.85121546726344
247.88382090683217,-420.21461535288313
248.65491192143512,-419.5778638580815
249.42587745990554,-418.9409654249078
250.19672133757058,-418.3039244954114
250.9674473697575,-417.6667455116418
251.7380593717934,-417.02943291564833
252.50856115900547,-416.3919911494804
253.2789565467209,-415.75442465518745
254.04924935026688,-415.1167378748188
254.81944338497055,-414.47893525042394
255.5895424661591,-413.8410212240523
256.3595504091597,-413.20300023775314
257.12947102929957,-412.56487673357594
257.89930814190575,-411.92665515357015
258.66906556230566,-411.2883399397851
259.4387471058262,-410.6499355342702
260.2083565877948,-410.01144637907475
260.97789782353846,-409.37287691624834
261.7473746283844,-408.7342315878403
262.51679081765985,-408.09551483589996
263.28615020669196,-407.4567311024769
264.0554566108078,-406.81788482962037
264.82471384533477,-406.17898045937966
265.59392572559983,-405.54002243380444
266.3630960669303,-404.9010151949439
267.1322286846533,-404.26196318484756
267.9013273940959,-403.62287084556476
268.6703960105855,-402.98374261914495
269.43943834944906,-402.34458294763755
270.20845822601393,-401.7053962730918
270.9774594556072,-401.06618703755726
271.746445853556,-400.42695968308334
272.51542123518766,-399.7877186517193
273.2843894158292,-399.14846838551466
274.05335421080787,-398.50921332651876
274.8223194354508,-397.869957916781
275.5912889050853,-397.2307065983509
276.3602664350383,-396.5914638132777
277.12925584063726,-395.9522340036108
277.8982609372091,-395.3130216113998
278.6672855400812,-394.6738310786938
279.4363334645806,-394.0346668475425
280.20540852603455,-393.39553335999517
280.9745145397702,-392.7564350581011
281.7436553211147,-392.1173763839099
282.5128346853953,-391.4783617794708
283.2820564479392,-390.8393956868333
284.0513244240734,-390.2004825480468
284.82064242912526,-389.5616268051606
285.59001427842185,-388.9228329002242
286.35944378729033,-388.28410527528695
287.12893477105797,-387.6454483723983
287.8984910450519,-387.0068666336076
288.66811642459936,-386.3683645009643
289.43781472502735,-385.7299464165177
290.20758976166326,-385.09161682231735
290.9774453498341,-384.4533801604125
291.7473853048671,-383.81524087285266
292.51741344208955,-383.1772034016872
293.2875335768285,-382.5392721889654
294.05774952441107,-381.901451676737
294.82806510016457,-381.26374630705095
295.5984841194162,-380.626160521957
296.36901039749296,-379.9886987635044
297.13964774972214,-379.35136547374253
297.9103999914309,-378.7141650947209
298.68127093794646,-378.0771020684888
299.45226440459595,-377.4401808370956
300.2233842067065,-376.80340584259096
300.9946341596055,-376.16678152702394
301.7660180772748,-375.5303123309103
302.5375379778864,-374.8940006468332
303.3091905401037,-374.25784277822925
304.0809714547213,-373.62183390197504
304.85287641253376,-372.98596919494713
305.62490110433595,-372.3502438340222
306.39704122092235,-371.7146529960766
307.16929245308773,-371.0791918579871
307.9416504916269,-370.4438555966302
308.7141110273343,-369.8086393888826
309.48666975100474,-369.1735384116208
310.259322353433,-368.5385478417215
311.0320645254136,-367.90366285606115
311.8048919577412,-367.2688786315163
312.5778003412106,-366.6341903449637
313.35078536661644,-365.9995931732798
314.1238427247534,-365.3650822933413
314.89696810641607,-364.7306528820247
315.6701572023993,-364.0963001162066
316.44340570349766,-363.4620191727636
317.2167093005058,-362.82780522857234
317.9900636842185,-362.19365346050927
318.76346454543034,-361.5595590454511
319.53690757493604,-360.92551716027435
320.3103884635303,-360.2915229818557
321.0839029020078,-359.6575716870716
321.85744658116323,-359.02365845279877
322.63101519179116,-358.38977845591364
323.40460442468645,-357.755926873293
324.17820997064365,-357.1220988818132
324.9518275204574,-356.48828965835105
325.7254527649226,-355.854494379783
326.4990813948337,-355.22070822298565
327.2727091009854,-354.5869263648356
328.04633157417254,-353.95314398220955
328.81994450518965,-353.3193562519839
329.5935435848315,-352.6855583510353
330.3671245038926,-352.0517454562404
331.1406829531679,-351.4179127444757
331.9142146234519,-350.78405539261786
332.68771520553935,-350.15016857754335
333.4611803902249,-349.516247476129
334.23460586830316,-348.88228726525114
335.00798733056894,-348.24828312178647
335.78132046781684,-347.6142302226116
336.5546009708416,-346.98012374460296
337.32782453043774,-346.3459588646373
338.10098683740017,-345.7117307595912
338.87408358252344,-345.0774346063412
339.64711045660215,-344.4430655817639
340.4200631504312,-343.8086188627359
341.1929373548051,-343.1740896261337
341.9657287605185,-342.53947304883394
342.7384330583663,-341.9047643077132
343.51104593914295,-341.2699585796482
344.2835630936432,-340.63505104151534
345.0559802126617,-340.00003687019125
345.8282929869933,-339.3649112425526
346.6004971074325,-338.7296693354758
347.372588264774,-338.09430632583764
348.1445621498126,-337.45881739051464
348.9164144533428,-336.8231977063834
349.68814086615936,-336.18744245032036
350.45973707905694,-335.55154679920236
351.2311987828304,-334.9155059299057
352.00252166827414,-334.2793150193072
352.773701426183,-333.64296924428334
353.54473374735176,-333.0064637817107
354.3156143225748,-332.36979380846594
355.08633884264697,-331.7329545014256
355.85690299836307,-331.0959410374663
356.6273024805175,-330.4587485934645
357.39753297990524,-329.82137234629687
358.1675901873208,-329.18380747284004
358.9374697935588,-328.5460491499706
359.70716748941413,-327.90809255456503
360.47667896568123,-327.2699328635
361.246001228637,-326.63156665686614
362.0151393723486,-325.9929991419342
362.78410156240153,-325.3542388023386
363.55289597029264,-324.7152941280196
364.3215307675191,-324.0761736089174
365.0900141255779,-323.43688573497207
365.858354215966,-322.7974389961241
366.6265592101806,-322.1578418823134
367.39463727971867,-321.51810288348037
368.16259659607704,-320.8782304895652
368.930445330753,-320.2382331905082
369.69819165524353,-319.59811947624945
370.4658437410456,-318.9578978367292
371.23340975965624,-318.3175767618877
372.00089788257253,-317.6771647416652
372.7683162812915,-317.03667026600186
373.53567312731013,-316.39610182483796
374.30297659212556,-315.75546790811364
375.0702348472347,-315.11477700576927
375.8374560641347,-314.47403760774483
376.6046484143225,-313.83325820398073
377.37182006929515,-313.19244728441714
378.13897920054967,-312.55161333899434
378.9061339795833,-311.9107648576525
379.67329257789265,-311.2699103303318
380.4404631669751,-310.6290582469724
381.2076539183277,-309.98821709751473
381.97487300344727,-309.34739537189887
382.7421285938309,-308.706601560065
383.50942886097573,-308.0658441519535
384.2767819763787,-307.42513163750453
385.0441961115369,-306.7844725066582
385.8116794379473,-306.1438752493548
386.57924012710697,-305.50334835553457
387.34688635051293,-304.8629003151377
388.1146262796622,-304.2225396181045
388.8824680860519,-303.5822747543751
389.65041994117905,-302.94211421388974
390.4184900165405,-302.30206648658856
391.1866864836335,-301.662140062412
391.955017513955,-301.0223434313
392.723491279002,-300.382685083193
393.4921159502715,-299.74317350803125
394.2608996992608,-299.10381719575474
395.0298506974666,-298.4646246363038
395.798977116386,-297.8256043196187
396.5682871275162,-297.18676473563966
397.33778890235413,-296.54811437430686
398.10749061239676,-295.9096617255605
398.8774004291413,-295.2714152793409
399.6475265240846,-294.63338352558816
400.4178770687238,-293.99557495424256
401.1884602345559,-293.3579980552443
401.95928419307785,-292.72066131853364
402.73035711578683,-292.08357323405073
403.50168717417984,-291.4467422917359
404.2732825397539,-290.81017698152925
405.0451513840059,-290.1738857933711
405.81730187843317,-289.5378772172016
406.58974219453245,-288.90215974296103
407.36248050380095,-288.26674186058955
408.13552497773566,-287.6316320600274
408.90888378783353,-286.9968388312148
409.68256510559166,-286.362370664092
410.4565771025072,-285.72823604859923
411.230927950077,-285.0944434746766
412.00562581979824,-284.46100143226454
412.7806788831678,-283.8279184113031
413.5560953116828,-283.1952029017325
414.3318832768403,-282.56286339349305
415.1080509501372,-281.9309083765248
415.88460650307076,-281.2993463407683
416.66155810713786,-280.66818577616345
417.4389139338355,-280.0374351726506
418.2166821546608,-279.40710302017
418.99487094111083,-278.77719780866175
419.77348691852615,-278.147726405183
420.5525139306348,-277.5186717646581
421.3319184628742,-276.88999862232896
422.1116665643863,-276.2616712554915
422.89172428431317,-275.6336539414411
423.67205767179667,-275.00591095747393
424.4526327759791,-274.3784065808855
425.23341564600236,-273.75110508897177
426.0143723310085,-273.1239707590283
426.79546888013937,-272.49696786835096
427.57667134253717,-271.8700606942356
428.35794576734395,-271.2432135139778
429.1392582037016,-270.6163906048734
429.9205747007522,-269.9895562442182
430.70186130763784,-269.36267470930795
431.4830840735004,-268.73571027743844
432.264209047482,-268.1086272259053
433.0452022787246,-267.4813898320044
433.8260298163704,-266.8539623730316
434.6066577095612,-266.2263091262825
435.3870520074391,-265.5983943690529
436.1671787591461,-264.9701823786386
436.9470040138243,-264.3416374323354
437.7264938206157,-263.71272380743886
438.5056142286623,-263.08340578124506
439.2843312871061,-262.45364763104953
440.0626110450891,-261.82341363414815
440.84041955175337,-261.1926680678365
441.617722856241,-260.56137520941064
442.3944870076939,-259.92949933616615
443.17067805525414,-259.2970047253987
443.9462620480637,-258.6638556544043
444.7212050352647,-258.03001640047853
445.4954730659991,-257.3954512409172
446.2690321894089,-256.7601244530161
447.0418484546361,-256.12400031407105
447.8138879108228,-255.48704310137762
448.585116607111,-254.84921709223175
449.35550059264267,-254.21048656392915
450.12500591656,-253.57081579376558
450.8935986280048,-252.93016905903679
451.6612447761191,-252.28851063703857
452.42791041004506,-251.64580480506666
453.19356157892463,-251.00201584041687
453.9581643318999,-250.35710802038486
454.72168471811284,-249.71104562226654
455.4840887867054,-249.06379292335754
456.2453425868197,-248.41531420095373
457.00541216759774,-247.7655737323508
457.76426357818156,-247.11453579484453
458.52186286771314,-246.46216466573068
459.2781760853345,-245.8084246223051
460.03316928018774,-245.15327994186342
460.7868085014148,-244.49669490170143
461.5390597981577,-243.83863377911499
462.2898892195585,-243.17906085139978
463.0392628147593,-242.51794039585158
463.78714663290185,-241.85523668976614
464.5335067231285,-241.1909140104393
465.27830913458115,-240.5249366351667
466.02151991640176,-239.8572688412442
466.7631051177323,-239.1878749059675
467.50303078771503,-238.51671910663245
468.2412629754918,-237.84376572053475
468.9777677302046,-237.16897902497013
469.7125111009956,-236.49232329723444
470.4454591370067,-235.81376281462337
471.1765778873799,-235.13326185443276
471.9058334012573,-234.4507846939583
472.63319172778097,-233.7662956104958
473.3586189160929,-233.07975888134095
474.082081015335,-232.39113878378964
474.8035440746493,-231.7003995951375
475.52297414317803,-231.00750559268042
476.24033727006304,-230.31242105371405
476.95559950444635,-229.61511025553423
477.6687273605215,-228.91553814226185
478.37970122098363,-228.21368954370016
479.0885173684729,-227.50957208816848
479.7951729593511,-226.80319465679247
480.4996651499799,-226.09456613069787
481.2019910967209,-225.3836953910104
481.90214795593613,-224.67059131885583
482.600132883987,-223.95526279535986
483.29594303723536,-223.2377187016482
483.9895755720429,-222.51796791884658
484.68102764477135,-221.79601932808075
485.3702964117824,-221.0718818104764
486.0573790294378,-220.34556424715927
486.7422726540993,-219.6170755192551
487.4249744421285,-218.88642450788961
488.10548154988714,-218.1536200941885
488.7837911337371,-217.41867115927755
489.45990035003985,-216.68158658428243
490.13380635515733,-215.94237525032887
490.80550630545116,-215.20104603854264
491.474997357283,-214.4576078300494
492.1422766670146,-213.712069505975
492.80734139100775,-212.96443994744502
493.47018868562407,-212.2147280355852
494.1308157072254,-211.46294265152136
494.7892196121733,-210.70909267637916
495.44539755682956,-209.95318699128435
496.0993466975559,-209.19523447736262
496.7510641907141,-208.43524401573976
497.4005471926658,-207.6732244875414
498.0477928597727,-206.90918477389337
498.6927983483966,-206.14313375592133
499.33556081489905,-205.37508031475102
499.9760774156419,-204.6050333315082
500.61434530698693,-203.83300168731853
501.2503616452957,-203.05899426330774
501.88412358693,-202.2830199406016
502.5156282882515,-201.50508760032585
503.14487290562204,-200.72520612360617
503.7718545954032,-199.9433843915683
504.3965705139568,-199.15963128533798
505.0190178176445,-198.3739556860409
505.63919366282795,-197.58636647480282
506.257095205869,-196.79687253274943
506.8727196031294,-196.0054827410065
507.48606401097067,-195.21220598069974
508.09712558575455,-194.41705113295484
508.705901483843,-193.62002707889755
509.31238886159747,-192.82114269965365
509.91658487537984,-192.02040687634877
510.5184866815516,-191.2178284901087
511.1180914364748,-190.41341642205913
511.715396296511,-189.6071795533258
512.3103984180217,-188.79912676503446
512.9030949573691,-187.98926693831078
513.4934830709145,-187.17760895428057
514.0815599150197,-186.36416169406945
514.6673226460466,-185.5489340388032
515.2507684203567,-184.73193486960758
515.8318943943118,-183.91317306760826
516.4106977242736,-183.092657513931
516.987175566604,-182.27039708970148
517.5613250776643,-181.44640067604547
518.1331434138166,-180.6206771540887
518.7026277314225,-179.79323540495685
519.2697751868436,-178.96408430977567
519.8345829364418,-178.1332327496709
520.3970481365787,-177.30068960576827
520.957167943616,-176.46646375919346
521.5149395139156,-175.63056409107224
522.0703600038389,-174.7929994825303
522.623426569748,-173.9537788146934
523.1741363680044,-173.11291096868726
523.7224865549697,-172.27040482563757
524.2684742870057,-171.42626926667012
524.8120965864482,-170.5805131389422
525.3533406311929,-169.7331427945802
525.8921772019886,-168.88416042992367
526.4285755271051,-168.033567847843
526.9625048348113,-167.18136685120845
527.4939343533769,-166.3275592428904
528.0228333110713,-165.47214682575915
528.5491709361636,-164.61513140268505
529.0729164569234,-163.75651477653835
529.5940391016197,-162.8962987501895
530.1125080985224,-162.0344851265087
530.6282926759004,-161.17107570836635
531.1413620620233,-160.30607229863278
531.6516854851604,-159.4394767001783
532.1592321735812,-158.57129071587315
532.6639713555548,-157.70151614858779
533.1658722593509,-156.83015480119246
533.6649041132385,-155.95720847655753
534.1610361454873,-155.0826789775533
534.6542375843663,-154.20656810705006
535.1444776581453,-153.3288776679182
535.6317255950934,-152.44960946302805
536.11595062348,-151.56876529524985
536.5971219715744,-150.686346967454
537.0752088676461,-149.8023562825108
537.5501805399645,-148.9167950432906
538.0220062167988,-148.02966505266366
538.4906551264183,-147.14096811350038
538.9560964970926,-146.25070602867103
539.4182995570911,-145.35888060104597
539.877233534683,-144.46549363349553
540.3328676581376,-143.57054692889
540.7851711557245,-142.67404229009972
541.2341132557127,-141.77598151999499
541.6796631863721,-140.8763664214462
542.1217901759717,-139.97519879732363
542.5604634527808,-139.07248045049758
542.9956522450689,-138.16821318383845
543.4273257811054,-137.2623988002165
543.8554532891598,-136.35503910250208
544.2800039975011,-135.4461358935655
544.7009471343989,-134.53569097627707
545.1182519281226,-133.6237061535072
545.5318876069414,-132.71018322812614
545.9418233991249,-131.7951240030042
546.3480285329423,-130.87853028101173
546.7504722366629,-129.9604038650191
547.1491237385561,-129.04074655789654
547.5439522668916,-128.1195601625145
547.9349270499381,-127.19684648174318
548.3220173159656,-126.27260731845296
548.7051922932433,-125.34684447551417
549.0844212100402,-124.41955975579712
549.4596732946261,-123.49075496217218
549.8309177752703,-122.5604318975096
550.198123880242,-121.62859236467975
550.5612608378107,-120.69523816655295
550.9202978762456,-119.76037110599954
551.2752042238163,-118.8239929858898
551.625949108792,-117.8861056090941
551.972501759442,-116.94671077848274
552.314831404036,-116.00581029692604
552.652907270843,-115.06340596729436
552.9866985881326,-114.119499592458
553.3161745841741,-113.17409297528725
553.6413044872368,-112.22718791865252
553.96205752559,-111.27878622542406
554.2784029275032,-110.32888969847222
554.5903099212459,-109.37750014066734
554.8977477350871,-108.4246193548797
555.2006855972965,-107.47024914397969
555.4990927361433,-106.51439131083757
555.7929383798969,-105.55704765832371
556.0821917568267,-104.59821998930842
556.3668220952019,-103.63791010666202
556.6467990587391,-102.67612012428779
556.922106184439,-101.71286206556081
557.1927434397448,-100.74815968986574
557.4587117435706,-99.78203743620811
557.7200120148303,-98.81451974359346
557.9766451724381,-97.84563105102738
558.228612135308,-96.8753957975154
558.4759138223537,-95.90383842206305
558.7185511524897,-94.9309833636759
558.9565250446299,-93.9568550613595
559.1898364176881,-92.98147795411941
559.4184861905786,-92.00487648096119
559.6424752822154,-91.02707508089034
559.8618046115125,-90.04809819291245
560.0764750973836,-89.06797025603308
560.2864876587433,-88.08671570925776
560.4918432145054,-87.10435899159204
560.6925426835838,-86.12092454204148
560.8885869848926,-85.13643679961163
561.0799770373461,-84.15092020330802
561.2667137598579,-83.16439919213624
561.4487980713424,-82.17689820510182
561.6262308907134,-81.1884416812103
561.7990131368849,-80.19905405946727
561.967145728771,-79.20875977887825
562.130629585286,-78.21758327844879
562.2894656253436,-77.22554899718442
562.4436547678579,-76.23268137409072
562.5931979317429,-75.23900484817327
562.7380960359129,-74.24454385843757
562.8783499992818,-73.24932284388919
563.0139607407633,-72.25336624353368
563.1449291792719,-71.2566984963766
563.2712562337214,-70.25934404142346
563.3929428230257,-69.26132731767987
563.5099898660992,-68.26267276415136
563.6223982818557,-67.26340481984347
563.7301689892093,-66.26354792376175
563.833302907074,-65.26312651491176
563.9318009543637,-64.26216503229904
564.0256640499928,-63.26068791492915
564.1148931128749,-62.25871960180765
564.1994890619243,-61.25628453194007
564.279452816055,-60.25340714433198
564.354785294181,-59.250111877988914
564.4254874152164,-58.24642317191643
564.4915600980751,-57.24236546512009
564.5530042616712,-56.23796319660543
564.6098208249186,-55.233240805377996
564.6620107067317,-54.228222730443356
564.7095748260243,-53.22293341080705
564.7525141017103,-52.21739728547464
564.790829452704,-51.21163879345167
564.8245217979191,-50.20568237374368
564.8535920562701,-49.199552465356234
564.8780411466706,-48.1932735072949
564.8978699880349,-47.18686993856518
564.9130794992769,-46.18036619817266
564.9236705993105,-45.173786725122895
564.9296442070502,-44.16715595842142
564.9310012414096,-43.1604983370738
564.927742621303,-42.15383830008556
564.919869265644,-41.14720028646229
564.9073820933471,-40.140608735209504
564.8902820233263,-39.13408808533277
564.8685699744952,-38.127662775837635
564.8422468657684,-37.121357245729655
564.8113136160597,-36.11519593401438
564.775771144283,-35.109203279697354
564.7356203693523,-34.103403721784154
564.6908622101821,-33.09782169928029
564.6414975856859,-32.09248165119132
564.5875274147778,-31.087408016522836
564.5289526163723,-30.082625234280343
564.4657741093829,-29.07815774346941
564.3979928275231,-28.07402996840613
564.3256110980112,-27.070264950246
564.2486337634574,-26.066883233424484
564.1670659304893,-25.063905100319587
564.0809127057348,-24.061350833309305
563.9901791958212,-23.05924071477165
563.8948705073761,-22.057595027084623
563.7949917470276,-21.056434052626226
563.6905480214028,-20.05577807377446
563.5815444371298,-19.055647372907334
563.4679861008359,-18.056062232402848
563.3498781191487,-17.057042934639
563.227225598696,-16.058609761993807
563.1000336461055,-15.060782996845257
562.9683073680047,-14.063582921571362
562.8320518710213,-13.067029818550125
562.691272261783,-12.071143970159547
562.5459736469171,-11.075945658777632
562.3961611330516,-10.081455166782384
562.241839826814,-9.087692776551805
562.0830148348319,-8.0946787704639
561.919691263733,-7.102433430896669
561.7518742201449,-6.110977040228119
561.5795688106953,-5.120329880836251
561.4027801420116,-4.1305122350990695
561.2215133207218,-3.1415443853945773
561.0357734534531,-2.1534466141007775
560.8455656468335,-1.1662392035956735
560.6508950074906,-0.17994243625726875
560.4517666420519,0.8054234055364335
560.2481856571449,1.7898380394074302
560.0401571593977,2.773281182977718
559.8276862554374,3.755732553869293
559.6107780518919,4.737171869704153
559.389437655389,5.717578848104294
559.163670172556,6.696933206691713
558.9334807100206,7.675214663088407
558.6988743744106,8.65240293491637
558.4598562723535,9.628477739797605
558.216431510477,10.603418795354102
557.9686051954087,11.577205819207862
557.7163824337763,12.549818528980879
557.4597683322072,13.52123664229515
557.1987679973295,14.491439876772676
556.9333865357703,15.460407950035448
556.6636290541575,16.428120579705464
556.3895006591189,17.394557483404725
556.1110064572817,18.359698378755223
555.828151555274,19.323522983378954
555.5409410597231,20.28601101489792
555.2493800772567,21.247142190934113
554.9534737145025,22.206896229109535
554.6532270780881,23.165252847046176
554.3486452746412,24.122191762366036
554.0397334107893,25.07769269269111
553.7264965931603,26.031735355643395
553.4089399283814,26.984299468844892
553.0870685230806,27.9353647499176
552.7608874838854,28.884910916483506
552.4304019174234,29.83291768616461
552.0956169303224,30.779364776582906
551.7565376292099,31.7242319053604
551.4131691207135,32.667498790119076
551.0655165114608,33.60914514848095
550.7135849080797,34.54915069806801
550.3573794171975,35.48749515650224
549.996905145442,36.42415824140565
549.6321671994409,37.35911967040023
549.2631706858217,38.292359161107974
548.8899207112121,39.22385643115089
548.5124223822398,40.15359119815098
548.1306808055322,41.081543179730204
547.7447010877171,42.007692093510606
547.3544883354223,42.93201765711415
546.960047655275,43.85449958816285
546.561384156184,44.77511760644998
546.1585049879287,45.69385337455457
545.7514230946517,46.610694070940355
545.3401524418404,47.52562784632882
544.924706994981,48.43864285144149
544.5051007195609,49.349727236999875
544.081347581067,50.25886915372548
543.6534615449862,51.166056752339806
543.221456576805,52.07127818356439
542.7853466420107,52.97452159812072
542.3451457060902,53.87577514673031
541.9008677345303,54.77502698011467
541.4525266928179,55.672265248995316
541.0001365464398,56.56747810409376
540.5437112608829,57.460653696131494
540.0832648016344,58.35178017583005
539.6188111341809,59.24084569391093
539.1503642240095,60.12783840109564
538.677938036607,61.012746448105695
538.2015465374601,61.895557985662606
537.7212036920561,62.77626116448788
537.2369234658818,63.65484413530304
536.7487198244238,64.53129504882956
536.2566067331693,65.405602055789
535.7605981576049,66.27775330690282
535.260708063218,67.14773695289259
534.7569504154951,68.01554114447976
534.2493391799233,68.88115403238588
533.7378883219893,69.74456376733244
533.2226118071801,70.60575850004095
532.7035236009827,71.46472638123294
532.180637668884,72.3214555616299
531.6539679763707,73.17593419195335
531.1235284889298,74.0281504229248
530.5893331720482,74.87809240526576
530.0513959912129,75.72574828969772
529.5097309119107,76.57110622694222
528.9643518996285,77.41415436772076
528.4152729198532,78.25488086275485
527.8625079380718,79.09327386276598
527.3060709197711,79.9293215184757
526.745975830438,80.7630119806055
526.1822366355594,81.59433339987687
525.6148673006223,82.42327392701137
525.0438817911136,83.24982171273045
524.4692940725199,84.07396490775565
523.8911181103285,84.8956916628085
523.3093678700261,85.71499012861048
522.7240573170997,86.53184845588312
522.1352004170361,87.34625479534793
521.5428111353222,88.15819729772639
520.9469034374449,88.96766411374004
520.3474912888913,89.77464339411037
519.7445886551479,90.57912328955892
519.1382095017021,91.38109195080717
518.5283677940404,92.18053752857665
517.9150774976498,92.97744817358885
517.2983525780173,93.77181203656531
516.6782070006299,94.56361726822752
516.0546547309742,95.35285201929699
515.4277097345372,96.13950444049523
514.7973859768059,96.92356268254376
514.1636974232672,97.70501489616409
513.5266580394078,98.4838492320777
512.8862817907149,99.26005384100614
512.2425826426752,100.03361687367091
511.5955745607756,100.80452648079351
510.9452715105031,101.57277081309546
510.29168745734466,102.33833802129826
509.63483636678694,103.10121625612342
508.9747322043171,103.86139366829248
508.31138893542175,104.61885840852692
507.64482052558805,105.37359862754823
506.9750409403028,106.12560247607796
506.302064145053,106.87485810483761
505.6259041053254,107.62135366454869
504.94657432539935,108.36507594287458
504.26408485541003,109.10600151905938
503.57844417933603,109.84410234371084
502.8896607733749,110.57935034443918
502.1977431137236,111.31171744885447
501.50269967657977,112.04117558456689
500.80453893814047,112.76769667918656
500.10326937460303,113.49125266032367
499.39889946216476,114.21181545558831
498.6914376770229,114.92935699259067
497.9808924953749,115.64384919894086
497.2672723934178,116.35526400224904
496.5505858473491,117.06357333012535
495.83084133336604,117.76874911017994
495.10804732766593,118.47076327002294
494.38221230644587,119.1695877372645
493.6533447459034,119.86519443951475
492.9214531222357,120.55755530438388
492.18654591164005,121.24664225948199
491.4486315903137,121.93242723241922
490.7077186344541,122.61488215080574
489.96381552025844,123.29397894225168
489.21693072392395,123.96968953436719
488.467072721648,124.6419858547624
487.7142499896279,125.31083983104746
486.95847100406087,125.97622339083254
486.1997442411442,126.63810846172774
485.4380781770752,127.29646697134322
484.67348128805116,127.95127084728915
483.90596205026947,128.60249201717565
483.1355289399272,129.25010240861286
482.3621904332218,129.89407394921096
481.5859550063506,130.53437856658
480.80683113551083,131.17098818833023
480.0248272968997,131.8038747420717
479.2399519667146,132.43301015541468
478.4522136211527,133.05836635596918
477.6616207364115,133.6799152713454
476.8681817886881,134.29762882915355
476.0719052541799,134.91147895700365
475.2727996090841,135.52143758250588
474.4708733295981,136.12747663327045
473.666134891919,136.72956803690747
472.8585927722444,137.32768372102706
472.04825544677135,137.92179561323937
471.23513139169705,138.51187564115455
470.41922908321914,139.09789573238274
469.60055699753457,139.67982781453406
468.7791236108408,140.2576438152187
467.95493739933517,140.8313156620468
467.12800683921483,141.4008152826285
466.298340406677,141.96611460457393
465.4659465779193,142.52718555549325
464.63083382913874,143.08400006299652
463.7930106365327,143.636530054694
462.95248547629836,144.18474745819577
462.10926682463327,144.728624201112
461.26336315773443,145.26813221105286
460.41478295179934,145.80324341562843
459.5635346830252,146.33392974244887
458.70962682760927,146.86016311912434
457.85306786174885,147.381915473265
456.9938662616413,147.8991587324809
456.13203050348386,148.41186482438232
455.2675690634739,148.92000567657936
454.40049041780856,149.4235532166821
453.53080304268514,149.92247937230073
452.6585154143011,150.41675607104543
451.7836360088536,150.90635524052627
450.90617330253997,151.39124880835342
450.0261357715575,151.87140870213705
449.14353189210345,152.3468068494873
448.25837014037506,152.81741517801427
447.3706589925698,153.28320561532811
446.4804069248848,153.74415008903907
445.5876235271245,154.2002224968159
444.6923308304213,154.6514187460178
443.7945586593978,155.0977485313022
442.8943369584826,155.53922175927315
441.99169567210447,155.97584833653497
441.08666474469226,156.40763816969167
440.17927412067456,156.83460116534752
439.2695537444802,157.25674723010667
438.35753356053795,157.67408627057324
437.4432435132765,158.0866281933515
436.52671354712464,158.49438290504546
435.60797360651105,158.8973603122594
434.6870536358646,159.29557032159747
433.7639835796139,159.68902283966378
432.83879338218776,160.0777277730626
431.911512988015,160.46169502839797
430.9821723415242,160.84093451227412
430.0508013871442,161.2154561312952
429.11743006930374,161.58526979206545
428.18208833243153,161.95038540118895
427.24480612095647,162.31081286526984
426.30561337930703,162.66656209091238
425.3645400519123,163.01764298472068
424.42161608320066,163.36406545329888
423.476871417601,163.70583940325125
422.5303359995423,164.04297474118178
421.5820397734529,164.37548137369484
420.6320126837619,164.70336920739445
419.6802846748978,165.0266481488848
418.7268856912895,165.3453281047701
417.77184567736566,165.65941898165445
416.815194577555,165.9689306861421
415.85696233628636,166.27387312483717
414.89717889798845,166.5742562043438
413.93587420709,166.8700898312662
412.9730782080198,167.1613839122085
412.0088208452065,167.4481483537749
411.043132063079,167.7303930625695
410.0760418060658,168.00812794519658
409.1075800185959,168.28136290826023
408.137776645098,168.55010785836458
407.16666163000065,168.81437270211387
406.19426491773277,169.07416734611226
405.22061645272305,169.3295016969638
404.2457461794003,169.58038566127283
403.2696840421932,169.8268291456434
402.2924599855306,170.06884205667967
401.3141039538411,170.3064343009859
400.33464589155346,170.53961578516615
399.35411574309654,170.76839641582467
398.372543452899,170.99278609956554
397.3899589653896,171.212794742993
396.4063922249971,171.42843225271122
395.4218731761502,171.63970853532425
394.4364317632777,171.8466334974364
393.45009793080834,172.04921704565174
392.46290162317086,172.24746908657448
391.47487278479394,172.4413995268088
390.48604136010647,172.63101827295878
389.4964372935371,172.8163352316287
388.5060905295145,172.99736030942262
387.5150310124676,173.17410341294482
386.52328868682497,173.34657444879937
385.5308934970155,173.51478332359042
384.53787538746786,173.6787399439222
383.54426430261077,173.8384542163989
382.55009018687304,173.9939360476246
381.5553829846834,174.14519534420356
380.56017264047046,174.29224201273982
379.5644890986632,174.43508595983766
378.5683623036902,174.5737370921012
377.5718221999804,174.7082053161346
376.5748987319622,174.83850053854204
375.57762184406465,174.96463266592767
374.58002148071637,175.08661160489567
373.58212739942326,175.20444739486172
372.5839609468258,175.31815605128736
371.5855318312537,175.42776185882872
370.58684890720497,175.53328970880182
369.5879210291777,175.63476449252278
368.58875705167,175.73221110130768
367.5893658291799,175.8256544264727
366.5897562162055,175.91511935933386
365.589937067245,176.00063079120739
364.5899172367963,176.08221361340924
363.58970557935766,176.1598927172556
362.5893109494271,176.23369299406252
361.5887422015027,176.3036393351462
360.5880081900825,176.36975663182267
359.58711776966476,176.43206977540802
358.58607979474743,176.49060365721843
357.5849031198286,176.54538316856994
356.5835965994064,176.59643320077865
355.58216908797885,176.64377864516072
354.58062944004416,176.68744439303228
353.5789865101003,176.7274553357093
352.5772491526455,176.76383636450797
351.5754262221776,176.79661237074438
350.57352657319495,176.8258082457347
349.57155906019557,176.85144888079495
348.5695325376774,176.87355916724127
347.5674558601387,176.89216399638974
346.56533788207753,176.90728825955648
345.5631874579919,176.91895684805758
344.56101344238,176.9271946532092
343.5588246897398,176.93202656632738
342.5566300545695,176.93347747872824
341.5544383913671,176.9315722817279
340.5522585546308,176.9263358666425
339.5500993988586,176.91779312478803
338.5479697785485,176.90596894748072
337.54587854819886,176.89088822603662
336.5438345623075,176.8725758517718
335.5418466753727,176.85105671600243
334.5399237418923,176.82635571004457
333.5380746163647,176.7984977252144
332.53630815328785,176.7675076528279
331.5346332071598,176.73341038420125
330.5330586324786,176.69623081065052
329.53159328374244,176.65599382349188
328.5302460154494,176.6127243140414
327.52902568209754,176.56644717361513
326.52794113818493,176.51718729352928
325.5270012382097,176.4649695650998
324.5262148366699,176.40981887964298
323.52559078806365,176.3517601284748
322.52513794688906,176.29081820291142
321.5248651676441,176.22701799426892
320.524781304827,176.16038439386338
319.5248952129358,176.09094229301095
318.52521574646863,176.01871658302773
317.52575175992337,175.9437321552298
316.52651210779834,175.86601390093327
315.52750564459166,175.78558671145427
314.5287412248012,175.70247547810888
313.53022770292523,175.6167050922132
312.5319739334617,175.52830044508337
311.5339887709088,175.43728642803543
310.5362810697646,175.34368793238556
309.53885968452715,175.24752984944982
308.54173346969463,175.14883707054432
307.544911279765,175.04763448698515
306.54840196923647,174.94394699008845
305.552214392607,174.8377994711703
304.55635740437486,174.72921682154683
303.5608398590379,174.6182239325341
302.56567061109445,174.50484569544824
301.57085851504246,174.3891070016054
300.57641242537994,174.27103274232158
299.58234119660517,174.150647808913
298.5886536832162,174.02797709269566
297.5953577069726,173.90304618663197
296.6024519206736,173.77588691310902
295.6099301785425,173.6465343546838
294.6177862927717,173.51502362246936
293.62601407555366,173.38138982757846
292.63460733908056,173.24566808112417
291.64355989554497,173.1078934942193
290.65286555713914,172.96810117797685
289.6625181360556,172.8263262435097
288.67251144448664,172.68260380193078
287.68283929462467,172.53696896435304
286.6934954986621,172.3894568418894
285.70447386879135,172.24010254565275
284.7157682172047,172.08894118675605
283.7273723560947,171.93600787631223
282.7392800976536,171.78133772543416
281.75148525407377,171.62496584523478
280.7639816375478,171.4669273468271
279.77676306026774,171.30725734132398
278.7898233344263,171.14599093983827
277.8031562722157,170.983163253483
276.81675568582847,170.8188093933711
275.83061538745676,170.65296447061544
274.8447291892932,170.48566359632895
273.85909090353005,170.3169418816246
272.8736943423597,170.14683443761524
271.8885333179746,169.97537637541384
270.9036016425671,169.8026028061333
269.91889312832956,169.6285488408866
268.93440158745454,169.45324959078658
267.95012083213413,169.27674016694627
266.966044674561,169.0990556804785
265.98216692692733,168.92023124249621
264.9984814014256,168.7403019641124
264.01498191024825,168.5593029564399
263.03166226558756,168.3772693305917
262.0485162796361,168.19423619768065
261.06553776458594,168.01023866881977
260.08272053262976,167.82531185512192
259.1000583959598,167.63949086770003
258.1175451667686,167.45281081766703
257.13517465724834,167.26530681613585
256.1529406795916,167.07701397421943
255.17083704599062,166.88796740303067
254.18885756863787,166.6982022136825
253.20699605972572,166.5077535172878
252.22524633144658,166.3166564249596
251.2436021959928,166.12494604781077
250.26205746555678,165.9326574969542
249.2806059523309,165.73982588350282
248.29924146850757,165.54648631856963
247.31795782627916,165.3526739132675
246.33674883783812,165.15842377870933
245.35560831537674,164.96377102600806
244.37453007108746,164.76875076627664
243.3935079171627,164.573398110628
242.41253566579476,164.377748170175
241.43160712917614,164.18183605603065
240.45071611949916,163.9856968793078
239.4698564489562,163.78936575111942
238.48902192973966,163.59287778257843
237.50820637404195,163.39626808479773
236.52740359405541,163.19957176889022
235.5466074019725,163.00282394596894
234.5658116099856,162.8060597271467
233.58501003028704,162.60931422353647
232.6041964750692,162.41262254625116
231.62336475652455,162.21601980640372
230.64250868684545,162.01954111510702
229.66162207822424,161.82322158347404
228.68069874285337,161.62709632261772
227.6997324929252,161.43120044365085
226.71871714063212,161.23556905768652
225.73764649816647,161.0402372758376
224.75651437772075,160.84524020921697
223.77531459148724,160.65061296893757
222.794042336656,160.45638321020095
221.8126996055353,160.26254200778357
220.83129047099328,160.0690692361033
219.8498190064332,159.87594476669727
218.86828928525821,159.68314847110258
217.88670538087172,159.4906602208563
216.9050713666769,159.29845988749554
215.92339131607704,159.10652734255746
214.94166930247542,158.91484245757906
213.9599093992752,158.72338510409745
212.97811567987966,158.5321351536498
211.99629221769214,158.3410724777731
211.01444308611585,158.15017694800457
210.03257235855398,157.95942843588125
209.05068410840985,157.76880681294023
208.06878240908674,157.57829195071858
207.08687133398783,157.38786372075347
206.10495495651642,157.19750199458196
205.12303735007578,157.00718664374114
204.14112258806912,156.81689753976812
203.15921474389975,156.6266145542
202.17731789097084,156.43631755857385
201.19543610268573,156.24598642442683
200.21357345244763,156.05560102329596
199.23173401365977,155.8651412267184
198.2499218597255,155.67458690623124
197.26814106404802,155.48391793337152
196.28639570003054,155.2931141796764
195.3046898410764,155.10215551668298
194.3230275605888,154.91102181592834
193.34141293197095,154.71969294894953
192.35985002862623,154.52814878728373
191.3783429239578,154.336369202468
190.39689569136894,154.1443340660394
189.4155124042629,153.9520232495351
188.43419713604294,153.75941662449216
187.45295396011235,153.56649406244767
186.4717869498743,153.37323543493878
185.4907001787321,153.1796206135025
184.50969772008904,152.98562946967598
183.52878364734832,152.79124187499633
182.5479620339132,152.59643770100064
181.56723695318692,152.40119681922596
180.58661247857282,152.20549910120945
179.60609268347403,152.0093244184882
178.62568164129388,151.8126526425993
177.64538342543565,151.6154636450798
176.66520210930253,151.41773729746689
175.68514176629782,151.21945347129756
174.70520646982473,151.02059203810896
173.72540029328658,150.82113286943823
172.74572731008658,150.62105583682242
171.76619159362795,150.42034081179867
170.78679721731405,150.21896766590402
169.807548254548,150.01691627067558
168.8284487787332,149.81416649765046
167.84950286327282,149.6106982183658
166.87071458157013,149.40649130435864
165.89208800702832,149.20152562716606
164.91362721305077,148.99578105832526
163.93533627304063,148.7892374693732
162.95721926040122,148.5818747318471
161.9792802485358,148.37367271728402
161.00152331084755,148.16461129722103
160.02395252073978,147.95467034319523
159.04657195161573,147.7438297267437
158.06938567687868,147.53206931940363
157.09239776993186,147.31936899271201
156.11561230417854,147.10570861820602
155.13903335302194,146.8910680674227
154.16266498986536,146.67542721189918
153.18651128811206,146.45876592317254
152.2105763211652,146.2410640727799
151.23486416242812,146.02230153225835
150.25937888530413,145.80245817314497
149.28412456319634,145.58151386697685
148.3091053564577,145.35944899456055
147.33432620626357,145.13624851003246
146.3597924662526,144.91189978335356
145.38550949379587,144.68639020634578
144.41148264626443,144.45970717083097
143.43771728102934,144.23183806863102
142.46421875546162,144.00277029156788
141.49099242693234,143.77249123146348
140.51804365281257,143.5409882801397
139.54537779047334,143.3082488294184
138.57300019728575,143.07426027112155
137.60091623062078,142.839009997071
136.62913124784959,142.60248539908866
135.6576506063431,142.3646738689965
134.68647966347248,142.12556279861636
133.71562377660874,141.8851395797701
132.7450883031229,141.64339160427977
131.77487860038607,141.40030626396717
130.8050000257693,141.1558709506542
129.83545793664362,140.91007305616282
128.86625769038005,140.66289997231482
127.8974046443497,140.41433909093226
126.92890415592363,140.16437780383694
125.96076158247287,139.91300350285078
124.99298228136847,139.66020357979573
124.02557160998148,139.40596542649365
123.05853492568298,139.15027643476645
122.091877585844,138.89312399643606
121.12560494783561,138.63449550332433
120.15972236902884,138.3743783472532
119.19423520679479,138.1127599200446
118.22914881850446,137.84962761352043
117.26446856152894,137.5849688195025
116.30019979323927,137.3187709298128
115.3363478710065,137.05102133627327
114.3729181522017,136.78170743070572
113.40991599419593,136.5108166049321
112.44734675436023,136.23833625077432
111.48521579006562,135.96425376005428
110.5235284586832,135.6885565245939
109.56229011758401,135.41123193621505
108.60150612413914,135.13226738673964
107.64118183571958,134.85165026798956
106.68132260969644,134.5693679717868
105.72193380344072,134.28540788995312
104.76302077432351,133.99975741431058
103.80458887971587,133.71240393668097
102.84664347698883,133.4233348488862
101.88918992351348,133.13253754274828
100.9322335766608,132.839999410089
99.97577979380193,132.54570784273034
99.01983393230788,132.2496502324941
98.06440134954973,131.95181397120234
97.1094874028985,131.65218645067685
96.15509744972525,131.35075506273952
95.20123684740105,131.04750719921233
94.24791095329695,130.74243025191714
93.29512512478401,130.4355116126759
92.34288471923327,130.12673867331046
91.3911950940158,129.81609882564274
90.44006160650262,129.50357946149464
89.48948961406484,129.18916797268807
88.53948447407346,128.87285175104495
87.59005154389956,128.5546181883872
86.64119618091422,128.23445467653664
85.69292374248843,127.91234860731524
84.74523958599329,127.58828737254493
83.79814906879986,127.26225836404755
82.85165754827916,126.93424897364504
81.90577038180227,126.60424659315929
80.96049292674023,126.27223861441219
80.01583054046411,125.93821242922569
79.07178858034494,125.60215542942167
78.1283724037538,125.26405500682203
77.18558736806173,124.92389855324869
76.2434388306398,124.58167346052349
75.30193271484373,124.23736744853801
74.3610806392274,123.89097153837061
73.42089751613092,123.54247866032286
72.48139829797442,123.19188176792846
71.542597937178,122.8391738147211
70.60451138616182,122.48434775423448
69.66715359734597,122.1273965400023
68.73053952315061,121.76831312555824
67.79468411599584,121.40709046443604
66.85960232830179,121.04372151016936
65.92530911248858,120.6781992162919
64.99181942097636,120.31051653633737
64.05914820618523,119.94066642383947
63.127310420535295,119.56864183233189
62.196321016446724,119.19443571534832
61.26619494633964,118.81804102642246
60.336947162634125,118.43945071908803
59.40859261775034,118.0586577468787
58.4811462641084,117.67565506332816
57.55462305412842,117.29043562197015
56.62903794023055,116.90299237633833
55.7044058748349,116.51331827996641
54.78074181036158,116.1214062863881
53.85806069923074,115.72724934913705
52.93637749386249,115.33084042174701
52.01570714667695,114.93217245775168
51.09606461009426,114.5312384106847
50.17746483653454,114.12803123407983
49.259922778417916,113.72254388147071
48.3434533881645,113.3147693063911
47.42807161819444,112.90470046237465
46.51379242092784,112.49233030295508
45.600630748784816,112.07765178166606
44.688601554185524,111.66065785204133
43.777719789550076,111.24134146761456
42.86800040729859,110.81969558191945
41.95945835985119,110.39571314848969
41.05210859962802,109.969387120859
40.14596607904918,109.54071045256106
39.24104575053481,109.10967609712957
38.33736256650502,108.67627700809822
37.43493147937996,108.24050613900073
36.53376744157974,107.80235644337078
35.633885405524474,107.36182087474207
34.735300323634306,106.91889238664828
33.838027148329346,106.47356393262316
32.94208083202973,106.02582846620035
32.04747632715558,105.57567894091358
31.15422858612701,105.12310831029653
30.262352561364157,104.66810952788292
29.37186320528714,104.21067554720642
28.482775470316103,103.75079932180074
27.59510430887114,103.28847380519959
26.70886467337239,102.82369195093663
25.824071516239975,102.35644671254559
24.94073978989403,101.88673104356018
24.05888444675467,101.41453789751407
23.17852043924202,100.93986022794094
22.299662719776205,100.46269098837452
21.422326240777352,99.9830231323485
20.546525954665597,99.5008496133966
19.67227681386104,99.01616338505248
18.799593770783826,98.52895740084983
17.928491777854067,98.03922461432239
17.058985787491903,97.54695797900384
16.191090752117443,97.05215044842785
15.324821624150816,96.55479497612816
14.460193356012152,96.05488451563843
13.597220900121572,95.55241202049238
12.735919208899208,95.0473704442237
11.876303234765166,94.53975274036611
11.018387930139596,94.02955186245327
10.162188247442613,93.5167607640189
9.30771913909432,93.0013723985967
8.454995557514879,92.48337971972036
7.604032011006723,91.96277611044779
6.754829853766004,91.43956767570786
5.90737541035062,90.91377505620346
5.061654184004106,90.38541968696391
4.217651677970001,89.85452300301866
3.3753533954918393,89.32110643939701
2.5347448398131567,88.78519143112838
1.6958115141774905,88.24679941324214
0.8585389218283761,87.70595182076765
0.022912566009350092,87.16267008873433
-0.8110820500360493,86.6169756521715
-1.6434594230642896,86.06888994610857
-2.474234049831832,85.51843440557494
-3.303420427095142,84.96563046559993
-4.13103305161068,84.41049956121296
-4.957086420134913,83.85306312744338
-5.781595029424304,83.29334259932058
-6.604573376235318,82.73135941187394
-7.426035957324414,82.16713500013283
-8.245997269448063,81.60069079912662
-9.064471809362722,81.03204824388472
-9.881474073824858,80.46122876943646
-10.697018559590935,79.88825381081125
-11.511119763417417,79.31314480303844
-12.323792182060762,78.73592318114744
-13.135050312277441,78.1566103801676
-13.944908650823917,77.57522783512833
-14.753381694456651,76.99179698105897
-15.56048393993211,76.40633925298891
-16.366229884006753,75.81887608594751
-17.170634023437046,75.22942891496417
-17.973710854979455,74.63801917506828
-18.77547487539044,74.04466830128918
-19.57594058142647,73.44939772865625
-20.375122469844,72.85222889219891
-21.173035037399504,72.25318322694652
-21.96969278084944,71.6522821679284
-22.76511019695027,71.04954715017399
-23.559301782458466,70.44499960871265
-24.35228203413048,69.83866097857376
-25.144065448722785,69.23055269478668
-25.934666522991837,68.6206961923808
-26.724099753694116,68.0091129063855
-27.51237963758606,67.39582427183016
-28.29952067142415,66.78085172374414
-29.085537351964856,66.16421669715682
-29.87044417596462,65.5459406270976
-30.654255640179926,64.9260449485958
-31.436986241367226,64.30455109668087
-32.218650476282995,63.68148050638214
-32.99926284168368,63.05685461272899
-33.77883783432576,62.430694850750825
-34.55738995096569,61.80302265547701
-35.33493368835994,61.173859461936885
-36.111483543264974,60.54322670515987
-36.88705401243725,59.91114582017534
-37.66165959263323,59.27763824201264
-38.435314780609374,58.64272540570117
-39.20803407312217,58.006428746270316
-39.97983196692805,57.368769698749425
-40.7507229587835,56.729769698167914
-41.520721545444985,56.089450179555115
-42.28984222366895,55.44783257794044
-43.05809949021187,54.804938328353245
-43.825507841830216,54.160788865822916
-44.59208177528044,53.515405625378826
-45.357835787319004,52.86881004205035
-46.122784374702384,52.221023550866875
-46.88694203418703,51.57206758685777
-47.65032326252942,50.92196358505242
-48.41294255648601,50.27073298048018
-49.174814412813255,49.61839720817045
-49.935953328267644,48.96497770315259
-50.69637379960561,48.310495900456
-51.456090323583645,47.65497323511003
-52.215117396958185,46.99843114214408
-52.973469516485714,46.3408910565875
-53.73116117892269,45.68237441346969
-54.48820688102558,45.02290264782001
-55.24462111955084,44.36249719466785
-56.00041839125495,43.701179489042595
-56.755613192894344,43.0389709659736
-57.51022002122552,42.37589306049025
-58.26425337300491,41.71196720762193
-59.017727744989,41.04721484239799
-59.77065763393425,40.381657399847846
-60.52305753659711,39.71531631500085
-61.27494194973407,39.04821302288639
-62.026325370101574,38.38036895853382
-62.77722229445608,37.71180555697255
-63.52764721955407,37.04254425323192
-64.277614642152,36.37260648234135
-65.02713905900634,35.70201367933017
-65.77623496687353,35.0307872792278
-66.52491686251005,34.3589487170636
-67.27319924267238,33.68651942786692
-68.02109660411698,33.01352084666718
-68.76862344360028,32.33997440849374
-69.51579425787875,31.665901548375963
-70.26262354370888,30.99132370134324
-71.00912579784713,30.316262302424946
-71.75531551704998,29.640738786650452
-72.50120719807384,28.96477458904915
-73.24681533767523,28.288391144650397
-73.99215443261055,27.611609888483585
-74.73723897963633,26.934452255578087
-75.482083475509,26.25693968096327
-76.22670241698503,25.579093599668518
-76.97111030082088,24.90093544672321
-77.71532162377302,24.22248665715673
-78.45935088259792,23.543768665998435
-79.20321257405203,22.864802908277717
-79.94692119489181,22.18561081902395
-80.69049124187373,21.506213833266496
-81.43393721175427,20.826633386034757
-82.17727360128988,20.146890912358096
-82.920514907237,19.46700784726589
-83.66367562635213,18.787005625787522
-84.40677025539172,18.10690568295236
-85.14981329111225,17.426729453789775
-85.89281923027016,16.746498373329164
-86.63580256962192,16.066233876599895
-87.0510931407926,15.6859893296039
