-24.476052843585844,13.930996208374836,0.0007591514453567344
-22.476053420082643,13.932514755988263,0.0007594577716513582
-20.47605399732465,13.934034284746321,0.0007601324634079902
-18.476054575872258,13.935555530940263,0.0007611752420292254
-16.4760551562877,13.937079230861366,0.0007625861821690579
-14.476055739136017,13.938606120800896,0.0007643652638245281
-12.476056324985715,13.94013693705012,0.0007665124923566261
-10.476056914409616,13.941672415900307,0.0007690278663336356
-8.476057507985772,13.94321329364273,0.0007719113861420774
-6.476058106298095,13.944760306568664,0.0007751630516888898
-4.476058709937362,13.946314190969378,0.0007787828629709828
-2.4760593195018763,13.94787568313616,0.0007827708201267157
-0.47605993559844,13.949445519360285,0.0007871269226336494
1.5239394411570817,13.951024435933046,0.0007918511724712536
3.5239388101386653,13.952613169145723,0.0007969435622775048
5.523938170709545,13.954212455289609,0.000802404119551595
7.523937522221167,13.955823030656006,0.0008082327417103528
9.523936864012665,13.95744563153621,0.0008144298116223017
11.52393619540975,13.959080994221525,0.0008209939004307259
13.523935515724151,13.960729855003253,0.0008279303407460776
15.52393482425264,13.962392950172704,0.0008352192310304984
17.523934120276255,13.96407101602119,0.0008429348448671107
19.523933403127863,13.965764708155193,0.0008506789622082602
21.523932673444538,13.967473138094869,0.0008575330321291847
23.52393193307817,13.969194028821061,0.0008631705382509068
25.52393118396611,13.970925053849152,0.0008676590889972379
27.52393042808105,13.972663886694528,0.0008709805687315294
29.523929667422916,13.974408200872574,0.0008731398315076345
31.52392890401075,13.976155669898679,0.0008741355766815373
33.52392813987465,13.97790396728824,0.0008739681527578944
35.523927377047585,13.979650766556656,0.0008726374663625047
37.523926617557265,13.981393741219351,0.0008701435425300824
39.52392586341807,13.983130564791761,0.000866486374569923
41.52392511662294,13.984858910789345,0.0008616659643133932
43.523924379135224,13.986576452727588,0.0008556823112646255
45.523923652880526,13.988280864122002,0.0008485354157382596
47.52392293973867,13.989969818488136,0.0008402252771783486
49.52392224153556,13.991640989341587,0.0008307518977447495
51.52392156003494,13.993292050197999,0.000820115269640703
53.5239208969305,13.994920674573088,0.0008083154222299463
55.523920253837545,13.996524535982624,0.0007953522462231898
57.52391963228499,13.998101307942482,0.0007812261498405421
59.523919033707244,13.999648663968635,0.0007659356099959599
61.52391845943603,14.001164277577177,0.0007494863113613088
63.52391791069228,14.002645822284336,0.0007318570389540629
65.52391738857806,14.004090971606518,0.0007131269687034473
67.52391689406844,14.005497399060308,0.0006930006127147348
69.52391642751672,14.006863490802923,0.000673649708321789
71.52391598434895,14.008194907671655,0.0006586637779784753
73.52391555751059,14.009501564994173,0.0006488067535309252
75.52391514028066,14.010793431662611,0.0006438954685362554
77.52391472615948,14.012080476568661,0.0006439790020476994
79.52391430871934,14.013372668603886,0.0006490442032895095
81.52391388145571,14.014679976659892,0.0006590945961350888
83.52391343763792,14.016012369628529,0.0006741292366072155
85.52391297016017,14.017379816402043,0.0006941483783116244
87.52391247139258,14.018792285873253,0.0007191519531700696
89.523911933032,14.020259746935574,0.0007491399829342088
91.52391134595298,14.02179216848307,0.0007841124522409986
93.5239107000586,14.023399519410344,0.0008240694047140526
95.52390998413162,14.025091768612375,0.0008690106852884629
97.52390918568518,14.026878884984209,0.0009189368745437506
99.52390829081399,14.028770837420542,0.0009738458087773719
101.52390728404494,14.030777594815106,0.0010337455650570359
103.52390614818823,14.032909126060035,0.0010986060005586794
105.52390486418841,14.03517540004456,0.001168539609812716
107.52390341097497,14.03758638565526,0.0012431265558295929
109.52390176531367,14.040152051769867,0.0013239336883906123
111.52389990165709,14.042882367272842,0.0014051134373528286
113.52389779199599,14.045787300993087,0.001508489226824257
115.52389543533383,14.048857584876579,0.0015237592874607724
117.52389330804768,14.051774627901612,0.0013774674015584133
119.52389164765246,14.054351753852076,0.0012076272173509473
121.52389035612667,14.056624659779434,0.0010670733671023303
123.5238893502458,14.058630531783278,0.0009422474346852488
125.52388856167984,14.060406556295188,0.0008367825297001901
127.52388793491961,14.061989919955051,0.0007497052994217328
129.52388742520236,14.063417809587728,0.0006812766426010413
131.5238869964376,14.06472741212743,0.0006314267107027456
133.52388661913298,14.06595591457089,0.0006001742457221238
135.52388626832,14.067140503923206,0.0005875142198077563
137.52388592147952,14.068318367148928,0.0005934479481372033
139.52388555646777,14.069526691122999,0.0006179749997272741
141.52388514944195,14.070802662582171,0.0006610954429249489
143.52388467278598,14.07218346807564,0.0007228089519328826
145.52388409303626,14.07370629391432,0.0008031161328101606
147.52388336880773,14.075408326117515,0.0009020141086538148
149.52388244871963,14.077326750357633,0.0010195128466467158
151.5238812693216,14.079498751897162,0.0011555742572543655
153.52387975301988,14.081961515532978,0.001310339457463009
155.5238778060034,14.084752225501816,0.0014832806225212594
157.5238753161662,14.087908068161047,0.0016763702977655674
159.52387203410308,14.091531359816216,0.0019799447812662535
161.5238671344949,14.095958369014385,0.00247931022787255
163.52385923975706,14.101577878960207,0.0031726095594978992
165.5238462768295,14.108778680756036,0.004060753609747445
167.5238252503944,14.117949574873409,0.005141991352322876
169.52379201608935,14.129479367701236,0.006422455836332864
171.52374105368466,14.143756867456103,0.007879400502125147
173.52366524046866,14.161170860161358,0.009597697829330527
175.52355584809143,14.182088735659102,0.011228495660666691
177.5234222508239,14.205205206556608,0.01154115827607711
179.52329582761752,14.227692465864582,0.011013992715853838
181.52317785823752,14.249414887788248,0.01071873524438528
183.52306526141157,14.2706369193038,0.010528988268304543
185.522955154787,14.29162297126434,0.010478610480995524
187.52284474969002,14.312637447181565,0.010558519913931462
189.52273124629622,14.333944739213754,0.010771146254509267
191.5226117286569,14.355809237318446,0.01111583828220478
193.52248305978546,14.378495333018874,0.011592774388572065
195.52234177671633,14.402267424396245,0.01220191423442766
197.52218398555544,14.42738991954225,0.012943279199214477
199.52200525651097,14.454127239025887,0.013816876715535303
201.52180051890562,14.482743816806797,0.014822719366417273
203.52156395617328,14.513504099388319,0.015960820444203137
205.52128890085058,14.546672542902927,0.017231188217432875
207.52096772957924,14.58251360780216,0.018633848239990702
209.52059175813767,14.621291751021756,0.02016875411279415
211.52015113655182,14.663271414721246,0.021836115743284524
213.51963474425386,14.70871701351877,0.023635168378797183
215.5190300855959,14.757892912024278,0.025568760941215306
217.51832318487047,14.811063420250134,0.027626223268312586
219.51749848408056,14.86849270936779,0.029847307397011993
221.51654117168314,14.930366232423665,0.031965282977264406
223.51546585803976,14.995941366476448,0.0334969250751062
225.51431191170875,15.063871137148979,0.03434163110650392
227.5131156070802,15.133036066409753,0.03481900033638346
229.51189020241713,15.203036902278118,0.035173148641811584
231.51064466020094,15.273610392353286,0.03539332750918181
233.50938816732844,15.344493343146981,0.03548245447616892
235.50813003136093,15.415422610482182,0.035439768892741766
237.50687957760377,15.486135066220669,0.03526548095624867
239.5056460459709,15.556367572518313,0.03495952539354263
241.50443848789646,15.625856953853027,0.034521895921978525
243.50326566313555,15.694339970359552,0.03395255518601019
245.5021359364297,15.761553291700595,0.03325146187617611
247.50105717397614,15.827233472134106,0.032418554504773885
249.50003663965677,15.89111692675173,0.031453791953169746
251.49908089096516,15.95293990998362,0.030357010933775203
253.4981956746522,16.012438493823193,0.029128459809121224
255.49738582184375,16.069348555865375,0.027766809686942225
257.4966551432953,16.123405745294438,0.026276586739922655
259.49600632268533,16.174345523767062,0.024640411787124797
261.4954391324578,16.221973648244745,0.023028753989558084
263.49494054851897,16.266628844117662,0.021681879408099097
265.49449392374163,16.308893476965373,0.020633762651338865
267.4940846673271,16.34935157792003,0.019876026724369476
269.4936997660901,16.388587488848074,0.019411065187456725
271.49332727502156,16.427185746873015,0.019238335794768715
273.4929558064555,16.46573099663707,0.019358027989299545
275.49257401901133,16.50480789452651,0.019770083640513466
277.49217010638176,16.54500101787274,0.020474458513558887
279.4917312865318,16.58689476961114,0.021471050581288884
281.49124329170024,16.631073277592474,0.022759715893460868
283.49068985970456,16.67812028468582,0.024340259553848997
285.490052227084,16.728619026854595,0.026212431874757663
287.4893086247053,16.783152096091538,0.028375921684004744
289.4884337765509,16.84230128524048,0.03083034895650294
291.4873984025292,16.906647411755124,0.033575256190569794
293.48616872628133,16.97677011752345,0.03661009880857751
295.4847059891155,17.053247641961264,0.03993423420252046
297.48296597136374,17.136656565708215,0.04354691085930842
299.4808985226475,17.227571522296326,0.047447252453002624
301.4784471027143,17.326564875611503,0.051634256167076446
303.4755483347726,17.434206360209476,0.0561067338711689
305.47213157329367,17.55106268438442,0.06086346169183573
307.4681184888329,17.677697090498924,0.06590255297698847
309.46342266432015,17.814668988556935,0.0712238845642375
311.4579485088443,17.962543007823445,0.0768343499606544
313.4515898406219,18.12189898243613,0.08273994448805881
315.4442299623012,18.293320825624882,0.08894213083220724
317.4357411183838,18.477395357957395,0.09544329218798475
319.4259838377859,18.6747124894496,0.10224578306235603
321.4148062608122,18.885865312410175,0.10935215503836826
323.40204345004,19.111450127924993,0.11676506194132968
325.38751668756146,19.352066390677315,0.12448724970375229
327.37103276075715,19.608316570473296,0.13252152073279133
329.3523832397618,19.88080592358309,0.14087070241536667
331.3313437504243,20.17014216833473,0.14953761149038394
333.30767324741925,20.47693505864364,0.15852501630029994
335.28111329303744,20.801795849173264,0.16783559622314634
337.2513873481406,21.145336645754732,0.17747189817426523
339.21820008279474,21.50816963471766,0.18743629061778055
341.1812367150915,21.890906185335144,0.1977309129609532
343.1401623880687,22.294155818807837,0.20835762813426137
345.0946215946586,22.71852504238864,0.21931794945972627
347.0442376659179,23.164616030940547,0.2306130498588807
348.9886123232096,23.6330252035725,0.242243451162585
350.92732535441627,24.12434150533522,0.2542098971508942
352.85993425920293,24.639145090266968,0.2665097885711756
354.78597450461115,25.178003846190553,0.2791502287749978
356.70495816836313,25.74147697267433,0.29209852171048695
358.616534448079,26.329588727501914,0.30463378963562854
360.5209567225005,26.940469950399425,0.31597615487379804
362.4186941294111,27.571811868657644,0.3261553667040221
364.31028814133236,28.22132866909819,0.33516240862607755
366.19634431248755,28.886754925936646,0.34300127933184527
368.07752289645697,29.565847805425335,0.34967395145131114
369.9545302883053,30.256386189507328,0.3551837111643452
371.8281107979749,30.956169073223258,0.3595337192199167
373.6990388582423,31.6630129046211,0.36272683657162114
375.5681116053264,32.37474815801894,0.3647656353014281
377.4361416900563,33.08921551873685,0.36565087668984814
379.3039505526499,33.80426100157849,0.36538636307325834
381.1723608630809,34.517733471379074,0.3639603651621008
383.04219262160836,35.22747218770389,0.3614144600830752
384.9142454103434,35.93133212053998,0.3575877337826147
386.78918605506266,36.62746224264952,0.35373878518153995
388.6660103751123,37.31849807008587,0.352375590734898
390.54269845354344,38.00990379475733,0.3540840945592242
392.41718698629046,38.70725075322208,0.3587192046356734
394.2873673031838,39.41607054550898,0.3663566387398673
396.1510215279059,40.141876118284614,0.3768336997018072
398.0063166613452,40.888789035295176,0.3885758456162686
399.85281610718783,41.65719011809375,0.40009703111636147
401.6903730992391,42.44673696540547,0.4115224418504428
403.51884302818695,43.25710592083206,0.422819367770755
405.3380905086291,44.08797215239003,0.4339983846681376
407.14798701482823,44.939015492678216,0.44505862290245923
408.9484110747458,45.80991924719209,0.45600243506357846
410.7392477680412,46.70037087651669,0.4668314489482183
412.5203884151143,47.61006213109933,0.4775476166048289
414.29173021608113,48.53868930250584,0.4881529225367996
416.05317590721285,49.48595341053386,0.4986494526489095
417.80463341730206,50.45156037785741,0.5090393668313613
419.54601552975026,51.43522117969183,0.519324898030145
421.277239549541,52.43665197375054,0.5295083447727839
422.99822697596176,53.455574210785095,0.5395920660328271
424.7089031813247,54.49171472735067,0.5495784760170592
426.409197095988,55.54480582199792,0.5594700395841763
428.0990408998169,56.614585316222566,0.569269267846763
429.77836972029,57.70079660116817,0.5789787149656198
431.4471213368374,58.80318867202008,0.5886009725506768
433.1052358930254,59.921516148199785,0.5981386747242301
434.7526556100773,61.05553929189236,0.6075944659396744
436.3893245260694,62.20502398193208,0.6169711071848651
438.01518816715594,63.36974181168268,0.6262710755300738
439.6302009302021,64.54945953416635,0.6354766028988992
441.2343592795041,65.74389502450065,0.644558272767575
442.8276793628238,66.95275036497394,0.6535153500346339
444.4101845086201,68.17572934087612,0.6623469922736722
445.98190502662226,69.41253761740869,0.6710526430925066
447.54287792235425,70.66288305338206,0.6796318329247419
449.09314663743885,71.9264759441619,0.6880842241650301
450.63276078260236,73.2030292568842,0.6964095906964523
452.16177587391695,74.49225884134675,0.7046078149817626
453.6802530707855,75.79388362181959,0.7126788804612042
455.18825891733326,77.1076257691481,0.7206228652600067
456.6858650878919,78.43321085418275,0.728439935629099
458.1731481374142,79.77036798317383,0.7361303395728973
459.650189257502,81.11882991591757,0.7436944005654742
461.1170740386686,82.47833316742704,0.7511325114085824
462.57389223936525,83.84861809393077,0.7584451282196466
464.0207375622511,85.22942896398055,0.765632764629116
465.4577074380264,86.62051401554352,0.7726959859508441
466.88490281742406,88.02162549959316,0.7796354042407995
468.30242797060396,89.43251971203927,0.7864516708867134
469.71039029799584,90.85295701079559,0.7931454791879683
471.10890013834506,92.28270183362703,0.7997175307525933
472.49807062809083,93.7215226616478,0.806168636962982
473.8780174096813,95.16919213852398,0.8124993200562955
475.2488589460883,96.62548656294324,0.8187112760447959
476.6106905724903,98.09020998944797,0.8248603737737513
477.9634689703941,99.56329878158105,0.8310386424160572
479.3070995228678,101.04473624273298,0.8372452666097605
480.6414881850564,102.53450364015937,0.8434804436777348
481.96654098079694,104.03258077077031,0.8497436324046593
483.28216423145403,105.53894575331499,0.8560344678734234
484.5882645548277,107.05357506205293,0.8623525163565632
485.8847489268338,108.57644349710075,0.8686973409211882
487.17152472739474,110.10752417328099,0.875068483844457
488.4484997915334,111.6467885056078,0.8814654713346006
489.7155824599825,113.194206197336,0.8878878123074733
490.9726816307607,114.74974522905096,0.8943349987815582
492.21970681125543,116.3133718492706,0.9008065058754676
493.4565681708485,117.88505056650094,0.9073017919201408
494.68317659403,119.46474414279463,0.9138202986518725
495.89944373378165,121.0524135889562,0.9203614511147724
497.10528206576254,122.64801816103001,0.9269246587866555
498.30060494094187,124.25151535964677,0.9335093122784196
499.4853266451741,125.86286092649236,0.9401147965514512
500.6593624334197,127.48200885963158,0.9467404431727674
501.82262865978,129.10891136605736,0.9533857076615408
502.9750425463369,130.74351905923257,0.9600495182239481
504.11652331502006,132.3857802403193,0.9667326674524327
505.24698816632525,134.03564365174313,0.9734290619149875
506.36636430748837,135.69305042316486,0.9801652804942776
507.4744129684507,137.35805146162232,0.9870983441946952
508.5706260411081,139.03086855445275,0.9943466082263944
509.65443418405954,140.71174932302702,1.0018953096056586
510.7252623702334,142.4009287781246,1.009753110985378
511.7825206126499,144.09863466560824,1.0179223845172631
512.8256058854098,145.80508519191753,1.0264073844479311
513.8539010004705,147.52048877615368,1.0352120148003119
514.8667744101318,149.24504314318193,1.0443403835049896
515.8635798484279,150.97893449804565,1.0537966061891073
516.8436561234113,152.72233657576535,1.0635848069333234
517.8063269872796,154.47540962267777,1.073709061941249
518.75090111877,156.23829929412042,1.0841733537928737
519.6766722239048,158.01113547407064,1.0949815179220084
520.5829192699318,159.7940310180926,1.10613718588114
521.4689068664912,161.5870804235645,1.117643724437841
522.3338858068468,163.39035843317382,1.1295041691188603
523.177093791272,165.2039185763682,1.1417211583518792
523.9977563211816,167.02779166739057,1.1542968454596276
524.7950878782109,168.8619842361237,1.1672328738565119
525.5682930326793,170.70647703691264,1.1805300983247413
526.3165688738078,172.56122316244208,1.194189243187322
527.039103638158,174.42614760436774,1.2082080184048147
527.7350906611796,176.30114149885958,1.2225916109807329
528.4036902454484,178.18607502243756,1.2373046265251098
529.0444352859093,180.08065791521005,1.2519765910178395
529.6577361973744,181.98430239198004,1.2662041280788523
530.2442768271287,183.8963614063891,1.2800271518735982
530.8047356029914,185.8162275138135,1.2934296256364186
531.3398166947276,187.74332068682932,1.3064138110004968
531.8502374899058,189.6770917615474,1.318978323824628
532.336728280568,191.61702132561197,1.331123873621368
532.8000290049389,193.56261956151604,1.3428515875509024
533.2408870853125,195.5134256141314,1.3541633254323058
533.6600552837814,197.46900689945141,1.3650614670180556
534.0582898593378,199.42895827587887,1.3755488468605315
534.4363489422788,201.39290112914816,1.3856286564842897
534.7949911377148,203.36048238427136,1.3953043624111778
535.1349743422562,205.33137346504176,1.4045796271280941
535.4570547641645,207.30526921675454,1.413458236432003
535.7619861345171,209.2818868062936,1.4219440318594794
536.050519098393,211.2609646113421,1.430040848845388
536.3234007708274,213.24226110893315,1.4377524578989853
536.5813744585045,215.22555377035232,1.4450825166907708
536.8251794891202,217.21063797294963,1.4520345036329247
537.0555513147228,219.1973259184318,1.458611734271764
537.2732212159855,221.18544561907495,1.464817104791924
537.4789180879314,223.17483973737663,1.4706537996163658
537.6733629662192,225.16536509376854,1.4761226584246872
537.8572840197683,227.15689045235655,1.4812470041197583
538.0312124591883,229.14931334458083,1.4861727439835368
538.1954614454128,231.1425575068403,1.4909617453189217
538.3503091654227,233.1365540545459,1.4956037513983285
538.4960442241562,235.13123731659167,1.5001001058585683
538.632955904616,237.1265456171154,1.5044490660777063
538.7613365474938,239.1224209701755,1.508649821342022
538.881480645808,241.1188090601993,1.5127014158151286
538.9936848372258,243.11565913613495,1.5166030316320973
539.0982476663447,245.1129239203321,1.5203539086788374
539.1954694206393,247.11055950562667,1.523953361488695
539.2856519583644,249.10852524841988,1.527400770205269
539.3690985502728,251.1067836562902,1.530695578544036
539.4461137291221,253.10530027113515,1.5338372899591242
539.5170031483843,255.1040435481517,1.536825464392133
539.5820734494881,257.1029847311189,1.539659714969751
539.6416321375958,259.10209772437275,1.5423397048782987
539.6959874650704,261.10135896186017,1.5448651442146701
539.7454483243309,263.1007472735969,1.5472357874546603
539.7903241422938,265.100243749961,1.5494514291930954
539.8309248038888,267.09983160373906,1.5515119071022931
539.8675605004063,269.0994960316576,1.5534170781537375
539.9005418897003,271.0992240702418,1.555166897035161
539.9301791227127,273.09900446645156,1.5567611078050008
539.956785052759,275.0988274888632,1.558200564084733
539.9806470007914,277.09868513985145,1.5595159144949784
540.0019496454796,279.09857168402107,1.560761990342138
540.0208315901456,281.0984825506803,1.561936689193162
540.037434402409,283.09841363592085,1.5630412367548034
540.0518985994927,285.09836133206016,1.5640753738859876
540.0643648515427,287.09832247982695,1.5650392366077728
540.0749736644184,289.0982943429453,1.5659328517127198
540.0838654701834,291.09827457684156,1.5667562717031316
540.0911806091942,293.0982611990377,1.567509538354641
540.0970593418832,295.09825255920424,1.5681926922393177
540.1016418532072,297.09824730940704,1.56880576995057
540.1050682596249,299.0982443744029,1.5693488046449104
540.1074786159019,301.0982429220112,1.5698218257164953
540.1090129224128,303.0982423335494,1.5702248587218277
540.1098111327252,305.09824217432566,1.57055792526542
540.1100131613847,307.0982421641818,1.5708210428904816
540.1097588921965,309.09824214807753,1.5710142250817978
540.1091881856432,311.0982420667096,1.5711374809110883
540.1084408903332,313.09824192715325,1.5711908160934167
540.1076568400159,315.0982417735329,1.5711742288638144
540.1069759048736,317.09824165765303,1.5710877251913458
540.1065378404352,319.0982416098035,1.5709312621827642
540.1064828918898,321.09824160890366,1.5707049585251007
540.1069495787216,323.09824155505447,1.5704083119352752
540.1080809505847,325.0982412344122,1.5700476372509786
540.109952526869,327.09824035836033,1.569675248474223
540.1125534048053,329.0982386674766,1.5693187285118113
540.1158551604782,331.09823594197115,1.5689743158287677
540.1198325688641,333.09823198706454,1.5686430906645434
540.1244595166011,335.0982266348843,1.5683247720347269
540.1297101120582,337.09821974269,1.5680194430797694
540.1355583890638,339.09821119208567,1.5677270887924841
540.1419783874716,341.09820088796585,1.567447719882094
540.1489441327489,343.09818875752825,1.567181339588049
540.156429642613,345.09817474926575,1.5669279525744129
540.1644089264155,347.09815883196103,1.5666875625490178
540.1728559864604,349.09814099367685,1.5664601729042185
540.1817448187999,351.0981212407455,1.5662457865462158
540.1910494141674,353.09809959675613,1.5660444059455134
540.2007437588503,355.09807610154013,1.5658560331192461
540.2108018356383,357.0980508101549,1.5656806696564372
540.221197624512,359.09802379186783,1.5655183166479572
540.2319051042625,361.09799512913355,1.5653689749486768
540.2428982506278,363.09796491659125,1.5652326442080569
540.2541510474088,365.0979332599826,1.5651093264917548
540.2656374491276,367.09790027536025,1.564999012783108
540.2773315245281,369.0978660872124,1.5649017333035085
540.2892069250757,371.09783083062956,1.564817370060136
540.3012388551367,373.0977946384909,1.5647463939967345
540.313383865549,375.09775776272454,1.5647151264663242
540.3254960379719,377.09772108638305,1.5647816856028642
540.3373775076991,379.0976857938513,1.5649457867660983
540.3488324094011,381.0976529900037,1.5652082719785725
540.3596641939064,383.0976236580252,1.5655689107466866
540.3696764943965,385.09759859645374,1.5660277696508358
540.3786728744393,387.09757836277174,1.5665848453123672
540.3864568765191,389.0975632151817,1.567240162439904
540.3928319907152,391.09755305478177,1.5679937472592715
540.3976016456901,393.0975473675231,1.5688456342620527
540.4005691947367,395.0975451660907,1.5697958639749017
540.4015379043443,397.09754493164843,1.5708444830753039
540.4003109434288,399.0975445554458,1.5719915438236827
540.3966913738859,401.0975412802718,1.5732371036218917
540.3904821424128,403.0975316417475,1.5745812244713282
540.3814860738793,405.09751140945315,1.5760239724297742
540.3695058659142,407.097475527877,1.5775654169021993
540.3543440864897,409.0974180572282,1.5792056303109352
540.3358031684634,411.0973321139597,1.5809446861309484
540.3136854241892,413.0972098116054,1.5827826628213453
540.2877929945756,415.09704219972406,1.5847196254116647
540.2579280526267,417.0968192092504,1.5867556907907534
540.2238920681524,419.0965295733789,1.5888907779030783
540.1854885857138,421.09616083927386,1.5911255447360049
540.1425207178426,423.09569921431273,1.5934405982063136
540.0949319224825,425.0951329613628,1.5957392932880974
540.0427865945193,427.0944530616891,1.5979983299578
539.986161710801,429.09365130560553,1.6002205186127534
539.9251321491233,431.09271993632126,1.6024048777820874
539.8597737805843,433.0916517212387,1.6045514657086875
539.7901626157719,435.09043992493633,1.6066600729359912
539.7163750081868,437.0890783080839,1.60873057292255
539.6384875755311,439.087561119051,1.6107628278553636
539.5565771967492,441.08588308710705,1.612756713788754
539.4707209892047,443.08403941485176,1.6147121137656475
539.3809962915503,445.08202577052157,1.6166289195255028
539.2874806454693,447.07983828001835,1.6185070309071827
539.1902517781009,449.07747351871393,1.6203463558603453
539.0893875847424,451.07492850303794,1.6221468103148569
538.9849661116697,453.072200681845,1.6239083179983953
538.8770655401327,455.0692879276437,1.6256308105925439
538.7657641674648,457.06618852743117,1.6273142265830465
538.6511404005273,459.06290117415386,1.628958514950447
538.5332727046173,461.0594249550333,1.6305636209894074
538.4122397203228,463.0557593508647,1.6321295378361922
538.2881197543198,465.0519041936277,1.6336561174167066
538.1609926117446,467.0478597792844,1.6351437579906767
538.0309326761957,469.0436263998311,1.6365909148683542
537.8980335794822,471.03920596999984,1.6380055754640808
537.762211875309,473.03458878192174,1.6395721834096149
537.6228620427567,475.02972827418404,1.6415500813143005
537.4791739118186,477.0245600367645,1.6439209485736315
537.3303575923907,479.0190157823806,1.6466922741995258
537.1756166081834,481.0130206123246,1.649862845556434
537.0141550905247,483.0064925119529,1.6534340978696642
536.8451753594288,484.9993412000916,1.6574070592375267
536.6678781881396,486.9914671401858,1.6617831326070316
536.4814624348244,488.9827604936207,1.6665638512969443
536.2851249493718,490.9731000744573,1.6717509040026495
536.0780605210559,492.96235229039104,1.6773460837136853
535.859461942235,494.9503700759786,1.6833512523573462
535.6285201800983,496.93699181967924,1.689768296457081
535.3844246713427,498.922040288862,1.6965990801540412
535.1263637487997,500.9053215577471,1.7038453936952362
534.8535252107447,502.88662394471976,1.7115088977260942
534.5650970432309,504.8657169668118,1.7195910632011413
534.2602683052113,506.8423503209485,1.7280931068963081
533.9382301873246,508.81625290228453,1.7370159227146993
533.5981772483073,510.78713187505025,1.7463600084329611
533.2393088547412,512.754671800379,1.7561253901687275
532.8608307630475,514.718533874606,1.7663115369990692
532.4619570987946,516.678355156818,1.7769172981033283
532.0419118000132,518.6337483235928,1.7879407356511963
531.5999997643745,520.584315439914,1.799221839025783
531.1363473455194,522.5298299553145,1.8102265885790834
530.6516247520714,524.4702020119255,1.8209103334679915
530.1465118517486,526.4053663094014,1.831271329395836
529.6216883483982,528.3352782696752,1.841308721665306
529.077832145718,530.2599133922469,1.8510220395691297
528.5156183467419,532.1792663022012,1.860411266535636
527.935718261646,534.0933498602267,1.869476758364684
527.3387985847337,536.0021942485954,1.8782192037010443
526.7255206903127,537.9058460669505,1.8866395754371543
526.0965400527533,539.8043674383205,1.894739086964965
525.4525057806696,541.6978351333123,1.9025191497722496
524.7940602589838,543.5863397171227,1.9099813334404399
524.1218388914871,545.4699847236484,1.917127327827961
523.4364699369522,547.3488858599968,1.923958907530707
522.7385744316026,549.2231702437876,1.9304778985098374
522.0287661922937,551.0929756754748,1.9366861470551697
521.3076518902277,552.9584499452234,1.9425854902753532
520.5758312034808,554.8197501810096,1.9481777304426304
519.8338969893216,556.6770422153895,1.9534646052625457
519.0824356706537,558.5305000553064,1.9584477784509535
518.3220270862652,560.3803051379059,1.9631287772152584
517.553246585103,562.2266465529492,1.967509080984147
516.7766589628144,564.069717818514,1.9715898568209496
515.9928425914337,565.9097264817076,1.9753734806643009
515.2022215933864,567.7468216980683,1.9790584662930848
514.4045917750348,569.5808845505505,1.9830317728348883
513.599421702151,571.4116497637825,1.9872866512763256
512.786205032941,573.2388549182587,1.9918313849538154
511.964429357805,575.0622267396349,1.9966648881749098
511.13358626095896,576.8814847746698,2.001788551608749
510.2931690144884,578.6963398388849,2.007203074601308
509.44267367184113,580.5064938990766,2.012909280591329
508.581599309475,582.3116395966307,2.018907873034235
507.7094485660678,584.1114598997648,2.0251994710406738
506.82572817240714,585.905627758019,2.0317845688635336
505.92994955706604,587.6938057983991,2.038663513890906
505.0216295070226,589.4756460583218,2.045836478013158
504.1002908903866,591.2507897628552,2.053303429137729
503.1654634402352,593.0188671508217,2.0610641011681357
502.2166846001836,594.779497355566,2.0691179630318164
501.2535004305735,596.5322883458493,2.0774641868690997
500.27546657559833,598.2768369338913,2.0861016153021406
499.28214928324735,600.0127288527214,2.0950287291830025
498.2731264973144,601.7395389235068,2.104243611702164
497.2479889342444,603.4568312644468,2.11374392557481
496.20634145026145,605.1641597501317,2.1235268421965507
495.1478035333262,606.8610679686537,2.133589154870615
494.07201324016256,608.5470915118174,2.1439266953824188
492.9786187209156,610.2217522387994,2.1545354981848117
491.867341860788,611.8846002847694,2.1653381571108565
490.7380966238314,613.5352988051025,2.1762194521511113
489.5908866499893,615.173562978991,2.1871882109063816
488.4257038224682,616.7990934565548,2.1982466840156425
487.24254072436753,618.4115839042992,2.2094002655977474
486.0413875038696,620.0107184646644,2.2206534501198174
484.82223330960664,621.5961721770267,2.232010899929756
483.58506651179636,623.1676106133018,2.2434771600509853
482.32987527279266,624.72468974195,2.2550567287827916
481.0566480465256,626.267055748989,2.2667540333597107
479.76537412218056,627.7943448920602,2.278573429299047
478.4560441825543,629.3061833699865,2.2905191922189427
477.12865088652916,630.802187215832,2.302595510271687
475.78318947440454,632.2819622148688,2.314806475012178
474.4196583974775,633.7451038508785,2.3271560712474004
473.03805997242245,635.1911972841252,2.3396481656130304
471.6384010605566,636.6198173640511,2.3522864941928074
470.2206937734131,638.0305286823063,2.3650746479822606
468.7849561996451,639.4228856630914,2.3780160606676493
467.33121317069356,640.7964327208671,2.3911139815602858
465.85949699770634,642.1507043933485,2.4043714991559395
464.3698484263405,643.4852258127039,2.4177913663403494
462.86231688526044,644.7995121855848,2.4313765713878532
461.3369634598675,646.0930722519215,2.4451280856694595
459.7938640169581,647.36540980545,2.459004007943368
458.2333782505179,648.6163633158707,2.4726455422893645
456.65616680962444,649.8461616811414,2.4859702921460585
455.06290171413116,651.055089466182,2.498976228291956
453.4542395647322,652.2434522576236,2.5116602020178784
451.8308230304424,653.4115784518889,2.5240203465832827
450.1932792068624,654.5598163589913,2.5360553549041724
448.5422190475442,655.6885326366335,2.547764594340018
446.87823672666116,656.7981104582482,2.559147997748748
445.201909223244,657.8889478563484,2.5702060152591972
443.513796032786,658.9614561334064,2.5809395514749585
441.814439014919,660.0160583770663,2.5913499087774365
440.10436235841325,661.0531880753479,2.601438731663896
438.3840726525215,662.0732878363981,2.6112079538229067
436.65405905226635,663.076808213209,2.620659747673656
434.9147935262946,664.0642066329495,2.629796476774889
433.16673117711474,665.0359464306331,2.638620650338132
431.41031062213705,665.9924959813837,2.64713488279218
429.64595443303216,666.9343279423999,2.655341847068315
427.8740696010658,667.8619185504,2.6632442644756
426.09504811074635,668.7757471604083,2.670844767308738
424.3092672830177,669.6762953205238,2.6781462577648623
422.5170911131795,670.5640479781491,2.685150388624895
420.7188680399772,671.4394871873334,2.691863195667508
418.91494167320747,672.3031132246986,2.6982763992939502
417.1055935767082,673.1553219736978,2.704533597562022
415.2909462161919,673.9961875447001,2.710814749405471
413.47104013045964,674.8256102257833,2.717123456337874
411.6459263587036,675.6435098378037,2.7234609462519277
409.8156542406073,676.4498001397463,2.729826942022053
407.98027507686425,677.2443965060595,2.736221527224653
406.13984116942186,678.0272139104,2.7426446801546795
404.2944061000903,678.7981675103119,2.74909638992415
402.44402467638196,679.5571725358726,2.755576626992368
400.58875296577213,680.3041443662637,2.7620853501925664
398.728648305419,681.0389985572999,2.7686225045827135
396.86376931756155,681.761650883416,2.775188021619742
394.9941759224477,682.4720173770856,2.7817818187424828
393.11992935090757,683.1700143702016,2.7884037991306463
391.2410921559747,683.8555585362565,2.79505385135783
389.3577282235687,684.5285669333233,2.801731849332122
387.4699027825041,685.1889570489014,2.8084376512250047
385.5776824124771,685.8366468422357,2.8151711022031107
383.68113505488236,686.4715548004649,2.821932023008967
381.78033000811877,687.0935999473991,2.8287202513808896
379.8753379756391,687.7027020332622,2.8355354864152162
377.9662309116787,688.298781052672,2.842377867889719
376.05308261692306,688.8817592750096,2.8492458150960207
374.135966541314,689.451553942283,2.8561439033214118
372.21496690463147,690.0081149264482,2.863019792932247
370.2902296548192,690.5516097839286,2.8697136424956446
368.3619512443497,691.0824038263223,2.8762073654014864
366.4303184948047,691.6008582009171,2.882500494332412
364.49551211533804,692.1073404520181,2.888593190665928
362.5577053751326,692.6022192699527,2.894485563528331
360.6170646730775,693.0858654964184,2.9001778383148618
358.6737496151402,693.558651489426,2.905670296806668
356.7279132377331,694.0209509631633,2.9109632791683535
354.77970220413323,694.4731387349649,2.9160571699509985
352.8292570185728,694.9155905305332,2.9209523889180415
350.87671224446325,695.3486828057727,2.9256493811786575
348.9221967289633,695.7727925952886,2.9301486080155073
346.96583383197344,696.1882973833843,2.9344505383086354
345.0077416590946,696.5955749983708,2.938555639552043
343.0480332970752,696.995003525175,2.94246437253024
341.0868170534939,697.3869612494569,2.9461771742981826
339.12419669119237,697.7718265794878,2.949694486897389
337.16027169019094,698.1499781411984,2.9530166168131773
335.1951374130229,698.5217943139309,2.9561442295419753
333.22888563387966,698.8876549306751,2.9590764702879917
331.2616037149931,699.2479349906727,2.961817962650978
329.2933788260406,699.6030282116523,2.964352627139661
327.32429297570206,699.953313807898,2.966531204879539
325.35484987943704,700.3015871361147,2.9662511077991116
323.38563045378214,700.6511222764515,2.9656474310408987
321.4165773061228,701.0015929742179,2.9652854676378944
319.44760920120837,701.3525411253028,2.965166580285416
317.47864004758884,701.7034833934547,2.9652903293915687
315.5095849873951,702.0539433386713,2.9656567874998467
313.54035919450234,702.4034426663784,2.966265922797937
311.5708786268661,702.7515034327961,2.967117761650793
309.6010602560694,703.0976473184609,2.968212343535146
307.63082243840034,703.4413956935321,2.9695497301628913
305.66008525005003,703.7822694796196,2.9711299991276623
303.6887708343123,704.1197890758558,2.9729532418311178
301.71680374904076,704.4534742841884,2.975019555459417
299.7441113155338,704.7828442369254,2.9773290503910452
297.7706239776282,705.1074173901898,2.979881797651122
295.7962756360308,705.4267113365372,2.982677996561511
293.82100408983325,705.7402433711305,2.9857173174856677
291.84475109263354,706.0475283312234,2.989001318978133
289.86746386178294,706.3480867100322,2.992524392294809
287.8890917536848,706.6414184752522,2.99629223660123
285.90962766573927,706.9272890180004,3.000015784430033
283.9291386081662,707.2059700421158,3.003544050288377
281.9477055561828,707.4778579740392,3.006876753388121
279.9654032806121,707.7433343280421,3.010013572822035
277.98230343202175,708.0027856521423,3.01295452858184
275.9984739695096,708.256597916829,3.015699588452468
274.01397958913304,708.5051578808416,3.0182487681686494
272.0288818878956,708.7488526048484,3.020602097626469
270.04323960142233,708.9880694776665,3.0227596239850207
268.05710882421437,709.2231961202617,3.0247214052200153
266.0705432364548,709.4546203364531,3.0264875067226567
264.0835943305675,709.6827300638881,3.0280579975401727
262.09631163902964,709.9079133365365,3.029432947180599
260.10874296277177,710.1305582545339,3.0306124227025975
258.12093460011226,710.3510529611842,3.0315964862848923
256.13293157610946,710.5697856264088,3.032385192757174
254.14477787204612,710.787144434053,3.032978588979886
252.15651665566168,711.0035175784604,3.033376708016242
250.16819050946137,711.2192932456492,3.0335795844476316
248.1798416667847,711.4348596666638,3.0335871924132447
246.19151221930042,711.6506049120304,3.0333996739518843
244.2032444312751,711.8669176577048,3.0330164847868346
242.2150806556584,712.0841843290372,3.032439584874017
240.2270647238554,712.3027996480209,3.031661922357682
238.23923632089696,712.5231135295779,3.0307506365193317
236.25160835285,712.7452285480456,3.029870812511569
234.26417092306636,712.969041986353,3.0290386045323405
232.27691513371607,713.1944625499796,3.028254250657052
230.28983131710768,713.4213940486597,3.027517703238011
228.3029097298921,713.6497416054112,3.0268289887526127
226.31614038460606,713.8794099939622,3.0261881127664463
224.32951311235317,714.1103040850628,3.0255950852073856
222.34301756354446,714.3423287274868,3.0250499137471545
220.3566432252267,714.5753887802764,3.024552605644215
218.37037943395694,714.8093891042506,3.024103167330964
216.3842153898624,715.0442345642343,3.023701604592827
214.39814017037352,715.2798300282398,3.0233479225850237
212.41214274403566,715.5160803673016,3.02304212588653
210.4262119842937,715.7528904550056,3.0227842185283937
208.44033668327285,715.9901651669398,3.02257420406164
206.4545055655703,716.227809380194,3.0224120854560486
204.4687073019787,716.465727972249,3.0222978656093185
202.48293052344982,716.7038258218582,3.0222315455485536
200.49716383414957,716.9420078022498,3.022213131220204
198.5113958278945,717.1801788028149,3.0222426082107954
196.5256150919655,717.4182436443575,3.022320036097095
194.53981025804086,717.6561073916095,3.0224451964093277
192.55396987725018,717.8936741828702,3.0226189061306337
190.56808277714737,718.1308501310982,3.0228437622077826
188.5821289121746,718.3674663745561,3.023194397493557
186.59607435134146,718.6032359284341,3.0236974474786815
184.60988352892537,718.8378548075923,3.0243528358736347
182.6235216090653,719.0710206808048,3.025160557940281
180.63695437773745,719.3024307866662,3.0261205445663877
178.65014843886368,719.5317823977258,3.0272328225189793
176.66307138306829,719.7587730999982,3.0284970306494445
174.67569176075594,719.9830992678308,3.0299141886383967
172.6879798134663,720.2044614892002,3.031481906364238
170.69990278578712,720.4225205123724,3.033245842023914
168.71142009483083,720.6368487345402,3.035237381221817
166.7224904654807,720.846989011087,3.037456957062059
164.73307586841477,721.0524873422704,3.0399047963904695
162.74314129873363,721.252887973534,3.0425811004964696
160.75265523411065,721.4477346588344,3.0454861126315125
158.76158990895735,721.6365702354923,3.0486200978300646
156.76992164392522,721.8189366977109,3.0519833180491416
154.77763115851187,721.99437507218,3.0555761079830916
152.78470391624336,722.162425704267,3.05939854980651
150.79113037605833,722.3226272271841,3.063451647614447
148.79690660455051,722.4745205264911,3.067732902222844
146.8020335619009,722.617634293177,3.0722523395956145
144.80652255660826,722.7515579476619,3.0769150614419405
142.81041404943574,722.8762615433033,3.0814572072538504
140.8137687047724,722.9920514412039,3.0858492687367076
138.81664204786557,723.0992201466802,3.0900906033787745
136.81908628971846,723.1980684192457,3.0941810407290347
134.82114976149884,723.2888958737451,3.09812034372379
132.8228772209133,723.3720033267145,3.101908354212317
130.8243099290935,723.4476920103045,3.1055449465766314
128.8254857925201,723.5162636393836,3.109030035401367
126.82643949054086,723.5780202635464,3.112363568179547
124.82720260927931,723.6332641897819,3.115545522396171
122.82780377591942,723.6822978987544,3.118575901593591
120.82826879457502,723.725423974825,3.1214547319264385
118.82862078305872,723.7629450438995,3.124182058792933
116.82888031041396,723.7951637201437,3.126757943658763
114.82906553496223,723.8223825607354,3.1291824610457253
112.82919234268718,723.8449040283166,3.131455695693501
110.8292744857891,723.8630304606734,3.1335777398911437
108.8293237212763,723.8770640472007,3.135548690984834
106.82934994947952,723.8873068117,3.137368649053024
104.82936135240023,723.8940606010624,3.1390377147567117
102.82936453182208,723.8976270793914,3.1405559873566107
100.82936464713563,723.8983077271146,-3.1412617442755493
98.82936555284358,723.8964038446425,-3.1400447745839384
96.82936993572837,723.8922165601365,-3.1389783258813124
94.82937945168014,723.8860468409406,-3.1380623209391807
92.8293948621942,723.8781955082501,-3.137296691316447
90.82941617055903,723.8689632545726,-3.136681378331802
88.82944275776568,723.8586506635893,-3.136216333911313
86.8294735181767,723.8475582318414,-3.135901521139299
84.82950699500026,723.83598639238,-3.135736915150982
82.82954151562221,723.8242355378518,-3.135722501985494
80.82957532683972,723.8126060504331,-3.1358582843019445
78.82960673009508,723.8013983090113,-3.136144260674507
76.82963421660865,723.7909127818826,-3.1365805029456246
74.82965660306176,723.7814497996991,-3.1371668660774183
72.82967316566996,723.7733105162132,-3.1379040716270503
70.8296837809437,723.7667934392512,-3.1387896538929607
68.82968904313051,723.7622070536987,-3.13983153087013
66.82969049968453,723.759796396697,-3.140947422142011
64.82969050566719,723.7596029643757,3.14114767168298
62.829691462033495,723.7615575403369,3.140087604000925
60.829695552252744,723.7656026952105,3.139057704243288
58.82970477754958,723.7716772947323,3.138057991764272
56.8297209533895,723.7797211502887,3.1370884826020755
54.82974571718524,723.7896737758931,3.1361491931184036
52.82978053302258,723.8014747240766,3.1352401382317625
50.82982669720784,723.8150634986035,3.1343613321465615
48.82988534361726,723.8303795804354,3.133512788158291
46.829957449119675,723.8473624232233,3.1326945187662854
44.8300438389982,723.8659514568369,3.131906535687045
42.8301451923899,723.886086088622,3.131148849896929
40.830262047736134,723.9077057051471,3.130421471664174
38.830394808244954,723.9307496737077,3.1297244105817286
36.830543747363485,723.9551573437863,3.1290576756002917
34.830709014260066,723.9808680484186,3.12842127505668
32.83089063931504,724.0078211054877,3.1278152167048257
30.83108853961933,724.0359558189382,3.127239507742248
28.83130252448032,724.0652114799224,3.126694154837125
26.83153230093464,724.0955273678768,3.1261791641535166
24.83177747926605,724.1268427515347,3.125694541374868
22.8320375785291,724.1590968898768,3.125240291727281
20.83231203207783,724.1922290330247,3.124816419999928
18.832600193098422,724.2261784230795,3.1244229305658164
16.832901340145586,724.2608842949111,3.1240598273998947
14.833214682682899,724.2962858768982,3.123727114096464
12.833539366625736,724.3323223916249,3.1234247938856514
10.833874479886534,724.3689330565386,3.1231528696471385
8.834219057923168,724.4060570845695,3.1229113439240446
6.834572089288996,724.4436336847169,3.1227002189356163
4.834932521184921,724.4816020626065,3.1225194965859115
2.835299265011828,724.5199014210206,3.1223691784753624
0.835671201925794,724.5584709604057,3.122249265907394
-1.1639528116063511,724.5972498793616,3.1221597598950557
-3.1635739382513703,724.6361773751149,3.12210066116692
-5.1631933542520745,724.675192643977,3.122071970172043
-7.162812243869996,724.7142348818033,3.122073687074923
-9.162431793828492,724.7532432844148,3.1221058117876272
-11.162053187753752,724.792157048141,3.1221683438534398
-13.16167760062339,724.8309153699004,3.1222612828798115
-15.161306193184483,724.8694574490231,3.1223846269159354
-17.160940106491843,724.9077224825998,3.122538378488684
-19.160580455998847,724.9456496850464,3.122722522066904
-21.160228327320546,724.9831782173179,3.122937108104575
-23.15988476576041,725.0202474535282,3.123181939470725
-25.159550789057107,725.0567959916672,3.1234577267905577
-27.159227290495107,725.0927666406528,3.1237571893717613
-29.15891446980208,725.1281387486406,3.1240524648041594
-31.158611853387274,725.1629291738832,3.1243393434624513
-33.15831899351903,725.1971542207698,3.1246178252202816
-35.158035445301735,725.2308308065266,3.124887911146002
-37.15776078074199,725.2639756826222,3.1251496018763754
-39.157494584440876,725.2966056434126,3.1254028981671147
-41.15723645420959,725.3287374702543,3.1256478007173687
-43.15698600036658,725.3603879465045,3.1258843102209095
-45.15674284538698,725.3915738535284,3.126112427350912
-47.15650662345884,725.4223119717976,3.1263321527626045
-49.15627698006414,725.4526190806299,3.1265434870921243
-51.156053571553365,725.4825119582922,3.1267464309554
-53.15583606472177,725.5120073820107,3.1269409849476566
-55.15562413638566,725.5411221280079,3.1271271496431
-57.1554174729584,725.5698729715343,3.1273049255935126
-59.15521577002661,725.5982766869034,3.1274743133284275
-61.15501873192736,725.6263500475293,3.127635313353497
-63.154826071324266,725.6541098259636,3.127787926151555
-65.15463750878399,725.6815727939355,3.1279321521800063
-67.15445277235327,725.7087557223938,3.12806799187235
-69.15427159713599,725.735675381547,3.1281954456361625
-71.1540937248699,725.762348540909,3.128314513853261
-73.15391890350344,725.7887919693425,3.1284251968797303
-75.15374688677346,725.8150224351051,3.12852749504419
-77.153577433782,725.8410567058966,3.1286214086493156
-79.15341030857353,725.8669115489054,3.1287069379693793
-81.15324527971254,725.8926037308592,3.1287840832519307
-83.1530821198608,725.9181500180715,3.1288528447162234
-85.1529206053545,725.9435671764965,3.1289132225515988
-87.15276051578248,725.9688719717669,3.1289652169284836
-89.15260163356268,725.9940811692899,3.1290088279500683
-91.15244374352197,726.0192115341373,3.1290440558376647
-93.15228663246651,726.0442798316935,3.129070900233766
-95.15213008878645,726.0693028254923,3.1290893628040948
-97.15197390193039,726.0942972855347,3.1290994375258983
-99.15181786237058,726.1192799574981,3.1291011469356267
-101.15166175973353,726.144267677892,3.1290944068320186
-103.15150538777723,726.1692769445918,3.129079531278689
-105.15134852633408,726.194325319135,3.129056138141116
-107.1511911340308,726.2194160441841,3.1290399121042083
-109.15103352141746,726.2445243221241,3.129039161014668
-111.15087608670089,726.2696184269328,3.129053940516987
-113.15071921673031,726.2946674845305,3.1290842508923165
-115.1505632992068,726.3196403858076,3.129130092355235
-117.15040871749949,726.3445060840088,3.1291914651373642
-119.15025585019991,726.3692335150001,3.129268369482348
-121.15010506940666,726.3937916185853,3.1293608056426487
-123.14995673934986,726.4181493327494,3.1294687738793034
-125.14981121492453,726.4422755951585,3.129592274461436
-127.14966884024842,726.4661393427207,3.1297313076642266
-129.14952994721295,726.4897095116689,3.1298858737679573
-131.14939485403588,726.5129550375101,3.1300559730561717
-133.1492638638134,726.5358448550153,3.1302416058142466
-135.1491372630717,726.5583478982046,3.130442772327077
-137.14901532031928,726.5804331003415,3.130659472876451
-139.14889828459835,726.6020693939306,3.1308917077402274
-141.14878638403619,726.6232257107224,3.131139477188296
-143.14867982439708,726.6438709817262,3.131402781480438
-145.148578787633,726.6639741372279,3.1316816208636866
-147.1484834304349,726.6835041068184,3.131975995569067
-149.14839388278392,726.702429819427,3.1322859058083847
-151.14831024650218,726.7207202033668,3.1326113517704655
-153.14823259380347,726.7383441863874,3.1329523336186607
-155.14816096584426,726.7552706957363,3.133308851485381
-157.1480953712743,726.7714686582342,3.1336809054696935
-159.1480357847877,726.7869070003557,3.134068495632898
-161.14798214567332,726.8015546483274,3.134471621991773
-163.14793435636616,726.8153805282245,3.134890284524245
-165.14789228099798,726.8283535661236,3.135324483125492
-167.1478557439485,726.8404426881044,3.135774217752981
-169.14782452839842,726.8516168208723,3.1362394878582767
-171.14779837487302,726.8618448901304,3.1367202944846713
-173.14777697982325,726.8710958274106,3.1372166324164423
-175.14775999407365,726.8793385454013,3.1377285194468794
-177.14774702176192,726.8865420309278,3.1382558871315744
-179.1477376160214,726.8926755213546,3.1387969283682624
-181.14773122355172,726.8977323159195,3.1393290865017427
-183.14772720809302,726.9017399962127,3.13984597964158
-185.14772497431696,726.9047291746692,3.1403476074448045
-187.1477239731294,726.9067303590925,3.140833969718792
-189.1477237007914,726.9077740861491,3.1413050663438393
-191.14772369738319,726.9078908853709,-3.1414244099236237
-193.14772354544303,726.9071112886045,-3.1409838447354184
-195.14772286855967,726.905465827299,-3.140558545233322
-197.14772132997672,726.9029850330687,-3.1401485113372805
-199.14771863119284,726.899699437396,-3.139753742928671
-201.14771451056376,726.895639571579,-3.1393742398549813
-203.1477087419032,726.890835966631,-3.139010001935134
-205.14770113308415,726.8853191532035,-3.1386610289618218
-207.14769152464004,726.8791196615202,-3.13832732070841
-209.14767978836554,726.8722680213209,-3.1380088769295758
-211.14766582591807,726.8647947618136,-3.1377056973681965
-213.14764956741914,726.8567304116397,-3.1374177817559983
-215.14763097005564,726.8481054988439,-3.137145129819625
-217.147610016681,726.8389505508578,-3.1368877412816873
-219.14758671441666,726.8292960944873,-3.1366456158650444
-221.14756109325378,726.81917265591,-3.1364187532956227
-223.14753320465482,726.8086107606798,-3.136207153304095
-225.14750312015607,726.7976409337376,-3.136010815630081
-227.14747092996896,726.7862936994298,-3.135829740022892
-229.1474367415818,726.774599581531,-3.1356639262447867
-231.14740067836294,726.7625891032736,-3.135513374072803
-233.14736287816314,726.7502927873821,-3.1353780832996336
-235.14732349191667,726.7377411561116,-3.1352580537373735
-237.14728268224562,726.7249647312916,-3.135153285216649
-239.14724062206193,726.7119940343715,-3.135063777589645
-241.14719749316967,726.6988595864723,-3.134989530730867
-243.14715348486877,726.6855919084387,-3.1349305445373514
-245.14710879255688,726.6722215208946,-3.134886818931536
-247.14706361633344,726.6587789442988,-3.134858353856962
-249.14701815960228,726.6452946990127,-3.1348451492928455
-251.1469726276745,726.6317993053245,-3.1348472052081577
-253.14692722637247,726.6183232836465,-3.134864521727512
-255.1468821606294,726.60489715406,-3.1348970985191142
-257.1468376331037,726.591551438306,-3.1349449370719396
-259.1467938427424,726.5783166526356,-3.1350080322021245
-261.146750983533,726.5652233347774,-3.13508640374756
-263.1467092425479,726.5523019435701,-3.1351799782736802
-265.14666879884305,726.5395829494173,-3.1352879087710903
-267.146629736776,726.5270830738506,-3.135397031525721
-269.146592009908,726.514798692801,-3.135503330407739
-271.1465555603921,726.5027240606241,-3.1356068048492394
-273.14652033285404,726.4908535547384,-3.13570745483856
-275.14648627346213,726.4791815194242,-3.135805280329235
-277.14645333011566,726.46770230773,-3.135900281286554
-279.14642145233404,726.4564102702478,-3.135992457674786
-281.14639059122595,726.4452997581263,-3.1360818094602085
-283.1463606994374,726.4343651222667,-3.136168336610326
-285.14633173110406,726.4236007135438,-3.136252039094542
-287.1463036418037,726.4130008827505,-3.136332916883182
-289.1462763885085,726.4025599806165,-3.1364109699480047